method,t_start,h,normalized_local_error
implicit_euler,0.0,0.0001259813773733138,0.8159303145272282
implicit_euler,0.0001259813773733138,0.0001255227158535669,0.8065166162583697
implicit_euler,0.0002515040932268807,0.0001257934930926337,0.8064989186195527
implicit_euler,0.0003772975863195144,0.00012606623761401503,0.8064985955554052
implicit_euler,0.0005033638239335294,0.00012633959880236148,0.8064983040427642
implicit_euler,0.0006297034227358909,0.00012661357562781736,0.806498011840099
implicit_euler,0.0007563169983637083,0.00012688816957886497,0.8064977190648138
implicit_euler,0.0008832051679425732,0.0001271633821386469,0.8064974259824177
implicit_euler,0.0010103685500812201,0.00012743921477317626,0.8064971316687259
implicit_euler,0.0011378077648543964,0.00012771566902531717,0.8064968371300208
implicit_euler,0.0012655234338797136,0.00012799274636240607,0.8064965418857696
implicit_euler,0.0013935161802421196,0.0001282704482936331,0.8064962461981737
implicit_euler,0.0015217866285357528,0.0001285487763112742,0.8064959494336691
implicit_euler,0.001650335404847027,0.00012882773196202005,0.8064956524497217
implicit_euler,0.001779163136809047,0.00012910731672818908,0.8064953546103597
implicit_euler,0.001908270453537236,0.00012938753214679398,0.8064950560246975
implicit_euler,0.00203765798568403,0.0001296683797502073,0.8064947569513335
implicit_euler,0.0021673263654342374,0.00012994986105403523,0.8064944573488645
implicit_euler,0.0022972762264882726,0.00013023197758112474,0.8064941570244671
implicit_euler,0.0024275082040693973,0.00013051473087386314,0.8064938559338819
implicit_euler,0.0025580229349432605,0.0001307981224823113,0.8064935541822491
implicit_euler,0.0026888210574255718,0.0001310821539521126,0.8064932520248758
implicit_euler,0.0028199032113776844,0.00013136682681218334,0.8064929489630897
implicit_euler,0.0029512700381898677,0.00013165214263603656,0.8064926455518379
implicit_euler,0.0030829221808259043,0.00013193810295605282,0.8064923409874726
implicit_euler,0.003214860283781957,0.00013222470937437024,0.8064920362771124
implicit_euler,0.0033470849931563273,0.00013251196341485015,0.8064917307656804
implicit_euler,0.0034795969565711775,0.000132799866659043,0.8064914244004998
implicit_euler,0.0036123968232302205,0.00013308842069708043,0.8064911175829145
implicit_euler,0.003745485243927301,0.0001333776270901919,0.8064908099556933
implicit_euler,0.003878862871017493,0.00013366748743321756,0.8064905017671535
implicit_euler,0.00401253035845071,0.0001339580033046543,0.8064901929613798
implicit_euler,0.004146488361755365,0.00013424917629176018,0.8064898833288988
implicit_euler,0.004280737538047125,0.00013454100800343056,0.8064895734207358
implicit_euler,0.004415278546050555,0.0001348335000068224,0.8064892621104338
implicit_euler,0.004550112046057378,0.00013512665396740037,0.8064889508629509
implicit_euler,0.004685238700024778,0.00013542047143240594,0.8064886385488248
implicit_euler,0.004820659171457184,0.0001357149540478263,0.8064883255634839
implicit_euler,0.00495637412550501,0.00013601010343085567,0.8064880121499319
implicit_euler,0.005092384228935866,0.0001363059211824261,0.8064876977842824
implicit_euler,0.005228690150118292,0.00013660240895194652,0.8064873831677034
implicit_euler,0.005365292559070239,0.00013689956833381946,0.8064870674665011
implicit_euler,0.005502192127404058,0.00013719740099736068,0.8064867509193213
implicit_euler,0.005639389528401419,0.00013749590859617015,0.8064864342269514
implicit_euler,0.005776885436997589,0.00013779509272844603,0.8064861165506737
implicit_euler,0.005914680529726035,0.00013809495506815223,0.80648579828154
implicit_euler,0.006052775484794187,0.0001383954972602906,0.8064854791935494
implicit_euler,0.006191170982054478,0.00013869672097361133,0.8064851595225824
implicit_euler,0.006329867703028089,0.00013899862786103268,0.8064848390402906
implicit_euler,0.006468866330889122,0.0001393012195995266,0.8064845182909267
implicit_euler,0.0066081675504886484,0.00013960449782347405,0.8064841962693864
implicit_euler,0.0067477720483121225,0.00013990846425855977,0.8064838736727473
implicit_euler,0.006887680512570682,0.00014021312057475952,0.8064835507340662
implicit_euler,0.007027893633145442,0.00014051846842612174,0.8064832269086781
implicit_euler,0.0071684121015715635,0.00014082450951846247,0.806482902271312
implicit_euler,0.007309236611090026,0.0001411312455556965,0.8064825770519458
implicit_euler,0.0074503678566457225,0.00014143867822616514,0.8064822510125947
implicit_euler,0.007591806534871888,0.00014174680924355747,0.8064819243817177
implicit_euler,0.007733553344115445,0.00014205564030607062,0.8064815970751732
implicit_euler,0.007875608984421516,0.0001423651731237898,0.8064812690074549
implicit_euler,0.008017974157545306,0.00014267540941891033,0.8064809400917269
implicit_euler,0.008160649566964216,0.00014298635092594575,0.8064806107101451
implicit_euler,0.008303635917890162,0.00014329799935016048,0.8064802804608925
implicit_euler,0.008446933917240322,0.0001436103564370142,0.8064799497248211
implicit_euler,0.008590544273677336,0.0001439234239027313,0.8064796179400292
implicit_euler,0.008734467697580068,0.00014423720351824064,0.8064792856429831
implicit_euler,0.008878704901098308,0.00014455169701131122,0.80647895242623
implicit_euler,0.00902325659810962,0.00014486690615081455,0.8064786188257974
implicit_euler,0.009168123504260434,0.00014518283266221066,0.8064782842739986
implicit_euler,0.009313306336922645,0.00014549947832660955,0.8064779489897934
implicit_euler,0.009458805815249254,0.00014581684491021298,0.8064776128758189
implicit_euler,0.009604622660159467,0.0001461349341927813,0.8064772763083181
implicit_euler,0.009750757594352248,0.00014645374792473902,0.8064769391886663
implicit_euler,0.009897211342276988,0.00014677328787002578,0.8064766006235562
implicit_euler,0.010043984630147013,0.00014709355587867907,0.8064762619381713
implicit_euler,0.010191078186025692,0.00014741455368498003,0.8064759222370306
implicit_euler,0.010338492739710672,0.00014773628310954523,0.8064755820517847
implicit_euler,0.010486229022820218,0.00014805874592923284,0.8064752408005028
implicit_euler,0.01063428776874945,0.00014838194397907324,0.806474899013801
implicit_euler,0.010782669712728524,0.00014870587905028293,0.8064745564256837
implicit_euler,0.010931375591778807,0.00014903055296336398,0.8064742132472361
implicit_euler,0.01108040614474217,0.00014935596752419823,0.8064738690498476
implicit_euler,0.011229762112266369,0.00014968212458321868,0.8064735243624818
implicit_euler,0.011379444236849588,0.00015000902594679635,0.8064731787540802
implicit_euler,0.011529453262796384,0.0001503366734662004,0.8064728325926269
implicit_euler,0.011679789936262584,0.00015066506896341432,0.806472485444022
implicit_euler,0.011830455005225999,0.0001509942143058541,0.806472137514125
implicit_euler,0.011981449219531853,0.00015132411134679766,0.8064717891695962
implicit_euler,0.01213277333087865,0.0001516547619100552,0.8064714399725497
implicit_euler,0.012284428092788706,0.00015198616786543662,0.8064710896433837
implicit_euler,0.012436414260654142,0.00015231833111425085,0.8064707388684087
implicit_euler,0.012588732591768393,0.00015265125349820524,0.8064703873669514
implicit_euler,0.012741383845266598,0.0001529849368904282,0.806470035017735
implicit_euler,0.012894368782157026,0.0001533193831806147,0.8064696818598095
implicit_euler,0.013047688165337641,0.0001536545942599013,0.8064693279314418
implicit_euler,0.013201342759597542,0.00015399057202091296,0.8064689734322151
implicit_euler,0.013355333331618455,0.00015432731834230488,0.8064686179123879
implicit_euler,0.01350966064996076,0.0001546648351508275,0.8064682617315817
implicit_euler,0.013664325485111588,0.00015500312434403932,0.8064679047621706
implicit_euler,0.013819328609455627,0.00015534218783686514,0.8064675470377526
implicit_euler,0.013974670797292492,0.0001556820275461935,0.8064671884281587
implicit_euler,0.014130352824838686,0.00015602264540668861,0.8064668294540611
implicit_euler,0.014286375470245374,0.0001563640433078512,0.8064664690047836
implicit_euler,0.014442739513553226,0.00015670622325197892,0.8064661084152076
implicit_euler,0.014599445736805204,0.0001570491871172395,0.8064657465712989
implicit_euler,0.014756494923922444,0.00015739293689523946,0.8064653841543684
implicit_euler,0.014913887860817683,0.00015773747451663933,0.8064650210282037
implicit_euler,0.015071625335334323,0.0001580828019305848,0.8064646568909104
implicit_euler,0.015229708137264908,0.00015842892112112074,0.8064642922594643
implicit_euler,0.015388137058386028,0.00015877583402694288,0.8064639266657366
implicit_euler,0.015546912892412971,0.00015912354263802712,0.8064635602967832
implicit_euler,0.015706036435051,0.00015947204893138056,0.8064631930100928
implicit_euler,0.01586550848398238,0.00015982135490350338,0.8064628249913296
implicit_euler,0.016025329838885882,0.0001601714625379773,0.8064624560959105
implicit_euler,0.01618550130142386,0.00016052237383814422,0.8064620866732369
implicit_euler,0.016346023675262004,0.00016087409077801193,0.8064617162463735
implicit_euler,0.016506897766040016,0.00016122661538448685,0.806461345162966
implicit_euler,0.016668124381424503,0.00016157994965529734,0.8064609729427468
implicit_euler,0.0168297043310798,0.0001619340956417678,0.8064606002633977
implicit_euler,0.016991638426721568,0.00016228905533284196,0.8064602266424052
implicit_euler,0.01715392748205441,0.00016264483077134406,0.8064598520927039
implicit_euler,0.017316572312825754,0.0001630014240044629,0.8064594767926923
implicit_euler,0.017479573736830217,0.0001633588370669875,0.8064591009205444
implicit_euler,0.017642932573897204,0.0001637170719811648,0.8064587236541476
implicit_euler,0.01780664964587837,0.0001640761308582539,0.8064583461689514
implicit_euler,0.017970725776736623,0.00016443601569582356,0.8064579674734659
implicit_euler,0.018135161792432446,0.00016479672859785396,0.8064575882425532
implicit_euler,0.0182999585210303,0.00016515827160522648,0.806457208149026
implicit_euler,0.018465116792635527,0.0001655206467978329,0.806456826863277
implicit_euler,0.01863063743943336,0.00016588385629518962,0.8064564452269729
implicit_euler,0.01879652129572855,0.00016624790213611365,0.8064560624061515
implicit_euler,0.018962769197864663,0.00016661278645086972,0.8064556787381926
implicit_euler,0.019129381984315533,0.00016697851134088101,0.8064552945609907
implicit_euler,0.019296360495656414,0.00016734507887829556,0.8064549093712423
implicit_euler,0.01946370557453471,0.00016771249119309356,0.8064545229994617
implicit_euler,0.019631418065727803,0.00016808075043889953,0.8064541364550796
implicit_euler,0.019799498816166702,0.0001684498586700528,0.8064537485561951
implicit_euler,0.019967948674836755,0.0001688198180698451,0.806453359973633
implicit_euler,0.0201367684929066,0.0001691906307575465,0.8064529703652902
implicit_euler,0.020305959123664147,0.0001695622988941263,0.8064525802331727
implicit_euler,0.020475521422558273,0.0001699348245937475,0.8064521892330024
implicit_euler,0.02064545624715202,0.00017030821001255345,0.8064517970179962
implicit_euler,0.020815764457164574,0.00017068245734934775,0.8064514044276574
implicit_euler,0.020986446914513922,0.00017105756872021552,0.8064510104342937
implicit_euler,0.021157504483234137,0.00017143354635600766,0.8064506157063278
implicit_euler,0.021328938029590145,0.00017181039242290114,0.8064502205734794
implicit_euler,0.021500748422013046,0.00017218810905778384,0.8064498241723997
implicit_euler,0.02167293653107083,0.00017256669849554165,0.8064494270002521
implicit_euler,0.02184550322956637,0.00017294616292419518,0.806449028872132
implicit_euler,0.022018449392490567,0.0001733265045576471,0.8064486299433206
implicit_euler,0.022191775897048214,0.00017370772559926334,0.8064482303687611
implicit_euler,0.022365483622647477,0.00017408982824175523,0.8064478294464218
implicit_euler,0.022539573450889232,0.00017447281475971646,0.8064474280137259
implicit_euler,0.02271404626564895,0.0001748566873435789,0.8064470257090925
implicit_euler,0.022888902952992528,0.0001752414482289015,0.8064466221683472
implicit_euler,0.02306414440122143,0.0001756270996971128,0.8064462182287838
implicit_euler,0.023239771500918542,0.00017601364394483413,0.8064458128364772
implicit_euler,0.023415785144863376,0.00017640108328975668,0.8064454070000022
implicit_euler,0.023592186228153133,0.00017678941994584557,0.8064450000062651
implicit_euler,0.02376897564809898,0.0001771786562112694,0.8064445925194457
implicit_euler,0.023946154304310248,0.0001775687943176528,0.8064441836499998
implicit_euler,0.0241237230986279,0.00017795983660072803,0.806443774233696
implicit_euler,0.02430168293522863,0.00017835178531065005,0.8064433638966472
implicit_euler,0.02448003472053928,0.0001787446427450462,0.8064429520889942
implicit_euler,0.024658779363284325,0.00017913841126905236,0.8064425403398408
implicit_euler,0.024837917774553377,0.00017953309308457385,0.8064421268836819
implicit_euler,0.02501745086763795,0.00017992869059598945,0.8064417129020479
implicit_euler,0.02519737955823394,0.00018032520608282643,0.8064412980143325
implicit_euler,0.025377704764316767,0.00018072264187338552,0.8064408821856323
implicit_euler,0.025558427406190153,0.0001811210003064001,0.8064404652055502
implicit_euler,0.025739548406496553,0.00018152028375084672,0.8064400473854771
implicit_euler,0.0259210686902474,0.00018192049454737388,0.8064396290371455
implicit_euler,0.026102989184794773,0.0001823216350078996,0.8064392094232384
implicit_euler,0.026285310819802673,0.0001827237075340861,0.8064387888526263
implicit_euler,0.02646803452733676,0.00018312671449951037,0.8064383674593483
implicit_euler,0.02665116124183627,0.0001835306582691626,0.8064379450262156
implicit_euler,0.026834691900105432,0.0001839355412393863,0.8064375218608166
implicit_euler,0.027018627441344818,0.00018434136577816576,0.8064370977438123
implicit_euler,0.027202968807122984,0.00018474813428514397,0.8064366726298122
implicit_euler,0.027387716941408128,0.00018515584917191616,0.8064362464722614
implicit_euler,0.027572872790580044,0.0001855645128622796,0.8064358195759488
implicit_euler,0.027758437303442324,0.0001859741277517729,0.8064353913638181
implicit_euler,0.027944411431194097,0.0001863846963092268,0.8064349626681878
implicit_euler,0.028130796127503323,0.00018679622091429676,0.8064345329097089
implicit_euler,0.02831759234841762,0.0001872087040202669,0.8064341022132872
implicit_euler,0.028504801052437887,0.00018762214807289262,0.806433670349157
implicit_euler,0.02869242320051078,0.0001880365555516142,0.8064332374402172
implicit_euler,0.028880459756062394,0.00018845192892865195,0.8064328041413217
implicit_euler,0.029068911684991046,0.00018886827060660485,0.8064323695102688
implicit_euler,0.02925777995559765,0.00018928558310502344,0.8064319340223162
implicit_euler,0.029447065538702674,0.00018970386889496232,0.8064314972638839
implicit_euler,0.029636769407597637,0.0001901231305031295,0.8064310597094758
implicit_euler,0.029826892538100766,0.0001905433704075532,0.8064306214779535
implicit_euler,0.03001743590850832,0.0001909645910790833,0.8064301821520646
implicit_euler,0.030208400499587403,0.0001913867950448754,0.806429741490456
implicit_euler,0.030399787294632278,0.000191809984868032,0.8064293005018208
implicit_euler,0.03059159727950031,0.00019223416299897142,0.8064288580497142
implicit_euler,0.03078383144249928,0.000192659332030342,0.8064284146046974
implicit_euler,0.030976490774529623,0.00019308549450616774,0.8064279704590377
implicit_euler,0.03116957626903579,0.00019351265294264425,0.8064275251869645
implicit_euler,0.031363088921978435,0.00019394080991410462,0.8064270788990684
implicit_euler,0.03155702973189254,0.00019436996798898737,0.8064266317054399
implicit_euler,0.03175139969988153,0.0001948001297297497,0.8064261833554683
implicit_euler,0.03194619982961128,0.00019523129773641595,0.8064257343175107
implicit_euler,0.03214143112734769,0.00019566347455972355,0.806425284158715
implicit_euler,0.032337094601907417,0.00019609666281006355,0.806424832443388
implicit_euler,0.03253319126471748,0.00019653086515847296,0.8064243807217178
implicit_euler,0.03272972212987595,0.00019696608409468241,0.8064239272920926
implicit_euler,0.032926688213970635,0.00019740232232305643,0.806423473342807
implicit_euler,0.03312409053629369,0.0001978395824104584,0.8064230178904883
implicit_euler,0.03332193011870415,0.00019827786705158695,0.80642256176149
implicit_euler,0.03352020798575574,0.00019871717884741014,0.8064221045130259
implicit_euler,0.03371892516460315,0.0001991575204607493,0.8064216462449171
implicit_euler,0.0339180826850639,0.0001995988945497837,0.8064211870564213
implicit_euler,0.03411768157961368,0.00020004130376797408,0.8064207264996152
implicit_euler,0.034317722883381654,0.00020048475083198763,0.8064202654003351
implicit_euler,0.03451820763421364,0.00020092923836365073,0.806419802943913
implicit_euler,0.03471913687257729,0.00020137476909366098,0.8064193399557499
implicit_euler,0.034920511641670954,0.00020182134565751436,0.8064188752517375
implicit_euler,0.03512233298732847,0.0002022689708463879,0.8064184098388212
implicit_euler,0.035324601958174856,0.000202717647333428,0.8064179436276703
implicit_euler,0.035527319605508284,0.0002031673778104537,0.8064174759771431
implicit_euler,0.03573048698331874,0.0002036181650578034,0.8064170075277539
implicit_euler,0.03593410514837654,0.0002040700117830474,0.8064165376351751
implicit_euler,0.03613817516015959,0.00020452292078308038,0.8064160674911229
implicit_euler,0.03634269808094267,0.00020497689471168923,0.8064155955289384
implicit_euler,0.03654767497565436,0.00020543193642924562,0.8064151233080051
implicit_euler,0.036753106912083604,0.00020588804860587756,0.8064146490720568
implicit_euler,0.03695899496068948,0.0002063452341435068,0.8064141741962275
implicit_euler,0.03716534019483299,0.00020680349577684165,0.8064136985815528
implicit_euler,0.03737214369060983,0.00020726283626086583,0.8064132217573834
implicit_euler,0.037579406526870696,0.00020772325841888345,0.8064127434352971
implicit_euler,0.03778712978528958,0.00020818476511971773,0.8064122648080327
implicit_euler,0.0379953145504093,0.00020864735908648901,0.8064117844740127
implicit_euler,0.038203961909495786,0.00020911104323133312,0.8064113032539805
implicit_euler,0.03841307295272712,0.0002095758203686654,0.8064108210414551
implicit_euler,0.038622648773095784,0.00021004169333475875,0.8064103375423172
implicit_euler,0.03883269046643054,0.00021050866501241827,0.8064098535780748
implicit_euler,0.03904319913144296,0.00021097673818552126,0.8064093679211877
implicit_euler,0.03925417586962848,0.00021144591580643524,0.806408881204691
implicit_euler,0.03946562178543492,0.00021191620075342726,0.8064083936896704
implicit_euler,0.039677537986188345,0.000212387595878695,0.8064079048890902
implicit_euler,0.03988992558206704,0.00021286010410677403,0.806407415248913
implicit_euler,0.040102785686173814,0.00021333372831184444,0.8064069240915732
implicit_euler,0.04031611941448566,0.00021380847146609122,0.8064064322363139
implicit_euler,0.04052992788595175,0.00021428433644180706,0.8064059388149659
implicit_euler,0.04074421222239356,0.0002147613262349357,0.8064054450220726
implicit_euler,0.04095897354862849,0.00021523944369109677,0.8064049494223766
implicit_euler,0.04117421299231959,0.00021571869185556258,0.8064044532098795
implicit_euler,0.04138993168417515,0.00021619907362301766,0.806403955509236
implicit_euler,0.04160613075779817,0.00021668059201376128,0.8064034569497665
implicit_euler,0.04182281134981193,0.0002171632499724796,0.8064029570293144
implicit_euler,0.04203997459978441,0.0002176470505200201,0.8064024563768167
implicit_euler,0.04225762165030443,0.00021813199660115912,0.8064019544874712
implicit_euler,0.04247575364690559,0.00021861809123742415,0.8064014510427105
implicit_euler,0.042694371738143014,0.0002191053375025162,0.8064009470488267
implicit_euler,0.04291347707564553,0.00021959373834248147,0.806400441807337
implicit_euler,0.04313307081398801,0.00022008329680682504,0.8063999348057006
implicit_euler,0.043353154110794836,0.0002205740160241762,0.8063994276198588
implicit_euler,0.04357372812681901,0.00022106589891681544,0.8063989187861211
implicit_euler,0.04379479402573583,0.00022155894861590475,0.8063984087386257
implicit_euler,0.04401635297435173,0.0002220531682024171,0.8063978977217373
implicit_euler,0.04423840614255415,0.00022254856073271323,0.8063973854071843
implicit_euler,0.04446095470328686,0.00022304512931736742,0.8063968724195701
implicit_euler,0.04468399983260423,0.00022354287698966857,0.8063963572813834
implicit_euler,0.0449075427095939,0.00022404180699664433,0.8063958423365389
implicit_euler,0.045131584516590544,0.00022454192226938757,0.8063953251473648
implicit_euler,0.04535612643885993,0.0002250432260866228,0.8063948074844577
implicit_euler,0.045581169664946554,0.00022554572149001417,0.8063942880531694
implicit_euler,0.04580671538643657,0.00022604941171109477,0.8063937678584119
implicit_euler,0.04603276479814766,0.0002265542998502179,0.8063932463694878
implicit_euler,0.04625931909799788,0.000227060389091302,0.8063927236300226
implicit_euler,0.04648637948708918,0.00022756768262157528,0.8063922000682813
implicit_euler,0.04671394716971076,0.0002280761835771819,0.8063916749557795
implicit_euler,0.04694202335328794,0.00022858589520649564,0.8063911489116468
implicit_euler,0.047170609248494436,0.00022909682067982773,0.8063906215901838
implicit_euler,0.04739970606917426,0.00022960896322588714,0.8063900928366723
implicit_euler,0.04762931503240015,0.0002301223261050936,0.8063895630757612
implicit_euler,0.047859437358505244,0.00023063691252697693,0.8063890325389953
implicit_euler,0.04809007427103222,0.00023115272567724582,0.806388500487591
implicit_euler,0.04832122699670947,0.0002316697688568084,0.806387966567104
implicit_euler,0.048552896765566275,0.00023218804542765592,0.8063874325591999
implicit_euler,0.04878508481099393,0.00023270755850526847,0.8063868967492248
implicit_euler,0.0490177923694992,0.0002332283114613587,0.806386359751586
implicit_euler,0.04925102068096056,0.00023375030758911175,0.8063858219873632
implicit_euler,0.04948477098854967,0.0002342735501303303,0.8063852823170591
implicit_euler,0.04971904453868,0.00023479804250194775,0.8063847419395389
implicit_euler,0.04995384258118195,0.00023532378795674408,0.8063841999068616
implicit_euler,0.05018916636913869,0.00023585078989536018,0.8063836570275409
implicit_euler,0.05042501715903405,0.00023637905161043304,0.8063831129369999
implicit_euler,0.050661396210644485,0.0002369085764576534,0.8063825674641311
implicit_euler,0.05089830478710214,0.00023743936782787134,0.8063820208286796
implicit_euler,0.05113574415493001,0.00023797142908977414,0.8063814728573538
implicit_euler,0.051373715584019784,0.00023850476364766643,0.8063809237684341
implicit_euler,0.05161222034766745,0.00023903937488375243,0.8063803733863758
implicit_euler,0.0518512597225512,0.00023957526621631864,0.8063798217308978
implicit_euler,0.05209083498876752,0.00024011244107097207,0.806379269018008
implicit_euler,0.052330947429838494,0.00024065090285135815,0.8063787146738891
implicit_euler,0.05257159833268985,0.0002411906550569623,0.8063781595045834
implicit_euler,0.052812788987746814,0.00024173170107726766,0.8063776025382859
implicit_euler,0.05305452068882408,0.0002422740444575286,0.8063770449759774
implicit_euler,0.05329679473328161,0.00024281768857326025,0.8063764856444586
implicit_euler,0.05353961242185487,0.00024336263698658545,0.8063759253482531
implicit_euler,0.053782975058841456,0.00024390889314906267,0.8063753640999887
implicit_euler,0.05402688395199052,0.0002444564605204383,0.8063748005199816
implicit_euler,0.05427134041251096,0.00024500534278017877,0.8063742364049469
implicit_euler,0.054516345755291136,0.000245555543346182,0.8063736711685201
implicit_euler,0.05476190129863732,0.0002461070657354611,0.8063731040213767
implicit_euler,0.05500800836437278,0.00024665991359616724,0.8063725361650821
implicit_euler,0.055254668277968946,0.0002472140904038536,0.806371967007828
implicit_euler,0.0555018823683728,0.0002477695997349025,0.806371396154104
implicit_euler,0.0557496519681077,0.00024832644523743036,0.806370824206238
implicit_euler,0.05599797841334513,0.0002488846304779524,0.8063702509669479
implicit_euler,0.056246863043823085,0.00024944415906407585,0.8063696764375188
implicit_euler,0.05649630720288716,0.0002500050346141078,0.8063691004175445
implicit_euler,0.05674631223750127,0.00025056726078841185,0.8063685237090304
implicit_euler,0.05699687949828968,0.00025113084113370654,0.8063679449046912
implicit_euler,0.05724801033942339,0.00025169577942648486,0.8063673652064992
implicit_euler,0.05749970611884987,0.0002522620792674152,0.8063667842089878
implicit_euler,0.05775196819811729,0.00025282974433121774,0.8063662017055065
implicit_euler,0.058004797942448505,0.0002533987783362099,0.8063656178911792
implicit_euler,0.058258196720784715,0.00025396918498143267,0.8063650329609227
implicit_euler,0.05851216590576615,0.0002545409679463734,0.8063644467049595
implicit_euler,0.05876670687371252,0.0002551141309546784,0.8063638585067886
implicit_euler,0.0590218210046672,0.000255688677839018,0.8063632699748977
implicit_euler,0.05927750968250622,0.00025626461218872937,0.806362679478775
implicit_euler,0.05953377429469495,0.0002568419378627604,0.806362087409831
implicit_euler,0.05979061623255771,0.0002574206586699254,0.8063614945665537
implicit_euler,0.06004803689122763,0.0002580007783031177,0.8063608999193355
implicit_euler,0.06030603766953075,0.00025858230063100646,0.8063603044688206
implicit_euler,0.06056461997016176,0.0002591652293736993,0.806359706977447
implicit_euler,0.060823785199535456,0.0002597495684614204,0.8063591084449523
implicit_euler,0.061083534767996876,0.0002603353216756865,0.806358508649365
implicit_euler,0.06134387008967256,0.0002609224928451434,0.806357907570992
implicit_euler,0.061604792582517706,0.00026151108581325133,0.8063573047799169
implicit_euler,0.06186630366833096,0.00026210110450498175,0.8063567010718103
implicit_euler,0.06212840477283594,0.0002626925527280666,0.8063560951953436
implicit_euler,0.062391097325564006,0.00026328543450570424,0.8063554885595775
implicit_euler,0.06265438276006971,0.00026387975364364213,0.8063548805252179
implicit_euler,0.06291826251371335,0.0002644755140635141,0.8063542710656838
implicit_euler,0.06318273802777687,0.00026507271970337143,0.8063536599475507
implicit_euler,0.06344781074748024,0.0002656713745518291,0.8063530475531493
implicit_euler,0.06371348212203207,0.00026627148254687594,0.8063524340592529
implicit_euler,0.06397975360457894,0.0002668730476092229,0.8063518188170521
implicit_euler,0.06424662665218817,0.00026747607377895777,0.8063512022064797
implicit_euler,0.06451410272596712,0.0002680805650457502,0.8063505844013484
implicit_euler,0.06478218329101287,0.00026868652538257487,0.8063499647475545
implicit_euler,0.06505086981639545,0.00026929395888364294,0.8063493442439283
implicit_euler,0.06532016377527909,0.0002699028694890526,0.8063487220268246
implicit_euler,0.06559006664476814,0.0002705132612953187,0.8063480982653174
implicit_euler,0.06586057990606346,0.0002711251383834684,0.8063474733358726
implicit_euler,0.06613170504444693,0.0002717385047838472,0.8063468463682147
implicit_euler,0.06640344354923078,0.0002723533646859094,0.8063462189842937
implicit_euler,0.06667579691391669,0.0002729697220181515,0.8063455894793358
implicit_euler,0.06694876663593484,0.0002735875810093852,0.806344958433548
implicit_euler,0.06722235421694422,0.00027420694580354565,0.8063443264286128
implicit_euler,0.06749656116274777,0.0002748278204583593,0.8063436925854442
implicit_euler,0.06777138898320613,0.0002754502091938116,0.806343057483674
implicit_euler,0.06804683919239994,0.00027607411614406774,0.806342420658016
implicit_euler,0.06832291330854401,0.00027669954553580234,0.8063417824780519
implicit_euler,0.06859961285407981,0.00027732650154550786,0.806341143104186
implicit_euler,0.06887693935562532,0.0002779549883348692,0.806340502066779
implicit_euler,0.06915489434396019,0.0002785850101593573,0.8063398595233495
implicit_euler,0.06943347935411955,0.00027921657126060706,0.8063392154207996
implicit_euler,0.06971269592538015,0.0002798496759027075,0.8063385701256683
implicit_euler,0.06999254560128286,0.0002804843282993158,0.8063379229516433
implicit_euler,0.07027302992958218,0.00028112053279658045,0.8063372746845063
implicit_euler,0.07055415046237876,0.00028175829361731797,0.8063366244237987
implicit_euler,0.07083590875599607,0.00028239761515475026,0.8063359733768213
implicit_euler,0.07111830637115082,0.0002830385016044795,0.8063353202173059
implicit_euler,0.0714013448727553,0.00028368095740771704,0.8063346657289854
implicit_euler,0.07168502583016302,0.00028432498688206465,0.8063340100622564
implicit_euler,0.07196935081704509,0.00028497059433182925,0.8063333520946631
implicit_euler,0.07225432141137691,0.0002856177842732177,0.8063326934574637
implicit_euler,0.07253993919565013,0.00028626656094786485,0.8063320326007045
implicit_euler,0.072826205756598,0.0002869169288855361,0.8063313707315058
implicit_euler,0.07311312268548353,0.00028756889241569883,0.8063307073580314
implicit_euler,0.07340069157789923,0.00028822245596873963,0.8063300419852661
implicit_euler,0.07368891403386797,0.0002888776240775881,0.8063293751814988
implicit_euler,0.07397779165794556,0.0002895344011878964,0.8063287073028659
implicit_euler,0.07426732605913346,0.0002901927916950514,0.8063280374237943
implicit_euler,0.07455751885082851,0.00029085280017474013,0.8063273663247741
implicit_euler,0.07484837165100325,0.0002915144310763895,0.8063266932899739
implicit_euler,0.07513988608207964,0.0002921776889928118,0.8063260188851955
implicit_euler,0.07543206377107245,0.00029284257842893124,0.8063253428196305
implicit_euler,0.07572490634950138,0.00029350910395661844,0.8063246654442072
implicit_euler,0.076018415453458,0.00029417727009821426,0.8063239862506724
implicit_euler,0.07631259272355621,0.00029484708148301564,0.8063233055879443
implicit_euler,0.07660743980503923,0.00029551854269126154,0.8063226233747499
implicit_euler,0.07690295834773049,0.0002961916583324453,0.8063219395283818
implicit_euler,0.07719915000606294,0.0002968664330458698,0.8063212539647285
implicit_euler,0.0774960164391088,0.0002975428715010775,0.8063205672459635
implicit_euler,0.07779355931060988,0.0002982209782785572,0.8063198782066521
implicit_euler,0.07809178028888844,0.00029890075818884976,0.8063191884874816
implicit_euler,0.07839068104707729,0.00029958221575375477,0.8063184962706467
implicit_euler,0.07869026326283104,0.00030026535584687375,0.8063178029804783
implicit_euler,0.07899052861867792,0.00030095018309243826,0.8063171080938785
implicit_euler,0.07929147880177036,0.0003016367022266181,0.8063164110844396
implicit_euler,0.07959311550399698,0.0003023249180993115,0.8063157129438775
implicit_euler,0.07989544042209629,0.0003030148353900669,0.8063150129266551
implicit_euler,0.08019845525748635,0.0003037064589331423,0.806314311371725
implicit_euler,0.0805021617164195,0.0003043997935145565,0.806313608400424
implicit_euler,0.08080656150993405,0.0003050948439124457,0.8063129034790174
implicit_euler,0.0811116563538465,0.00030579161502120034,0.8063121971622643
implicit_euler,0.0814174479688677,0.00030649011164571305,0.8063114889133554
implicit_euler,0.08172393808051341,0.0003071903387081715,0.8063107788485048
implicit_euler,0.08203112841922158,0.0003078923011246848,0.8063100677402777
implicit_euler,0.08233902072034627,0.0003085960036793428,0.8063093548290082
implicit_euler,0.08264761672402561,0.000309301451316607,0.8063086400088948
implicit_euler,0.08295691817534222,0.00031000864901724323,0.8063079233922898
implicit_euler,0.08326692682435946,0.00031071760175657714,0.8063072053107749
implicit_euler,0.08357764442611604,0.0003114283144620422,0.8063064856561746
implicit_euler,0.08388907274057808,0.0003121407920975011,0.8063057640985253
implicit_euler,0.08420121353267558,0.0003128550397067248,0.8063050409666789
implicit_euler,0.0845140685723823,0.00031357106228589726,0.8063043161485229
implicit_euler,0.0848276396346682,0.0003142888648690473,0.8063035896407842
implicit_euler,0.08514192849953725,0.00031500845250698184,0.8063028615495904
implicit_euler,0.08545693695204423,0.0003157298302459838,0.8063021313166894
implicit_euler,0.08577266678229022,0.0003164530032579854,0.8063013999306254
implicit_euler,0.0860891197855482,0.000317177976537672,0.8063006662771627
implicit_euler,0.08640629776208587,0.0003179047553148323,0.8062999313440993
implicit_euler,0.0867242025174007,0.00031863334464159176,0.8062991944566698
implicit_euler,0.0870428358620423,0.000319363749719484,0.8062984559364692
implicit_euler,0.08736219961176178,0.0003200959757032884,0.8062977156603609
implicit_euler,0.08768229558746507,0.0003208300277888626,0.8062969736149436
implicit_euler,0.08800312561525393,0.000321565911191507,0.8062962298971234
implicit_euler,0.08832469152644544,0.0003223036311241073,0.8062954844915337
implicit_euler,0.08864699515756955,0.00032304319281943605,0.8062947370466544
implicit_euler,0.08897003835038898,0.0003237846015977236,0.8062939879908301
implicit_euler,0.0892938229519867,0.0003245278627105469,0.8062932371937264
implicit_euler,0.08961835081469725,0.0003252729814527261,0.8062924847472849
implicit_euler,0.08994362379614998,0.0003260199631175825,0.8062917302943888
implicit_euler,0.09026964375926756,0.0003267688130879076,0.8062909742606658
implicit_euler,0.09059641257235547,0.0003275195366778255,0.8062902163986497
implicit_euler,0.0909239321090333,0.00032827213926887866,0.8062894566835258
implicit_euler,0.09125220424830217,0.00032902662626524415,0.8062886950893027
implicit_euler,0.09158123087456742,0.0003297830030941362,0.8062879319266067
implicit_euler,0.09191101387766155,0.00033054127513687526,0.8062871669426499
implicit_euler,0.09224155515279843,0.0003313014478439902,0.8062863998824852
implicit_euler,0.09257285660064242,0.0003320635267363703,0.8062856313924115
implicit_euler,0.09290492012737879,0.0003328275172198164,0.8062848605379145
implicit_euler,0.0932377476445986,0.000333593424910697,0.8062840886421591
implicit_euler,0.0935713410695093,0.00033436125517008475,0.8062833142016869
implicit_euler,0.09390570232467939,0.00033513101368806697,0.806282538199298
implicit_euler,0.09424083333836746,0.0003359027059695596,0.8062817603728497
implicit_euler,0.09457673604433701,0.00033667633759190685,0.8062809807986182
implicit_euler,0.09491341238192892,0.00033745191413478426,0.8062801990974404
implicit_euler,0.0952508642960637,0.00033822944127559484,0.8062794159113935
implicit_euler,0.0955890937373393,0.00033900892457575105,0.8062786306314748
implicit_euler,0.09592810266191505,0.0003397903697427984,0.8062778435568739
implicit_euler,0.09626789303165785,0.00034057378244020664,0.8062770545305921
implicit_euler,0.09660846681409806,0.00034135916838320957,0.8062762637364392
implicit_euler,0.09694982598248127,0.0003421465332669599,0.8062754707863977
implicit_euler,0.09729197251574823,0.0003429358828878071,0.8062746764337698
implicit_euler,0.09763490839863603,0.00034372722290097746,0.8062738798306787
implicit_euler,0.09797863562153701,0.0003445205591608991,0.8062730816146256
implicit_euler,0.09832315618069791,0.0003453158974052878,0.8062722812774084
implicit_euler,0.0986684720781032,0.00034611324349954897,0.8062714789965972
implicit_euler,0.09901458532160275,0.00034691260329057505,0.8062706748344786
implicit_euler,0.09936149792489332,0.0003477139826312259,0.806269868967499
implicit_euler,0.09970921190752455,0.0003485173873555708,0.8062690609959282
implicit_euler,0.10005772929488012,0.0003493228234033585,0.8062682510935592
implicit_euler,0.10040705211828348,0.00035013029669651863,0.8062674392030859
implicit_euler,0.10075718241498,0.0003509398131891356,0.8062666256122458
implicit_euler,0.10110812222816913,0.00035175137879235596,0.8062658099153439
implicit_euler,0.10145987360696149,0.00035256499952539266,0.8062649922823125
implicit_euler,0.10181243860648688,0.00035338068139044443,0.8062641726511008
implicit_euler,0.10216581928787732,0.0003541984304233081,0.8062633511900712
implicit_euler,0.10252001771830063,0.0003550182526428497,0.8062625276031197
implicit_euler,0.10287503597094348,0.00035584015415321413,0.8062617021723699
implicit_euler,0.1032308761250967,0.00035666414101670485,0.806260874831304
implicit_euler,0.1035875402661134,0.0003574902193304169,0.8062600453956501
implicit_euler,0.10394503048544382,0.0003583183952527019,0.8062592137957169
implicit_euler,0.10430334888069652,0.0003591486749781603,0.8062583804266091
implicit_euler,0.10466249755567468,0.00035998106463415447,0.8062575451006376
implicit_euler,0.10502247862030883,0.0003608155704102334,0.8062567077449285
implicit_euler,0.10538329419071907,0.00036165219853301345,0.8062558682851846
implicit_euler,0.10574494638925208,0.0003624909552666644,0.806255026762675
implicit_euler,0.10610743734451875,0.0003633318468872493,0.8062541833348023
implicit_euler,0.106470769191406,0.00036417487965639816,0.8062533378068922
implicit_euler,0.1068349440710624,0.0003650200599006753,0.8062524904515157
implicit_euler,0.10719996413096307,0.0003658673939061913,0.8062516407193641
implicit_euler,0.10756583152486926,0.00036671688810482883,0.8062507891154163
implicit_euler,0.10793254841297409,0.0003675685488355035,0.8062499356750765
implicit_euler,0.10830011696180959,0.00036842238245014813,0.8062490798440448
implicit_euler,0.10866853934425974,0.00036927839544875773,0.8062482220073837
implicit_euler,0.1090378177397085,0.0003701365942653384,0.8062473623147093
implicit_euler,0.10940795433397384,0.0003709969853211009,0.806246500324778
implicit_euler,0.10977895131929494,0.00037185957516043533,0.8062456364205761
implicit_euler,0.11015081089445537,0.0003727243702616456,0.8062447701575992
implicit_euler,0.11052353526471702,0.00037359137722769997,0.8062439021538544
implicit_euler,0.11089712664194472,0.00037446060254078817,0.8062430319622524
implicit_euler,0.1112715872444855,0.0003753320528086662,0.8062421593699315
implicit_euler,0.11164691929729417,0.0003762057347112685,0.8062412851117546
implicit_euler,0.11202312503200544,0.0003770816547797734,0.8062404083797357
implicit_euler,0.11240020668678521,0.0003779598197562878,0.8062395296696804
implicit_euler,0.1127781665065415,0.00037884023628986796,0.8062386488830867
implicit_euler,0.11315700674283137,0.0003797229110751865,0.8062377659198715
implicit_euler,0.11353672965390656,0.0003806078508532401,0.8062368807976548
implicit_euler,0.1139173375047598,0.00038149506238385755,0.8062359935329879
implicit_euler,0.11429883256714365,0.0003823845524460606,0.8062351042608046
implicit_euler,0.11468121711958972,0.0003832763278098644,0.8062342123979142
implicit_euler,0.11506449344739958,0.00038417039540716846,0.8062333189136898
implicit_euler,0.11544866384280675,0.000385066761962663,0.8062324228633606
implicit_euler,0.11583373060476941,0.00038596543444938125,0.8062315248560619
implicit_euler,0.11621969603921879,0.0003868664197186483,0.8062306246620735
implicit_euler,0.11660656245893744,0.000387769724700171,0.8062297220495709
implicit_euler,0.11699433218363761,0.000388675356403273,0.8062288173859018
implicit_euler,0.11738300754004088,0.00038958332177291277,0.8062279106776654
implicit_euler,0.1177725908618138,0.00039049362777603125,0.8062270014484278
implicit_euler,0.11816308448958983,0.00039140628151894397,0.8062260903038763
implicit_euler,0.11855449077110877,0.00039232128998543947,0.8062251765234454
implicit_euler,0.11894681206109421,0.00039323866035864685,0.806224261073656
implicit_euler,0.11934005072145286,0.00039415839961073895,0.8062233429892196
implicit_euler,0.1197342091210636,0.00039508051497359753,0.8062224228730045
implicit_euler,0.1201292896360372,0.0003960050135565635,0.8062215002390262
implicit_euler,0.12052529464959376,0.00039693190261282096,0.806220575568098
implicit_euler,0.12092222655220658,0.00039786118930233705,0.8062196487350414
implicit_euler,0.12132008774150892,0.00039879288084045117,0.8062187193700455
implicit_euler,0.12171888062234937,0.0003997269845590068,0.8062177878301061
implicit_euler,0.12211860760690837,0.0004006635077268561,0.8062168541074518
implicit_euler,0.12251927111463523,0.00040160245763981584,0.8062159179494942
implicit_euler,0.12292087357227505,0.00040254384168190993,0.806214979589085
implicit_euler,0.12332341741395696,0.0004034876672046883,0.8062140387707912
implicit_euler,0.12372690508116164,0.000404433941649171,0.8062130957255013
implicit_euler,0.12413133902281082,0.00040538267242438975,0.8062121506838398
implicit_euler,0.1245367216952352,0.00040633386690687445,0.8062112028973312
implicit_euler,0.12494305556214208,0.00040728753268740037,0.8062102529604186
implicit_euler,0.12535034309482948,0.0004082436772332998,0.8062093006107812
implicit_euler,0.12575858677206278,0.00040920230810423397,0.8062083459519045
implicit_euler,0.12616778908016701,0.0004101634328599335,0.8062073889637172
implicit_euler,0.12657795251302695,0.00041112705909165936,0.8062064296248765
implicit_euler,0.1269890795721186,0.0004120931944225359,0.8062054677897583
implicit_euler,0.12740117276654114,0.0004130618465396363,0.8062045038035086
implicit_euler,0.12781423461308078,0.0004140330230685274,0.8062035372720007
implicit_euler,0.1282282676361493,0.00041500673176250724,0.8062025684151157
implicit_euler,0.12864327436791181,0.00041598298034559167,0.8062015972055077
implicit_euler,0.1290592573482574,0.00041696177657579714,0.8062006234909445
implicit_euler,0.1294762191248332,0.000417943128277809,0.8061996474884798
implicit_euler,0.129894162253111,0.00041892704324753005,0.8061986689196355
implicit_euler,0.13031308929635854,0.00041991352938056115,0.8061976879993031
implicit_euler,0.1307330028257391,0.0004209025945444145,0.8061967048180118
implicit_euler,0.13115390542028352,0.000421894246610488,0.8061957190929986
implicit_euler,0.131575799666894,0.0004228884935517929,0.8061947305392039
implicit_euler,0.1319986881604458,0.00042388534344459106,0.8061937401129545
implicit_euler,0.1324225735038904,0.0004248848041421005,0.806192746905984
implicit_euler,0.1328474583080325,0.0004258868837644092,0.806191751375674
implicit_euler,0.1332733451917969,0.00042689159033959534,0.8061907533565382
implicit_euler,0.1337002367821365,0.0004278989319677906,0.8061897526812262
implicit_euler,0.13412813571410429,0.00042890891682242915,0.8061887496802702
implicit_euler,0.13455704463092671,0.0004299215530179368,0.8061877443091766
implicit_euler,0.13498696618394465,0.00043093684870912363,0.8061867360214281
implicit_euler,0.13541790303265377,0.0004319548122259931,0.8061857256451247
implicit_euler,0.13584985784487977,0.00043297545170631335,0.8061847125058719
implicit_euler,0.13628283329658608,0.0004339987754977126,0.8061836969293258
implicit_euler,0.1367168320720838,0.00043502479188989307,0.8061826787388275
implicit_euler,0.1371518568639737,0.00043605350924977304,0.8061816581329692
implicit_euler,0.13758791037322346,0.00043708493592028996,0.8061806349324088
implicit_euler,0.13802499530914375,0.00043811908032267977,0.80617960895589
implicit_euler,0.13846311438946643,0.00043915595095761484,0.8061785809026827
implicit_euler,0.13890227034042404,0.0004401955561655624,0.8061775498333001
implicit_euler,0.1393424658965896,0.00044123790457306633,0.8061765163187958
implicit_euler,0.13978370380116267,0.000442283004681604,0.8061754801729054
implicit_euler,0.14022598680584428,0.00044333086507403197,0.8061744415869393
implicit_euler,0.1406693176709183,0.0004443814943113078,0.8061734001185912
implicit_euler,0.14111369916522962,0.0004454349011069336,0.8061723563365583
implicit_euler,0.14155913406633655,0.00044649109404870657,0.8061713097956953
implicit_euler,0.14200562516038526,0.00044755008187827294,0.806170260555754
implicit_euler,0.14245317524226353,0.0004486118733522393,0.8061692088026211
implicit_euler,0.14290178711561577,0.00044967647720703385,0.8061681544672773
implicit_euler,0.1433514635928228,0.0004507439022295445,0.806167097097257
implicit_euler,0.14380220749505235,0.0004518141573650325,0.806166037511422
implicit_euler,0.14425402165241738,0.00045288725136152785,0.8061649750001034
implicit_euler,0.1447069089037789,0.000453963193197765,0.8061639098708507
implicit_euler,0.14516087209697667,0.0004550419917984383,0.8061628420479138
implicit_euler,0.1456159140887751,0.0004561236561418658,0.806161771581893
implicit_euler,0.14607203774491698,0.00045720819522443445,0.8061606983943508
implicit_euler,0.1465292459401414,0.0004582956180973208,0.8061596225334212
implicit_euler,0.14698754155823873,0.00045938593383079707,0.8061585437897425
implicit_euler,0.14744692749206953,0.00046047915158764496,0.8061574622086267
implicit_euler,0.14790740664365717,0.00046157528055129626,0.8061563782197446
implicit_euler,0.14836898192420847,0.0004626743298153102,0.8061552916102822
implicit_euler,0.14883165625402378,0.00046377630856700436,0.8061542016505484
implicit_euler,0.14929543256259079,0.0004648812262372237,0.806153109538908
implicit_euler,0.149760313788828,0.0004659890919457843,0.8061520142855296
implicit_euler,0.1502263028807738,0.00046709991513149696,0.8061509161858036
implicit_euler,0.1506934027959053,0.00046821370518235206,0.8061498155351018
implicit_euler,0.15116161650108764,0.00046933047143477014,0.8061487119823472
implicit_euler,0.1516309469725224,0.00047045022336122955,0.8061476056913518
implicit_euler,0.15210139719588364,0.00047157297042116353,0.8061464964368472
implicit_euler,0.1525729701663048,0.00047269872217445275,0.8061453843802979
implicit_euler,0.15304566888847926,0.0004738274881687654,0.8061442698122845
implicit_euler,0.15351949637664802,0.00047495927790114356,0.8061431519844777
implicit_euler,0.15399445565454917,0.000476094101123814,0.8061420314440008
implicit_euler,0.15447054975567298,0.0004772319674636316,0.8061409080885287
implicit_euler,0.1549477817231366,0.00047837288661281563,0.8061397818140563
implicit_euler,0.15542615460974943,0.0004795168683301432,0.806138652645233
implicit_euler,0.15590567147807957,0.0004806639224029796,0.8061375204751492
implicit_euler,0.15638633540048255,0.0004818140586867192,0.8061363857173895
implicit_euler,0.15686814945916927,0.000482967286949354,0.8061352478712746
implicit_euler,0.15735111674611862,0.00048412361714467167,0.8061341069559993
implicit_euler,0.1578352403632633,0.0004852830592577684,0.806132963513167
implicit_euler,0.15832052342252106,0.00048644562314750783,0.8061318165131671
implicit_euler,0.15880696904566857,0.0004876113190197817,0.806130667281304
implicit_euler,0.15929458036468835,0.0004887801567177164,0.8061295143908127
implicit_euler,0.15978336052140607,0.0004899521465530632,0.8061283591665159
implicit_euler,0.16027331266795913,0.0004911272984735315,0.806127200570689
implicit_euler,0.16076443996643267,0.0004923056227795208,0.8061260391393081
implicit_euler,0.16125674558921219,0.0004934871296462251,0.8061248744873015
implicit_euler,0.1617502327188584,0.0004946718294046581,0.8061237072813846
implicit_euler,0.16224490454826307,0.0004958597322195224,0.8061225367382626
implicit_euler,0.1627407642804826,0.0004970508485340197,0.8061213631267493
implicit_euler,0.1632378151290166,0.000498245188747859,0.8061201867154832
implicit_euler,0.16373606031776447,0.0004994427632163123,0.8061190068468532
implicit_euler,0.16423550308098078,0.0005006435825370692,0.8061178244482838
implicit_euler,0.16473614666351785,0.0005018476570595731,0.8061166387267308
implicit_euler,0.16523799432057742,0.0005030549974183451,0.8061154498132389
implicit_euler,0.16574104931799577,0.0005042656142472401,0.806114257970901
implicit_euler,0.166245314932243,0.0005054795181376748,0.8061130630639218
implicit_euler,0.16675079445038068,0.0005066967197630834,0.8061118649546759
implicit_euler,0.16725749117014377,0.0005079172298803336,0.8061106639030512
implicit_euler,0.1677654084000241,0.0005091410592047707,0.8061094595025361
implicit_euler,0.16827454945922887,0.0005103682186203551,0.8061082518771552
implicit_euler,0.16878491767784923,0.0005115987190130455,0.806107041550536
implicit_euler,0.16929651639686227,0.0005128325711433734,0.8061058275776563
implicit_euler,0.16980934896800565,0.0005140697861129861,0.8061046107465899
implicit_euler,0.17032341875411863,0.000515310374814365,0.8061033905090831
implicit_euler,0.170838729128933,0.0005165543483562074,0.8061021673848906
implicit_euler,0.1713552834772892,0.0005178017177226713,0.8061009409561353
implicit_euler,0.17187308519501188,0.0005190524940734131,0.8060997110703548
implicit_euler,0.1723921376890853,0.0005203066886597385,0.8060984782446763
implicit_euler,0.17291244437774503,0.0005215643126087466,0.806097242056111
implicit_euler,0.17343400869035377,0.0005228253772263658,0.806096002751314
implicit_euler,0.17395683406758014,0.0005240898937815264,0.8060947599034246
implicit_euler,0.17448092396136167,0.0005253578737247633,0.8060935141607
implicit_euler,0.17500628183508643,0.00052662932833894,0.8060922649587167
implicit_euler,0.17553291116342537,0.0005279042691340441,0.8060910125395032
implicit_euler,0.17606081543255941,0.0005291827075847577,0.8060897567394104
implicit_euler,0.17658999814014417,0.0005304646552631576,0.8060884973928807
implicit_euler,0.17712046279540733,0.0005317501238403521,0.8060872352798716
implicit_euler,0.17765221291924768,0.0005330391247745092,0.8060859695563933
implicit_euler,0.1781852520440222,0.0005343316698462885,0.8060847004585459
implicit_euler,0.17871958371386848,0.0005356277708035428,0.8060834279506827
implicit_euler,0.17925521148467202,0.000536927439450996,0.8060821521315464
implicit_euler,0.17979213892412302,0.0005382306876057785,0.8060808730989366
implicit_euler,0.1803303696117288,0.0005395375270975111,0.8060795905415076
implicit_euler,0.1808699071388263,0.0005408479699053614,0.8060783044177745
implicit_euler,0.18141075510873167,0.0005421620280687822,0.8060770150937122
implicit_euler,0.18195291713680045,0.0005434797135504821,0.8060757223897036
implicit_euler,0.18249639685035093,0.0005448010384194457,0.8060744262606162
implicit_euler,0.18304119788877038,0.0005461260148064695,0.8060731263865323
implicit_euler,0.18358732390357685,0.00054745465499767,0.8060718234024322
implicit_euler,0.18413477855857452,0.0005487869711111037,0.806070516712378
implicit_euler,0.18468356552968562,0.0005501229755142945,0.806069206812886
implicit_euler,0.18523368850519992,0.0005514626804531964,0.8060678929668946
implicit_euler,0.1857851511856531,0.0005528060984733851,0.806066576080204
implicit_euler,0.1863379572841265,0.0005541532418586181,0.8060652554123275
implicit_euler,0.18689211052598512,0.0005555041231944946,0.8060639311810149
implicit_euler,0.1874476146491796,0.0005568587550407733,0.8060626037411535
implicit_euler,0.18800447340422038,0.0005582171498832167,0.8060612722080894
implicit_euler,0.1885626905541036,0.0005595793205625532,0.8060599376223269
implicit_euler,0.18912226987466615,0.0005609452796085102,0.8060585993714069
implicit_euler,0.18968321515427466,0.0005623150398122168,0.8060572572534079
implicit_euler,0.19024553019408688,0.0005636886140854835,0.8060559117553836
implicit_euler,0.19080921880817237,0.0005650660152203835,0.8060545623966485
implicit_euler,0.19137428482339275,0.0005664472562273704,0.8060532098008901
implicit_euler,0.19194073207962012,0.000567832349948616,0.8060518532071695
implicit_euler,0.19250856442956873,0.0005692213095444265,0.8060504929597933
implicit_euler,0.19307778573911316,0.0005706141481055804,0.8060491294030674
implicit_euler,0.19364839988721874,0.0005720108786519962,0.8060477619087372
implicit_euler,0.19422041076587074,0.0005734115144773733,0.8060463906790754
implicit_euler,0.1947938222803481,0.0005748160688561765,0.8060450157766603
implicit_euler,0.1953686383492043,0.0005762245550926803,0.8060436372629511
implicit_euler,0.19594486290429697,0.0005776369865215236,0.8060422547800635
implicit_euler,0.1965224998908185,0.0005790533766581729,0.8060408690835968
implicit_euler,0.19710155326747666,0.0005804737387998249,0.8060394789756036
implicit_euler,0.1976820270062765,0.0005818980867274559,0.8060380854885089
implicit_euler,0.19826392509300395,0.000583326433904352,0.8060366879787039
implicit_euler,0.1988472515269083,0.0005847587940795984,0.8060352869188023
implicit_euler,0.1994320103209879,0.0005861951808854293,0.8060338818009635
implicit_euler,0.20001820550187333,0.0005876356081926937,0.8060324729555508
implicit_euler,0.20060584111006602,0.000589080089806987,0.8060310604320877
implicit_euler,0.201194921199873,0.0005905286395704312,0.8060296437169392
implicit_euler,0.20178544983944344,0.0005919812715684536,0.8060282234180619
implicit_euler,0.2023774311110119,0.0005934379997193651,0.8060267991592334
implicit_euler,0.20297086911073126,0.0005948988381352105,0.8060253711248064
implicit_euler,0.20356576794886647,0.0005963638009161831,0.8060239387936167
implicit_euler,0.20416213174978265,0.0005978329024117768,0.8060225027699454
implicit_euler,0.20475996465219443,0.0005993061568049796,0.8060210629529179
implicit_euler,0.2053592708089994,0.0006007835783725657,0.8060196189571837
implicit_euler,0.20596005438737197,0.0006022651815920932,0.8060181711018565
implicit_euler,0.20656231956896406,0.0006037509808801134,0.8060167194227256
implicit_euler,0.20716607054984418,0.0006052409906972256,0.8060152633875199
implicit_euler,0.2077713115405414,0.0006067352257621561,0.8060138034533575
implicit_euler,0.20837804676630356,0.0006082337006809713,0.8060123396518972
implicit_euler,0.20898628046698453,0.000609736430106339,0.8060108718714177
implicit_euler,0.20959601689709087,0.0006112434287918744,0.8060093997140114
implicit_euler,0.21020726032588274,0.0006127547117017185,0.8060079236327587
implicit_euler,0.21082001503758446,0.0006142702936885458,0.8060064435113712
implicit_euler,0.211434285331273,0.0006157901897089479,0.8060049593742414
implicit_euler,0.21205007552098196,0.0006173144147705867,0.8060034708164543
implicit_euler,0.21266738993575254,0.0006188429840971177,0.8060019784297404
implicit_euler,0.21328623291984966,0.0006203759127467179,0.8060004818062674
implicit_euler,0.21390660883259638,0.0006219132159953344,0.8059989811073759
implicit_euler,0.2145285220485917,0.000623454909118637,0.8059974760641573
implicit_euler,0.21515197695771035,0.0006250010075584678,0.8059959668351471
implicit_euler,0.21577697796526882,0.0006265515267581123,0.8059944534346982
implicit_euler,0.21640352949202693,0.0006281064822181992,0.8059929358758018
implicit_euler,0.21703163597424513,0.0006296658894972829,0.8059914141700681
implicit_euler,0.2176613018637424,0.0006312297642126485,0.8059898878964477
implicit_euler,0.21829253162795506,0.000632798122210454,0.8059883574942636
implicit_euler,0.21892532975016551,0.0006343709792293872,0.8059868229710572
implicit_euler,0.2195597007293949,0.0006359483510691988,0.8059852840446792
implicit_euler,0.2201956490804641,0.0006375302537055816,0.8059837407190193
implicit_euler,0.22083317933416968,0.000639116703178344,0.8059821931409684
implicit_euler,0.22147229603734803,0.0006407077155348995,0.8059806411675572
implicit_euler,0.22211300375288293,0.0006423033069453687,0.8059790846538746
implicit_euler,0.2227553070598283,0.0006439034937043009,0.8059775240320358
implicit_euler,0.2233992105535326,0.000645508292000635,0.8059759591548545
implicit_euler,0.22404471884553323,0.0006471177181485155,0.8059743894381771
implicit_euler,0.22469183656368175,0.000648731788764012,0.8059728154551643
implicit_euler,0.22534056835244576,0.0006503505203016013,0.8059712371987834
implicit_euler,0.22599091887274736,0.0006519739292861204,0.805969654224447
implicit_euler,0.22664289280203348,0.0006536020324907077,0.8059680666664181
implicit_euler,0.2272964948345242,0.0006552348467038227,0.8059664749492564
implicit_euler,0.227951729681228,0.0006568723886108685,0.8059648784775904
implicit_euler,0.22860860206983888,0.0006585146752087767,0.805963277527451
implicit_euler,0.22926711674504766,0.0006601617234526513,0.8059616720825485
implicit_euler,0.2299272784685003,0.0006618135503745626,0.8059600622711486
implicit_euler,0.23058909201887487,0.0006634701730246217,0.8059584473432786
implicit_euler,0.2312525621918995,0.0006651316088328862,0.8059568280081417
implicit_euler,0.23191769380073238,0.0006667978750099779,0.8059552042438721
implicit_euler,0.23258449167574236,0.0006684689888470097,0.8059535758804272
implicit_euler,0.23325296066458936,0.0006701449677775362,0.8059519424522777
implicit_euler,0.2339231056323669,0.0006718258295019819,0.8059503045185629
implicit_euler,0.23459493146186888,0.0006735115915622869,0.8059486623451384
implicit_euler,0.23526844305343117,0.0006752022714620887,0.8059470147266197
implicit_euler,0.23594364532489326,0.0006768978872836173,0.8059453628068663
implicit_euler,0.23662054321217688,0.0006785984567052594,0.8059437061120472
implicit_euler,0.23729914166888214,0.0006803039976786551,0.8059420443125321
implicit_euler,0.2379794456665608,0.0006820145283705781,0.8059403782565543
implicit_euler,0.23866146019493137,0.0006837300666654167,0.8059387070217521
implicit_euler,0.23934519026159679,0.0006854506309139086,0.8059370311589796
implicit_euler,0.2400306408925107,0.0006871762393103331,0.8059353501841647
implicit_euler,0.24071781713182103,0.0006889069103323264,0.8059336646463837
implicit_euler,0.24140672404215335,0.0006906426623011774,0.8059319740580045
implicit_euler,0.24209736670445453,0.0006923835138244183,0.8059302783730456
implicit_euler,0.24278975021827895,0.0006941294836088352,0.8059285782860443
implicit_euler,0.24348387970188778,0.000695880590141168,0.8059268728585279
implicit_euler,0.24417976029202895,0.0006976368523917142,0.8059251624851642
implicit_euler,0.24487739714442067,0.0006993982892412043,0.8059234472630495
implicit_euler,0.24557679543366187,0.0007011649196085323,0.8059217269902955
implicit_euler,0.2462779603532704,0.0007029367625809579,0.8059200016118371
implicit_euler,0.24698089711585136,0.0007047138373514894,0.8059182712201173
implicit_euler,0.24768561095320285,0.0007064961631547961,0.8059165359064343
implicit_euler,0.24839210711635765,0.0007082837592676527,0.8059147956114844
implicit_euler,0.2491003908756253,0.0007100766450752471,0.8059130496761094
implicit_euler,0.24981046752070055,0.0007118748403366626,0.805911299083594
implicit_euler,0.2505223423610372,0.000713678364461845,0.8059095433214618
implicit_euler,0.25123602072549905,0.0007154872371704091,0.8059077820237481
implicit_euler,0.25195150796266946,0.0007173014784297993,0.8059060160219699
implicit_euler,0.25266880944109926,0.0007191211079233262,0.8059042444974397
implicit_euler,0.2533879305490226,0.0007209461457842181,0.8059024681297635
implicit_euler,0.2541088766948068,0.0007227766119286549,0.8059006859450875
implicit_euler,0.25483165330673546,0.0007246125267955095,0.8058988987708938
implicit_euler,0.25555626583353097,0.0007264539105408807,0.8058971063816304
implicit_euler,0.25628271974407185,0.0007283007835091615,0.8058953085493765
implicit_euler,0.257011020527581,0.0007301531662359251,0.8058935054965879
implicit_euler,0.25774117369381694,0.0007320110792454759,0.8058916969919528
implicit_euler,0.2584731847730624,0.0007338745432559635,0.8058898831041132
implicit_euler,0.2592070593163184,0.000735743579044823,0.8058880639004606
implicit_euler,0.2599428028953632,0.0007376182074490534,0.8058862391443197
implicit_euler,0.26068042110281225,0.0007394984495048273,0.8058844090512143
implicit_euler,0.2614199195523171,0.0007413843262414899,0.8058825733810049
implicit_euler,0.26216130387855857,0.000743275858890502,0.8058807323464723
implicit_euler,0.2629045797374491,0.0007451730686782732,0.805878885855849
implicit_euler,0.26364975280612735,0.0007470759769663271,0.8058770336634804
implicit_euler,0.2643968287830937,0.0007489846053238547,0.80587517582562
implicit_euler,0.26514581338841753,0.0007508989753889361,0.8058733125494988
implicit_euler,0.26589671236380646,0.0007528191087982083,0.8058714438891489
implicit_euler,0.2666495314726047,0.0007547450272578082,0.8058695691346607
implicit_euler,0.2674042764998625,0.0007566767529020857,0.8058676889458429
implicit_euler,0.26816095325276457,0.0007586143076537266,0.8058658032195436
implicit_euler,0.2689195675604183,0.0007605577135803565,0.805863911544888
implicit_euler,0.26968012527399865,0.0007625069930410344,0.8058620142730767
implicit_euler,0.2704426322670397,0.000764462168327873,0.8058601114487598
implicit_euler,0.27120709443536756,0.0007664232618101452,0.8058582023488758
implicit_euler,0.2719735176971777,0.0007683902963005473,0.805856287933524
implicit_euler,0.27274190799347825,0.0007703632942555605,0.805854367476073
implicit_euler,0.2735122712877338,0.0007723422785781975,0.8058524410139091
implicit_euler,0.274284613566312,0.0007743272722562367,0.8058505090443299
implicit_euler,0.27505894083856824,0.0007763182981407324,0.8058485708337574
implicit_euler,0.275835259136709,0.0007783153795378195,0.8058466270305262
implicit_euler,0.2766135745162468,0.0007803185395448553,0.8058446770506609
implicit_euler,0.27739389305579165,0.0007823278016449442,0.8058427210778453
implicit_euler,0.2781762208574366,0.0007843431893377328,0.8058407592948907
implicit_euler,0.27896056404677433,0.0007863647261388551,0.8058387912656505
implicit_euler,0.2797469287729132,0.0007883924358823013,0.8058368171694192
implicit_euler,0.2805353212087955,0.0007904263424218794,0.8058348373393437
implicit_euler,0.28132574755121736,0.0007924664695548866,0.8058328513337175
implicit_euler,0.28211821402077225,0.0007945128414025837,0.805830858862697
implicit_euler,0.28291272686217483,0.0007965654823384183,0.8058288602544539
implicit_euler,0.28370929234451325,0.0007986244166841017,0.8058268558367805
implicit_euler,0.28450791676119735,0.0008006896687084986,0.8058248448493305
implicit_euler,0.28530860642990585,0.0008027612631677505,0.8058228277715632
implicit_euler,0.2861113676930736,0.0008048392246919334,0.8058208046161788
implicit_euler,0.28691620691776554,0.0008069235780158723,0.8058187749270332
implicit_euler,0.2877231304957814,0.0008090143482151757,0.8058167387124767
implicit_euler,0.2885321448439966,0.00081111156047603,0.8058146966033922
implicit_euler,0.2893432564044726,0.0008132152397813952,0.8058126479821986
implicit_euler,0.290156471644254,0.0008153254115392805,0.8058105928525542
implicit_euler,0.2909717970557933,0.0008174421012721589,0.8058085313729677
implicit_euler,0.29178923915706545,0.0008195653345386411,0.8058064633879094
implicit_euler,0.2926088044916041,0.0008216951370934589,0.805804388739724
implicit_euler,0.29343049962869755,0.0008238315348900183,0.8058023078956695
implicit_euler,0.29425433116358757,0.0008259745537615437,0.8058002203817263
implicit_euler,0.2950803057173491,0.0008281242199026928,0.8057981263486266
implicit_euler,0.2959084299372518,0.0008302805595510332,0.8057960256317845
implicit_euler,0.29673871049680284,0.0008324435991499124,0.8057939180644623
implicit_euler,0.29757115409595275,0.0008346133653508447,0.8057918041073168
implicit_euler,0.2984057674613036,0.0008367898846898814,0.8057896835909514
implicit_euler,0.2992425573459935,0.0008389731839130166,0.8057875560284601
implicit_euler,0.3000815305299065,0.0008411632901436095,0.8057854220339765
implicit_euler,0.3009226938200501,0.0008433602303101195,0.8057832808012214
implicit_euler,0.3017660540503602,0.0008455640318880131,0.8057811330996211
implicit_euler,0.30261161808224823,0.0008477747220767551,0.805778978592725
implicit_euler,0.303459392804325,0.0008499923283787902,0.8057768169412575
implicit_euler,0.3043093851327038,0.000852216878603651,0.8057746484367393
implicit_euler,0.30516160201130743,0.0008544484005367781,0.8057724732115974
implicit_euler,0.3060160504118442,0.0008566869220225093,0.8057702907625199
implicit_euler,0.3068727373338667,0.0008589324713030311,0.8057681015354089
implicit_euler,0.30773166980516975,0.0008611850765148921,0.8057659051816558
implicit_euler,0.30859285488168464,0.0008634447661125533,0.8057637016678394
implicit_euler,0.3094562996477972,0.0008657115687020212,0.8057614912770971
implicit_euler,0.3103220112164992,0.0008679855128714831,0.8057592734955887
implicit_euler,0.3111899967293707,0.0008702666276201865,0.8057570484436517
implicit_euler,0.3120602633569909,0.0008725549420194878,0.8057548165594803
implicit_euler,0.3129328182990104,0.0008748504850402128,0.8057525773232632
implicit_euler,0.3138076687840506,0.0008771532860715747,0.8057503308507935
implicit_euler,0.31468482207012216,0.0008794633745788927,0.80574807693687
implicit_euler,0.31556428544470105,0.0008817807802790067,0.8057458156940064
implicit_euler,0.31644606622498006,0.0008841055329680825,0.8057435472334807
implicit_euler,0.31733017175794814,0.0008864376625225545,0.805741271184493
implicit_euler,0.3182166094204707,0.000888777199164581,0.8057389878149097
implicit_euler,0.3191053866196353,0.0008911241731124897,0.8057366972313483
implicit_euler,0.31999651079274777,0.0008934786146690965,0.8057343985752484
implicit_euler,0.32088998940741686,0.0008958405547579429,0.8057320927519781
implicit_euler,0.3217858299621748,0.0008982100239473545,0.8057297792203237
implicit_euler,0.32268403998612216,0.0009005870532531324,0.8057274580796223
implicit_euler,0.3235846270393753,0.0009029716737841142,0.8057251294279116
implicit_euler,0.3244875987131594,0.0009053639167430627,0.8057227930393452
implicit_euler,0.32539296262990247,0.0009077638136093524,0.8057204488470426
implicit_euler,0.3263007264435118,0.000910171396051429,0.8057180969437838
implicit_euler,0.32721089783956325,0.0009125866958377138,0.8057157372593623
implicit_euler,0.32812348453540097,0.0009150097449294181,0.8057133695598989
implicit_euler,0.3290384942803304,0.0009174405755750792,0.8057109940947846
implicit_euler,0.32995593485590546,0.000919879220037001,0.8057086109505663
implicit_euler,0.33087581407594246,0.0009223257106837912,0.8057062195637731
implicit_euler,0.33179813978662626,0.00092478008036323,0.8057038205032964
implicit_euler,0.3327229198669895,0.0009272423617561754,0.8057014132014733
implicit_euler,0.33365016222874566,0.0009297125880283752,0.8056989977371579
implicit_euler,0.33457987481677404,0.0009321907924620954,0.8056965743504977
implicit_euler,0.33551206560923613,0.0009346770083626388,0.8056941426296556
implicit_euler,0.33644674261759877,0.000937171269436432,0.8056917031371434
implicit_euler,0.3373839138870352,0.0009396736092271429,0.8056892549684029
implicit_euler,0.33832358749626235,0.0009421840619698307,0.8056867988457108
implicit_euler,0.3392657715582322,0.0009447026616453136,0.8056843341858738
implicit_euler,0.3402104742198775,0.0009472294427425587,0.8056818612190839
implicit_euler,0.34115770366262005,0.0009497644397849503,0.8056793803381638
implicit_euler,0.342107468102405,0.0009523076872333114,0.8056768902989367
implicit_euler,0.3430597757896383,0.0009548592204535189,0.8056743923081557
implicit_euler,0.34401463501009183,0.0009574190742714372,0.8056718856080527
implicit_euler,0.34497205408436327,0.0009599872841342671,0.8056693705848211
implicit_euler,0.34593204136849753,0.0009625638854343088,0.8056668466393011
implicit_euler,0.34689460525393184,0.0009651489140972136,0.8056643141543735
implicit_euler,0.34785975416802906,0.0009677424059976736,0.8056617731837062
implicit_euler,0.34882749657402673,0.0009703443971557646,0.8056592231212716
implicit_euler,0.3497978409711825,0.0009729549241357383,0.8056566650039524
implicit_euler,0.35077079589531823,0.0009755740230572019,0.8056540975633076
implicit_euler,0.35174636991837543,0.0009782017309873936,0.8056515210091924
implicit_euler,0.35272457164936283,0.000980838085052338,0.8056489362107133
implicit_euler,0.35370540973441517,0.0009834831220341123,0.8056463418909682
implicit_euler,0.3546888928564493,0.000986136879677857,0.8056437390811555
implicit_euler,0.35567502973612714,0.0009887993952870655,0.8056411268292173
implicit_euler,0.3566638291314142,0.0009914707069365036,0.8056385058336274
implicit_euler,0.3576552998383507,0.000994150852462461,0.8056358753024839
implicit_euler,0.35864945069081317,0.0009968398703805725,0.8056332362632622
implicit_euler,0.35964629056119374,0.0009995377987643272,0.8056305874222415
implicit_euler,0.36064582835995806,0.0010022446766817517,0.8056279294722314
implicit_euler,0.3616480730366398,0.0010049605429682251,0.8056252626081505
implicit_euler,0.36265303357960804,0.0010076854365329568,0.8056225856934229
implicit_euler,0.363660719016141,0.001010419397193818,0.8056199000823403
implicit_euler,0.3646711384133348,0.0010131624641214199,0.8056172044672096
implicit_euler,0.36568430087745624,0.0010159146775073347,0.8056144995343467
implicit_euler,0.36670021555496357,0.0010186760773157055,0.8056117849698773
implicit_euler,0.3677188916322793,0.0010214467039126318,0.8056090612917435
implicit_euler,0.3687403383361919,0.0010242265975410891,0.8056063271803006
implicit_euler,0.369764564933733,0.0010270157994891616,0.8056035839846514
implicit_euler,0.37079158073322216,0.0010298143503966184,0.80560083088173
implicit_euler,0.3718213950836188,0.0010326222916369199,0.8055980680485163
implicit_euler,0.3728540173752557,0.0010354396646823916,0.8055952951582115
implicit_euler,0.3738894570399381,0.0010382665114290202,0.8055925123842632
implicit_euler,0.3749277235513671,0.0010411028738769867,0.8055897198989672
implicit_euler,0.3759688264252441,0.001043948794131111,0.8055869173696241
implicit_euler,0.3770127752193752,0.0010468043147289774,0.8055841044606954
implicit_euler,0.3780595795341042,0.0010496694786464866,0.8055812820110785
implicit_euler,0.37910924901275067,0.0010525443285354652,0.8055784488410184
implicit_euler,0.38016179334128614,0.0010554289080392243,0.8055756056178767
implicit_euler,0.38121722224932536,0.001058323260591465,0.805572752335278
implicit_euler,0.3822755455099168,0.001061227429855316,0.8055698883103288
implicit_euler,0.38333677293977214,0.0010641414601713084,0.8055670145442081
implicit_euler,0.38440091439994345,0.0010670653954498177,0.805564129674587
implicit_euler,0.38546797979539327,0.0010699992807327585,0.8055612346997166
implicit_euler,0.386537979076126,0.0010729431606353312,0.8055583292659326
implicit_euler,0.38761092223676136,0.0010758970802410839,0.8055554130166104
implicit_euler,0.38868681931700244,0.0010788610851084623,0.8055524862699489
implicit_euler,0.3897656804021109,0.0010818352208224469,0.8055495483261258
implicit_euler,0.39084751562293335,0.0010848195336782829,0.8055466003477938
implicit_euler,0.39193233515661163,0.001087814069432036,0.805543640952509
implicit_euler,0.39302014922604367,0.0010908188750143322,0.8055406711305888
implicit_euler,0.394110968101058,0.0010938339969336353,0.8055376898331623
implicit_euler,0.39520480209799164,0.001096859482656809,0.8055346980483694
implicit_euler,0.39630166158064845,0.0010998953792297206,0.8055316950627154
implicit_euler,0.39740155695987817,0.0011029417344344816,0.8055286808403173
implicit_euler,0.39850449869431265,0.0011059985963322583,0.8055256553434557
implicit_euler,0.3996104972906449,0.001109066013266491,0.805522618703228
implicit_euler,0.4007195633039114,0.0011121440337482635,0.8055195708785681
implicit_euler,0.40183170733765966,0.0011152327065757084,0.805516511313702
implicit_euler,0.40294694004423537,0.0011183320811932185,0.8055134409888048
implicit_euler,0.4040652721254286,0.0011214422066292418,0.8055103583177111
implicit_euler,0.40518671433205783,0.001124563133279688,0.8055072647908943
implicit_euler,0.4063112774653375,0.0011276949107714707,0.8055041593304018
implicit_euler,0.407438972376109,0.0011308375897521317,0.8055010422254427
implicit_euler,0.4085698099658611,0.0011339912209401004,0.805497913421051
implicit_euler,0.4097038011868012,0.001137155855366001,0.8054947725167013
implicit_euler,0.4108409570421672,0.0011403315446197326,0.8054916203123186
implicit_euler,0.41198128858678695,0.0011435183400037574,0.8054884555439376
implicit_euler,0.4131248069267907,0.0011467162939961528,0.8054852790079279
implicit_euler,0.41427152322078686,0.0011499254587939989,0.8054820902953461
implicit_euler,0.41542144867958086,0.0011531458871701372,0.8054788898562562
implicit_euler,0.416574594566751,0.0011563776318621044,0.805475676759924
implicit_euler,0.4177309721986131,0.0011596207465635056,0.8054724514522956
implicit_euler,0.4188905929451766,0.0011628752849413004,0.8054692136877989
implicit_euler,0.4200534682301179,0.0011661413011335164,0.8054659639099784
implicit_euler,0.4212196095312514,0.0011694188492537005,0.8054627011775722
implicit_euler,0.4223890283805051,0.0011727079843957822,0.8054594261031235
implicit_euler,0.4235617363649009,0.0011760087615115267,0.8054561384328549
implicit_euler,0.42473774512641244,0.0011793212360403094,0.8054528377369556
implicit_euler,0.42591706636245275,0.0011826454640425643,0.8054495246237737
implicit_euler,0.4270997118264953,0.0011859815014421682,0.8054461984860785
implicit_euler,0.4282856933279375,0.0011893294049191705,0.8054428595818777
implicit_euler,0.42947502273285665,0.0011926892312775217,0.8054395074725293
implicit_euler,0.43066771196413417,0.0011960610379616599,0.8054361420643298
implicit_euler,0.43186377300209583,0.001199444882805989,0.8054327643065079
implicit_euler,0.4330632178849018,0.0012028408232594434,0.8054293723607615
implicit_euler,0.43426605870816126,0.0012062489184643255,0.8054259678695489
implicit_euler,0.4354723076266256,0.0012096692266644338,0.8054225493370034
implicit_euler,0.43668197685329,0.0012131018075525746,0.8054191178807091
implicit_euler,0.4378950786608426,0.001216546720315237,0.8054156725225159
implicit_euler,0.43911162538115783,0.001220004025209609,0.8054122138535916
implicit_euler,0.44033162940636744,0.001223473782384632,0.8054087410648907
implicit_euler,0.4415551031887521,0.001226956052942707,0.8054052550946278
implicit_euler,0.4427820592416948,0.0012304508976165307,0.8054017547787323
implicit_euler,0.4440125101393113,0.0012339583783709251,0.8053982407017662
implicit_euler,0.44524646851768224,0.0012374785570749003,0.8053947123951729
implicit_euler,0.44648394707475714,0.0012410114963083418,0.8053911704410444
implicit_euler,0.4477249585710655,0.0012445572585577658,0.805387613663691
implicit_euler,0.44896951582962324,0.001248115907574343,0.8053840431686997
implicit_euler,0.4502176317371976,0.0012516875066161948,0.8053804583030247
implicit_euler,0.4514693192438138,0.00125527211980897,0.805376858409761
implicit_euler,0.45272459136362275,0.0012588698121585584,0.8053732445909434
implicit_euler,0.4539834611757813,0.0012624806481820738,0.8053696160098492
implicit_euler,0.4552459418239634,0.0012661046934216436,0.8053659725313983
implicit_euler,0.45651204651738503,0.001269742013903341,0.8053623143716161
implicit_euler,0.45778178853128837,0.001273392675863405,0.8053586412151079
implicit_euler,0.4590551812071518,0.0012770567461696247,0.8053549534512361
implicit_euler,0.4603322379533214,0.001280734291766783,0.805351250229657
implicit_euler,0.4616129722450882,0.0012844253806637007,0.8053475321126844
implicit_euler,0.4628973976257519,0.0012881300808152973,0.805343798776273
implicit_euler,0.4641855277065672,0.001291848460829803,0.8053400498935541
implicit_euler,0.465477376167397,0.0012955805899772521,0.8053362854898949
implicit_euler,0.46677295675737424,0.0012993265379116492,0.8053325059442027
implicit_euler,0.4680722832952859,0.0013030863743874743,0.8053287105682064
implicit_euler,0.46937536966967336,0.0013068601701234916,0.8053248997369254
implicit_euler,0.47068222983979685,0.0013106479959484885,0.8053210724007915
implicit_euler,0.47199287783574534,0.0013144499239619578,0.8053172298207902
implicit_euler,0.4733073277597073,0.0013182660256582102,0.8053133709428221
implicit_euler,0.4746255937853655,0.0013220963738146407,0.8053094963129762
implicit_euler,0.47594769015918015,0.0013259410411893269,0.8053056050493245
implicit_euler,0.4772736312003695,0.0013298001016967542,0.8053016975157293
implicit_euler,0.47860343130206623,0.0013336736293894091,0.805297773896648
implicit_euler,0.47993710493145564,0.0013375616986053274,0.8052938336598343
implicit_euler,0.48127466663006097,0.001341464384565616,0.8052898768065262
implicit_euler,0.4826161310146266,0.0013453817629384135,0.8052859029780002
implicit_euler,0.483961512777565,0.0013493139101432017,0.8052819127087553
implicit_euler,0.4853108266877082,0.001353260902607567,0.8052779054570284
implicit_euler,0.48666408759031576,0.0013572228176710333,0.8052738806776155
implicit_euler,0.4880213104079868,0.0013611997335972736,0.8052698396177466
implicit_euler,0.48938251014158407,0.0013651917280648185,0.8052657806512562
implicit_euler,0.4907477018696489,0.0013691988805974442,0.8052617044830553
implicit_euler,0.49211690075024633,0.0013732212705998559,0.8052576110986054
implicit_euler,0.4934901220208462,0.0013772589779675326,0.8052535001213205
implicit_euler,0.4948673809988137,0.0013813120834005876,0.8052493708113119
implicit_euler,0.4962486930822143,0.0013853806687241232,0.8052452245885127
implicit_euler,0.49763407375093843,0.0013894648150376554,0.8052410599882688
implicit_euler,0.4990235385659761,0.0013935646051965178,0.8052368775258572
implicit_euler,0.5004171031711726,0.0013976801221151636,0.805232676993596
implicit_euler,0.5018147832932878,0.001401811449394108,0.8052284580005675
implicit_euler,0.5032165947426819,0.0014059586714848527,0.8052242205147695
implicit_euler,0.5046225534141667,0.001410121873385184,0.8052199648644168
implicit_euler,0.5060326752875519,0.0014143011403261463,0.8052156906521987
implicit_euler,0.5074469764278781,0.0014184965584106424,0.8052113971152492
implicit_euler,0.5088654729862887,0.0014227082149449455,0.8052070856635645
implicit_euler,0.5102881812012336,0.0014269361965272287,0.8052027546234936
implicit_euler,0.5117151173977609,0.0014311805917730513,0.8051984044944259
implicit_euler,0.5131462979895339,0.0014354414894042211,0.8051940352301864
implicit_euler,0.5145817394789381,0.0014397189787337394,0.805189646782645
implicit_euler,0.5160214584576719,0.0014440131496717967,0.8051852387376874
implicit_euler,0.5174654716073437,0.0014483240930597274,0.8051808110424598
implicit_euler,0.5189137957004034,0.0014526519003530414,0.8051763638244247
implicit_euler,0.5203664476007565,0.00145699666346355,0.8051718962977666
implicit_euler,0.52182344426422,0.0014613584755899245,0.8051674094975171
implicit_euler,0.5232848027398099,0.0014657374295751202,0.8051629019033367
implicit_euler,0.524750540169385,0.001470133620229408,0.8051583743642067
implicit_euler,0.5262206737896145,0.0014745471421856449,0.8051538266326911
implicit_euler,0.5276952209318001,0.0014789780908985861,0.80514925790989
implicit_euler,0.5291741990226987,0.0014834265631609167,0.8051446686745
implicit_euler,0.5306576255858596,0.0014878926559374062,0.8051400592216069
implicit_euler,0.532145518241797,0.0014923764665335515,0.8051354278286529
implicit_euler,0.5336378947083306,0.0014968780944706328,0.8051307762519702
implicit_euler,0.5351347728028012,0.0015013976382710625,0.8051261029468784
implicit_euler,0.5366361704410723,0.0015059351985250435,0.8051214083830548
implicit_euler,0.5381421056395973,0.0015104908760272817,0.8051166926621541
implicit_euler,0.5396525965156246,0.0015150647721212662,0.8051119549646443
implicit_euler,0.5411676612877458,0.0015196569895717937,0.805107195203099
implicit_euler,0.5426873182773176,0.0015242676318881765,0.8051024142089623
implicit_euler,0.5442115859092058,0.0015288968024579352,0.8050976104184867
implicit_euler,0.5457404827116638,0.001533544606820536,0.8050927848434091
implicit_euler,0.5472740273184843,0.0015382111502348916,0.805087936651336
implicit_euler,0.5488122384687192,0.0015428965394358451,0.8050830662982237
implicit_euler,0.550355135008155,0.0015476008814139242,0.8050781727614333
implicit_euler,0.551902735889569,0.0015523242848383134,0.8050732564927577
implicit_euler,0.5534550601744073,0.0015570668586516456,0.8050683173885321
implicit_euler,0.5550121270330589,0.0015618287126069053,0.8050633549727636
implicit_euler,0.5565739557456658,0.0015666099576367998,0.8050583693220744
implicit_euler,0.5581405657033026,0.0015714107053262927,0.8050533601408372
implicit_euler,0.5597119764086289,0.0015762310682815306,0.8050483273163112
implicit_euler,0.5612882074769104,0.0015810711599597571,0.8050432705481044
implicit_euler,0.5628692786368702,0.0015859310948616034,0.8050381900903762
implicit_euler,0.5644552097317318,0.0015908109879930743,0.8050330850812566
implicit_euler,0.5660460207197249,0.0015957109559729954,0.8050279559563805
implicit_euler,0.5676417316756979,0.0016006311157624742,0.805022802406605
implicit_euler,0.5692423627914603,0.0016055715854063068,0.805017624120155
implicit_euler,0.5708479343768667,0.0016105324840459678,0.805012421341546
implicit_euler,0.5724584668609126,0.001615513931372603,0.8050071928228698
implicit_euler,0.5740739807922852,0.0016205160491304937,0.8050019397360559
implicit_euler,0.5756944968414157,0.0016255389587001012,0.8049966612013422
implicit_euler,0.5773200358001158,0.0016305827831633035,0.8049913568950728
implicit_euler,0.5789506185832791,0.001635647646758276,0.8049860270516812
implicit_euler,0.5805862662300374,0.001640733674322492,0.8049806709695044
implicit_euler,0.5822269999043599,0.0016458409922515127,0.8049752892531061
implicit_euler,0.5838728408966114,0.0016509697271779311,0.8049698810090473
implicit_euler,0.5855238106237893,0.001656120007508366,0.8049644464638481
implicit_euler,0.5871799306312977,0.0016612919622888134,0.8049589850930529
implicit_euler,0.5888412225935865,0.0016664857219851337,0.8049534969318419
implicit_euler,0.5905077083155716,0.0016717014179170597,0.8049479818260874
implicit_euler,0.5921794097334887,0.0016769391824614788,0.8049424390560637
implicit_euler,0.5938563489159502,0.001682199149652508,0.8049368694019455
implicit_euler,0.5955385480656027,0.0016874814536288474,0.8049312719517925
implicit_euler,0.5972260295192315,0.0016927862304064734,0.804925646542156
implicit_euler,0.598918815749638,0.001698113617111363,0.8049199933840637
implicit_euler,0.6006169293667494,0.0017034637515935813,0.8049143117453822
implicit_euler,0.602320393118343,0.001708836773431921,0.8049086016444098
implicit_euler,0.6040292298917749,0.0017142328231545267,0.8049028629092093
implicit_euler,0.6057434627149294,0.0017196520424489492,0.8048970953657031
implicit_euler,0.6074631147573784,0.0017250945741755785,0.8048912988376602
implicit_euler,0.6091882093315539,0.001730560562379968,0.8048854727687312
implicit_euler,0.6109187698939339,0.0017360501527140526,0.8048796173558317
implicit_euler,0.612654820046648,0.0017415634916378986,0.8048737324163113
implicit_euler,0.6143963835382859,0.0017471007268371475,0.8048678173866732
implicit_euler,0.616143484265123,0.0017526620076482313,0.8048618717002848
implicit_euler,0.6178961462727712,0.0017582474850799112,0.8048558964934542
implicit_euler,0.6196543937578511,0.001763857309965422,0.8048498898690253
implicit_euler,0.6214182510678166,0.0017694916362858137,0.8048438531495801
implicit_euler,0.6231877427041024,0.001775150617660648,0.8048377850009032
implicit_euler,0.624962893321763,0.0017808344102732132,0.8048316850336982
implicit_euler,0.6267437277320362,0.0017865431718532276,0.8048255543771646
implicit_euler,0.6285302709038895,0.0017922770600027338,0.8048193916885771
implicit_euler,0.6303225479638922,0.001798036234945788,0.806074158621886
implicit_euler,0.632120584198838,0.0018024094251640754,0.8370313213088055
implicit_euler,0.6339229936240021,0.0017730668269404504,0.8363922344153191
implicit_euler,0.6356960604509425,0.0017448681606714311,0.835909659963387
implicit_euler,0.6374409286116139,0.0017176135414859184,0.8354627964194533
implicit_euler,0.6391585421530999,0.0016912367500870884,0.8350490024073873
implicit_euler,0.640849778903187,0.0016656775633230314,0.834665606174971
implicit_euler,0.64251545646651,0.0016408813777429865,0.8343102356964255
implicit_euler,0.644156337844253,0.0016167985455844969,0.8339807778096036
implicit_euler,0.6457731363898375,0.0015933838054977834,0.8336753457894841
implicit_euler,0.6473665201953352,0.0015705957905300938,0.8333922493973899
implicit_euler,0.6489371159858653,0.0015483966034600671,0.8331299711528718
implicit_euler,0.6504855125893254,0.001526751447291752,0.832887145596603
implicit_euler,0.6520122640366172,0.0015056283029932782,0.8326625413709035
implicit_euler,0.6535178923396104,0.0014849976475964644,0.8324550469011849
implicit_euler,0.6550028899872069,0.0014648322058250507,0.8322636544547948
implicit_euler,0.656467722193032,0.001445106733675816,0.8320874523210291
implicit_euler,0.6579128289267078,0.0014257978241936087,0.8319256118240609
implicit_euler,0.6593386267509014,0.0014068837379170862,0.8317773802540261
implicit_euler,0.6607455104888185,0.001388344250963014,0.8316420724049399
implicit_euler,0.6621338547397815,0.0013701605204404776,0.8315190650180003
implicit_euler,0.663504015260222,0.001352314963417478,0.8314077891404915
implicit_euler,0.6648563302236394,0.001334791150033099,0.831307726897859
implicit_euler,0.6661911213736725,0.0013175737061281723,0.8312184056871498
implicit_euler,0.6675086950798007,0.0013006482266911812,0.8311393943292309
implicit_euler,0.6688093433064919,0.0012840011977670596,0.8310702998836897
implicit_euler,0.670093344504259,0.0012676199256903553,0.8310107643714222
implicit_euler,0.6713609644299493,0.0012514924731721333,0.8309604616140294
implicit_euler,0.6726124569031214,0.0012356076016547535,0.8309190949354734
implicit_euler,0.6738480645047762,0.0012199547188463944,0.8308863951196944
implicit_euler,0.6750680192236226,0.001204523830885762,0.830862118324668
implicit_euler,0.6762725430545083,0.0011893054988481033,0.8308460440285457
implicit_euler,0.6774618485533564,0.0011742907992717821,0.830837973809474
implicit_euler,0.6786361393526282,0.0011594712878465474,0.8308377298544214
implicit_euler,0.6797956106404748,0.0011448389662469527,0.8308451532162523
implicit_euler,0.6809404496067217,0.001130386252074178,0.830860104015436
implicit_euler,0.6820708358587959,0.0011161059503926873,0.8308824587741692
implicit_euler,0.6831869418091886,0.0011019912286845956,0.8309121107025779
implicit_euler,0.6842889330378732,0.0010880355930477092,0.8309489685709105
implicit_euler,0.6853769686309209,0.0010742328664972156,0.8309929559891795
implicit_euler,0.6864512014974181,0.0010605771689773391,0.8310440108735505
implicit_euler,0.6875117786663955,0.0010470628988664687,0.8311020850968096
implicit_euler,0.6885588415652619,0.0010336847157763618,0.831167143599791
implicit_euler,0.6895925262810383,0.0010204375249085462,0.8312391646810734
implicit_euler,0.6906129638059468,0.0010073164621595687,0.8313181393022653
implicit_euler,0.6916202802681064,0.0009943168805407465,0.831404070703661
implicit_euler,0.6926145971486471,0.0009814343376528534,0.8314969747446981
implicit_euler,0.6935960314863,0.0009686645837398977,0.831596879361081
implicit_euler,0.6945646960700399,0.0009560035508164866,0.8317038247176372
implicit_euler,0.6955206996208564,0.0009434473424163592,0.8318178631126829
implicit_euler,0.6964641469632727,0.0009309922240819946,0.8319390591457778
implicit_euler,0.6973951391873547,0.0009186346144212099,0.8320674897307827
implicit_euler,0.698313773801776,0.0009063710767985844,0.8322032442461069
implicit_euler,0.6992201448785745,0.0008941983115675622,0.7994483331725215
implicit_euler,0.7001143431901421,0.0009000800882377202,0.7942778246219472
implicit_euler,0.7010144232783798,0.0009089446648520294,0.7945239114116814
implicit_euler,0.7019233679432318,0.0009177543851858205,0.7947452363299383
implicit_euler,0.7028411223284177,0.0009265204533992488,0.7949606191769009
implicit_euler,0.7037676427818169,0.0009352435310574503,0.7951701832618974
implicit_euler,0.7047028863128744,0.0009439243270048525,0.7953741084405878
implicit_euler,0.7056468106398792,0.0009525635599521021,0.7955725669407869
implicit_euler,0.7065993741998313,0.0009611619580389696,0.7957657240127971
implicit_euler,0.7075605361578703,0.0009697202582648057,0.7959537380333124
implicit_euler,0.7085302564161351,0.0009782392060998513,0.7961367611833625
implicit_euler,0.709508495622235,0.0009867195549135843,0.7963149395282586
implicit_euler,0.7104952151771485,0.0009951620655705984,0.796488413486891
implicit_euler,0.7114903772427191,0.0010035675059413274,0.796657317857484
implicit_euler,0.7124939447486605,0.0010119366505940697,0.7968217825172548
implicit_euler,0.7135058813992545,0.0010202702802326602,0.7969819321469477
implicit_euler,0.7145261516794872,0.0010285691814839737,0.7971378866947135
implicit_euler,0.7155547208609712,0.0010368341465621933,0.7972897618360171
implicit_euler,0.7165915550075334,0.0010450659727953004,0.7974376688807222
implicit_euler,0.7176366209803287,0.001053265462361841,0.797581714705293
implicit_euler,0.7186898864426905,0.0010614334222233124,0.7977220027918579
implicit_euler,0.7197513198649138,0.001069570663510211,0.797858632531218
implicit_euler,0.720820890528424,0.0010776780014993825,0.7979916997387023
implicit_euler,0.7218985685299234,0.001085756255378656,0.7981212969167149
implicit_euler,0.7229843247853021,0.0010938062479549648,0.798247513397996
implicit_euler,0.724078131033257,0.0011018288053775693,0.7983704348219024
implicit_euler,0.7251799598386346,0.0011098247573341213,0.7984901444742957
implicit_euler,0.7262897845959687,0.0011177949364332695,0.7986067223869657
implicit_euler,0.727407579532402,0.0011257401783051346,0.7987202456465322
implicit_euler,0.7285333197107071,0.0011336613215918723,0.7988307892035453
implicit_euler,0.729666981032299,0.0011415592074599523,0.7989384249258954
implicit_euler,0.7308085402397589,0.0011494346798682775,0.7990432221295223
implicit_euler,0.7319579749196272,0.0011572885855539727,0.7991452486080018
implicit_euler,0.7331152635051812,0.0011651217733548158,0.7992445688529856
implicit_euler,0.734280385278536,0.0011729350948913586,0.7993412453388332
implicit_euler,0.7354533203734274,0.0011807294044083871,0.7994353393476332
implicit_euler,0.7366340497778358,0.0011885055580717063,0.7995269089193955
implicit_euler,0.7378225553359075,0.0011962644148424406,0.7996160104213812
implicit_euler,0.7390188197507499,0.0012040068362736411,0.7997026991554567
implicit_euler,0.7402228265870235,0.001211733685904437,0.7997870272375884
implicit_euler,0.741434560272928,0.0012194458303101952,0.7998690462225077
implicit_euler,0.7426540061032382,0.0012271441382393222,0.7999488050916154
implicit_euler,0.7438811502414775,0.0012348294813281369,0.8000263515984553
implicit_euler,0.7451159797228056,0.0012425027338520689,0.8001017319713066
implicit_euler,0.7463584824566577,0.0012501647727527487,0.8001749904172621
implicit_euler,0.7476086472294105,0.0012578164781057444,0.800246170228158
implicit_euler,0.7488664637075162,0.0012654587327786126,0.8003153125264131
implicit_euler,0.7501319224402948,0.0012730924231200147,0.800382457929625
implicit_euler,0.7514050148634148,0.0012807184383851755,0.8004476448072102
implicit_euler,0.7526857333018,0.0012883376715857597,0.8005109107658033
implicit_euler,0.7539740709733858,0.0012959510192075419,0.8005722919394928
implicit_euler,0.7552700219925933,0.0013035593815338142,0.8006318230198332
implicit_euler,0.7565735813741271,0.0013111636629915546,0.800689538023224
implicit_euler,0.7578847450371187,0.0013187647719136164,0.8007454692725039
implicit_euler,0.7592035098090323,0.001326363621168003,0.8007996478328354
implicit_euler,0.7605298734302003,0.0013339611284781672,0.8008521043647957
implicit_euler,0.7618638345586785,0.0013415582160705153,0.800902867744649
implicit_euler,0.763205392774749,0.001349155811499636,0.8009519661172895
implicit_euler,0.7645545485862486,0.0013567548476384195,0.8009994261288811
implicit_euler,0.765911303433887,0.0013643562633470774,0.8010452745456811
implicit_euler,0.7672756596972341,0.001371961002804012,0.8010895358796989
implicit_euler,0.7686476207000381,0.001379570016881937,0.8011322341310073
implicit_euler,0.77002719071692,0.0013871842630853726,0.8011733926299132
implicit_euler,0.7714143749800054,0.001394804705644015,0.8012130334248266
implicit_euler,0.7728091796856494,0.0014024323161666574,0.80125117809304
implicit_euler,0.7742116120018161,0.001410068073622206,0.8012878466742213
implicit_euler,0.7756216800754383,0.0014177129652831466,0.8013230588093576
implicit_euler,0.7770393930407214,0.001425367986704229,0.8013568333563803
implicit_euler,0.7784647610274257,0.0014330341420613069,0.8013891878129688
implicit_euler,0.779897795169487,0.0014407124450364073,0.8014201397233564
implicit_euler,0.7813385076145234,0.0014484039184752273,0.8014497046739311
implicit_euler,0.7827869115329986,0.0014561095958690595,0.8014778986468257
implicit_euler,0.7842430211288677,0.0014638305207494984,0.8015047359333708
implicit_euler,0.7857068516496172,0.001471567747991398,0.8015302303830745
implicit_euler,0.7871784193976086,0.0014793223440180414,0.8015543953421156
implicit_euler,0.7886577417416266,0.0014870953870813608,0.8015772430911673
implicit_euler,0.790144837128708,0.0014948879680865002,0.8015987847158041
implicit_euler,0.7916397250967945,0.0015027011915744737,0.8016190318504276
implicit_euler,0.793142426288369,0.0015105361751031054,0.8016379939297897
implicit_euler,0.7946529624634721,0.0015183940512197847,0.80165568071273
implicit_euler,0.7961713565146918,0.0015262759671035298,0.8016721009305222
implicit_euler,0.7976976324817954,0.0015341830854973537,0.8016872620547238
implicit_euler,0.7992318155672927,0.0015421165859004216,0.8017011716548704
implicit_euler,0.8007739321531931,0.0015500776644926662,0.8017138362769883
implicit_euler,0.8023240098176858,0.001558067535153529,0.801725261299655
implicit_euler,0.8038820773528393,0.0015660874306590022,0.8017354523221584
implicit_euler,0.8054481647834983,0.001574138602559505,0.8017444133507261
implicit_euler,0.8070223033860578,0.0015822223228493248,0.8017521478204401
implicit_euler,0.8086045257089072,0.0015903398846789374,0.8017586593742667
implicit_euler,0.8101948655935861,0.0015984926023175916,0.8017639492354901
implicit_euler,0.8117933581959037,0.001606681813752342,0.8017680197806742
implicit_euler,0.813400040009656,0.0016149088797722255,0.8017708709829341
implicit_euler,0.8150149488894283,0.0016231751866294664,0.8017725033179313
implicit_euler,0.8166381240760577,0.0016314821458278672,0.8017729157879864
implicit_euler,0.8182696062218856,0.0016398311959295864,0.8017721067539632
implicit_euler,0.8199094374178152,0.0016482238035647745,0.8017700742265904
implicit_euler,0.82155766122138,0.0016566614641739807,0.8017668150973453
implicit_euler,0.823214322685554,0.0016651457035742334,0.8017623253586402
implicit_euler,0.8248794683891282,0.0016736780793451533,0.8017566001479097
implicit_euler,0.8265531464684733,0.0016822601822147343,0.8017496347128201
implicit_euler,0.8282354066506881,0.0016908936364692373,0.8017414219413478
implicit_euler,0.8299263002871573,0.0016995801029973112,0.8017319551901587
implicit_euler,0.8316258803901546,0.0017083212794142266,0.8017212259826773
implicit_euler,0.8333342016695688,0.0017171189026569111,0.8017092261487134
implicit_euler,0.8350513205722258,0.0017259747493567623,0.8016959449738095
implicit_euler,0.8367772953215825,0.0017348906393087615,0.801681372191071
implicit_euler,0.8385121859608913,0.001743868435794993,0.8016654961744688
implicit_euler,0.8402560543966863,0.0017529100478943516,0.8016483038011292
implicit_euler,0.8420089644445806,0.0017620174330148508,0.8016297818690662
implicit_euler,0.8437709818775955,0.0017711925979398968,0.8016099152035094
implicit_euler,0.8455421744755354,0.0017804376020100765,0.8015886881922623
implicit_euler,0.8473226120775454,0.0017897545586907926,0.8015660833390263
implicit_euler,0.8491123666362362,0.0017991456388132265,0.8015420834275565
implicit_euler,0.8509115122750495,0.0018086130714759507,0.8015166682988102
implicit_euler,0.8527201253465254,0.0018181591486305937,0.8014898178047306
implicit_euler,0.854538284495156,0.0018277862264450828,0.8014615102236843
implicit_euler,0.8563660707216011,0.001837496728527399,0.8014317216702296
implicit_euler,0.8582035674501285,0.0018472931499334821,0.8014004286388047
implicit_euler,0.860050860600062,0.0018571780583561681,0.8013676040996915
implicit_euler,0.8619080386584181,0.0018671540999021241,0.8013332209248832
implicit_euler,0.8637751927583203,0.0018772240010440644,0.8012972503215716
implicit_euler,0.8656524167593643,0.001887390572482217,0.8012596607132282
implicit_euler,0.8675398073318465,0.0018976567144590728,0.8012204206271276
implicit_euler,0.8694374640463056,0.001908025418812409,0.8011794951577708
implicit_euler,0.871345489465118,0.0019184997753326494,0.8011368484374792
implicit_euler,0.8732639892404507,0.0019290829753600969,0.8010924417438637
implicit_euler,0.8751930722158108,0.001939778317796681,0.8010462359865981
implicit_euler,0.8771328505336075,0.0019505892122958501,0.8009981876620452
implicit_euler,0.8790834397459033,0.0019615191875186344,0.8009482530851842
implicit_euler,0.8810449589334219,0.0019725718944639814,0.8008963847182315
implicit_euler,0.8830175308278859,0.001983751114467247,0.8008425328485604
implicit_euler,0.8850012819423532,0.0019950607653911323,0.8007866459026125
implicit_euler,0.8869963427077443,0.0020065049076460895,0.8007286683502096
implicit_euler,0.8890028476153904,0.0020180877530724395,0.8006685423883622
implicit_euler,0.8910209353684628,0.0020298136720112714,0.8006062067386437
implicit_euler,0.8930507490404741,0.0020416872021724597,0.8005415971307808
implicit_euler,0.8950924362426466,0.0020537130572135798,0.8004746457530943
implicit_euler,0.8971461492998601,0.002065896136352552,0.8004052805944974
implicit_euler,0.8992120454362127,0.002078241535203529,0.8003334266094662
implicit_euler,0.9012902869714162,0.0020907545555068907,0.8002590037141568
implicit_euler,0.9033810415269231,0.0021034407178773806,0.800181927585629
implicit_euler,0.9054844822448005,0.002116305773995797,0.8001021098625636
implicit_euler,0.9076007880187963,0.0021293557190220636,0.800019456231677
implicit_euler,0.9097301437378184,0.0021425968070760693,0.7999338674389936
implicit_euler,0.9118727405448944,0.002156035565985981,0.7998452386833751
implicit_euler,0.9140287761108804,0.002169678813472631,0.7997534589960832
implicit_euler,0.916198454924353,0.0021835336748607936,0.7996584107032189
implicit_euler,0.9183819885992138,0.002197607602282603,0.799559969358292
implicit_euler,0.9205795962014964,0.0022119083947997886,0.799458002937093
implicit_euler,0.9227915045962962,0.0022264442205272017,0.7993523715983222
implicit_euler,0.9250179488168234,0.0022412236400689567,0.7992429270088341
implicit_euler,0.9272591724568924,0.002256255631959858,0.7991295111587872
implicit_euler,0.9295154280888522,0.002271549620947111,0.7990119569650136
implicit_euler,0.9317869777097993,0.0022871155067106796,0.798890085763395
implicit_euler,0.93407409321651,0.002302963697545568,0.7987637081973217
implicit_euler,0.9363770569140556,0.002319105144348965,0.7986326219283653
implicit_euler,0.9386961620584046,0.002335551379595624,0.7984966121138953
implicit_euler,0.9410317134380002,0.002352314557513613,0.7983554481308943
implicit_euler,0.9433840279955138,0.002369407501123688,0.7982088844926967
implicit_euler,0.9457534354966375,0.002386843750271428,0.7980566592848477
implicit_euler,0.9481402792469089,0.002404637614485172,0.7978984907853944
implicit_euler,0.9505449168613941,0.002422804233727205,0.7977340776236652
implicit_euler,0.9529677210951213,0.0024413596421071215,0.7975630973932528
implicit_euler,0.9554090807372284,0.0024603208371752894,0.7973852031074639
implicit_euler,0.9578694015744037,0.0024797058585362963,0.7972000206829435
implicit_euler,0.96034910743294,0.0024995338747882956,0.7970071495798333
implicit_euler,0.9628486413077283,0.0025198252743811045,0.7968061559816095
implicit_euler,0.9653684665821094,0.0025406017726329333,0.7965965729215922
implicit_euler,0.9679090683547423,0.0025618865248328015,0.7963778945431541
implicit_euler,0.9704709548795751,0.0025837042554714973,0.7961495743101491
implicit_euler,0.9730546591350466,0.0026060813983143083,0.7959110178178943
implicit_euler,0.9756607405333609,0.002629046257126122,0.7956615817593572
implicit_euler,0.9782897867904871,0.0026526291783606215,0.7954005639705944
implicit_euler,0.9809424159688477,0.0026768627518963806,0.7951272007051357
implicit_euler,0.9836192787207441,0.002701782029746025,0.7948406578090648
implicit_euler,0.9863210607504901,0.0027274247748300118,0.7945400215501401
implicit_euler,0.9890484855253201,0.0027538317429737225,0.7942242915359029
implicit_euler,0.9918023172682938,0.0027810469973920116,0.7938923677411557
implicit_euler,0.9945833642656858,0.002809118269112343,0.7935430402601811
implicit_euler,0.9973924825347982,0.002838097362671821,0.7931749719271904
implicit_euler,1.00023057989747,0.002868040624386392,0.7927866851618953
implicit_euler,1.0030986205218564,0.002899009471491132,0.7923765392489864
implicit_euler,1.0059976299933475,0.0029310710061150047,0.7919427108001
implicit_euler,1.0089287009994625,0.0029642987167770585,0.7914831644475204
implicit_euler,1.0118929997162396,0.002998773295363799,0.7909956239787193
implicit_euler,1.0148917730116034,0.0030345835812806143,0.790477533293556
implicit_euler,1.017926356592884,0.0030718276670302913,0.789926013802284
implicit_euler,1.0209981842599143,0.0031106141909462703,0.7893378110856409
implicit_euler,1.0241087984508606,0.0031510638611045305,0.7887092321465504
implicit_euler,1.027259862311965,0.003193311258188114,0.7880360683878389
implicit_euler,1.0304531735701532,0.0032375069825683056,0.7873135038238175
implicit_euler,1.0336906805527215,0.003283820222302003,0.7946572597565331
implicit_euler,1.0369745007750235,0.0033153696292740342,0.8029839420611922
implicit_euler,1.0402898704042975,0.003329822119978676,0.8029984477549176
implicit_euler,1.0436196925242762,0.0033443074056733746,0.8029799932295376
implicit_euler,1.0469639999299496,0.0033588943021021223,0.8029612554105559
implicit_euler,1.0503228942320517,0.003373584184444667,0.8029423612423523
implicit_euler,1.0536964784164964,0.0033883781774670663,0.8029233103675493
implicit_euler,1.0570848565939635,0.0034032774196524063,0.8029040999354221
implicit_euler,1.0604881340136159,0.003418283068697736,0.8028847289621206
implicit_euler,1.0639064170823136,0.0034333962978327914,0.802865195007225
implicit_euler,1.0673398133801464,0.00344861829917531,0.8028454966672711
implicit_euler,1.0707884316793217,0.0034639502817954693,0.80282563128852
implicit_euler,1.0742523819611172,0.0034793934746801813,0.8028055974629883
implicit_euler,1.0777317754357973,0.0034949491243445596,0.8027853929481277
implicit_euler,1.081226724560142,0.0035106184969218024,0.8027650157069989
implicit_euler,1.0847373430570637,0.003526402878023971,0.802744463700306
implicit_euler,1.0882637459350877,0.0035423035730555164,0.8027237348864347
implicit_euler,1.0918060495081432,0.0035583219075308037,0.8027028270128562
implicit_euler,1.095364371415674,0.003574459227862592,0.802681738033165
implicit_euler,1.0989388306435366,0.0035907169012379114,0.8026604654811778
implicit_euler,1.1025295475447745,0.0036070963168908232,0.8026390075144966
implicit_euler,1.1061366438616653,0.0036235988850541467,0.8026173618710533
implicit_euler,1.1097602427467195,0.0036402260382439877,0.8025955254501979
implicit_euler,1.1134004687849635,0.0036569792335314766,0.8025734968204948
implicit_euler,1.117057448018495,0.0036738599491337176,0.8025512732944199
implicit_euler,1.1207313079676287,0.003690869687634768,0.8025288523907361
implicit_euler,1.1244221776552634,0.003708009975911253,0.8025062316256449
implicit_euler,1.1281301876311747,0.0037252823655418155,0.8024834083034112
implicit_euler,1.1318554699967165,0.0037426884337079525,0.802460380354063
implicit_euler,1.1355981584304244,0.0037602297821577313,0.8024371452867082
implicit_euler,1.1393583882125822,0.003777908038596678,0.8024136995596933
implicit_euler,1.1431362962511789,0.003795724859607441,0.8023900417248849
implicit_euler,1.1469320211107863,0.0038136819261729293,0.8023661678156465
implicit_euler,1.1507457030369592,0.0038317809500827416,0.8023420759598446
implicit_euler,1.154577483987042,0.0038500236694496426,0.802317763234315
implicit_euler,1.1584275076564916,0.003868411851675635,0.8022932265030371
implicit_euler,1.1622959195081672,0.0038869472944706995,0.8022684630472293
implicit_euler,1.166182866802638,0.0039056318253600786,0.8022434701458013
implicit_euler,1.170088498627998,0.003924467302200307,0.8022182442342184
implicit_euler,1.1740129659301983,0.003943455615773361,0.8021927823755384
implicit_euler,1.1779564215459717,0.003962598688815655,0.8021670820512761
implicit_euler,1.1819190202347873,0.003981898475536205,0.8021411396885787
implicit_euler,1.1859009187103235,0.004001356964784986,0.8021149521324266
implicit_euler,1.1899022756751085,0.00402097617962327,0.8020885162251887
implicit_euler,1.1939232518547318,0.0040407581779313695,0.8020618281744457
implicit_euler,1.1979640100326632,0.004060705054630853,0.802034885027626
implicit_euler,1.202024715087294,0.004080818940215281,0.8020076838300777
implicit_euler,1.2061055340275093,0.004101102001384138,0.8019802199373253
implicit_euler,1.2102066360288934,0.004121556446024632,0.801952490810795
implicit_euler,1.214328192474918,0.00414218451853654,0.8019244924328528
implicit_euler,1.2184703769934546,0.004162988504313958,0.8018962203600404
implicit_euler,1.2226333654977686,0.004183970731607811,0.8018676726801195
implicit_euler,1.2268173362293764,0.004205133565685193,0.8018388440993376
implicit_euler,1.2310224697950616,0.004226479418385942,0.8018097310100702
implicit_euler,1.2352489492134475,0.004248010744541064,0.8017803295907593
implicit_euler,1.2394969599579886,0.004269730043332087,0.801750635805568
implicit_euler,1.2437666900013207,0.004291639859686391,0.801720646038933
implicit_euler,1.248058329861007,0.004313742783999874,0.8016903549794212
implicit_euler,1.252372072645007,0.00433604145756572,0.8016597592168566
implicit_euler,1.2567081141025727,0.0043585385683870825,0.8175169971401339
implicit_euler,1.2610666526709597,0.004338454102968736,0.8428424022119653
implicit_euler,1.2654051067739285,0.004253087607835937,0.8408944138665971
implicit_euler,1.2696581943817644,0.004174227399109887,0.8389200621145612
implicit_euler,1.2738324217808743,0.004101647403458308,0.8371710622966368
implicit_euler,1.2779340691843326,0.004034537245467984,0.8356128627818108
implicit_euler,1.2819686064298006,0.003972223535123609,0.83421574672896
implicit_euler,1.2859408299649242,0.0039141457920515155,0.8329558634096803
implicit_euler,1.2898549757569757,0.003859832980138922,0.8318138615423685
implicit_euler,1.2937148087371146,0.003808885745584245,0.8307738742865635
implicit_euler,1.2975236944826989,0.0037609628150112595,0.8298227647862191
implicit_euler,1.3012846572977101,0.0037157704494537036,0.8289495644583066
implicit_euler,1.3050004277471638,0.0036730541600484834,0.8281450406547537
implicit_euler,1.3086734819072123,0.00363259213987166,0.8274013666458735
implicit_euler,1.312306074047084,0.003594189998767261,0.8267118623440143
implicit_euler,1.3159002640458513,0.003557676508910923,0.8260707930360326
implicit_euler,1.3194579405547622,0.0035229001327186094,0.8254732053755229
implicit_euler,1.3229808406874808,0.003489726175789576,0.8249148008769461
implicit_euler,1.3264705668632704,0.003458034425876999,0.8243918288474394
implicit_euler,1.3299286012891474,0.003427717191634594,0.8239010035619947
implicit_euler,1.333356318480782,0.00339867765492996,0.8234394328030897
implicit_euler,1.336754996135712,0.003370828485623978,0.8230045614642731
implicit_euler,1.340125824621336,0.0033440906658293024,0.8225941241735599
implicit_euler,1.3434699152871652,0.0033183924879260918,0.8222061036887705
implicit_euler,1.3467883077750913,0.0032936687006848153,0.8218386994143171
implicit_euler,1.350081976475776,0.0032698597717844002,0.8214902985482693
implicit_euler,1.3533518362475605,0.003246911252487994,0.8211594521958059
implicit_euler,1.3565987475000485,0.0032247732271191154,0.820844854280222
implicit_euler,1.3598235207271676,0.003203399835693288,0.8205453261830769
implicit_euler,1.363026920562861,0.0031827488534392767,0.820259799444456
implicit_euler,1.3662096694163002,0.0031627813268879645,0.8199873051290408
implicit_euler,1.3693724507431881,0.003143461250043611,0.8197269605667429
implicit_euler,1.3725159119932318,0.00312475528287659,0.8194779617614147
implicit_euler,1.3756406672761083,0.0031066324987543137,0.8192395738449709
implicit_euler,1.3787472997748627,0.003089064162573596,0.819011123345334
implicit_euler,1.3818363639374363,0.0030720235343382196,0.8187919938372656
implicit_euler,1.3849083874717745,0.003055485690348858,0.8185816172630015
implicit_euler,1.3879638731621233,0.003039427368907832,0.8183794717279786
implicit_euler,1.3910033005310312,0.0030238268272813063,0.8181850753066418
implicit_euler,1.3940271273583125,0.0030086637164963292,0.8179979839857573
implicit_euler,1.3970357910748088,0.002993918965484621,0.8178177853363319
implicit_euler,1.4000297100402934,0.0029795746817606883,0.8176440985533052
implicit_euler,1.403009284722054,0.0029656140563185662,0.8174765699089459
implicit_euler,1.4059748987783727,0.0029520212806841695,0.8173148709712951
implicit_euler,1.4089269200590568,0.0029387814705896798,0.8171586960294487
implicit_euler,1.4118657015296465,0.002925880597331787,0.8170077596681378
implicit_euler,1.4147915821269783,0.002913305426178292,0.8168617975266503
implicit_euler,1.4177048875531566,0.0029010434558374154,0.8167205606473208
implicit_euler,1.420605931008994,0.0028890828701919613,0.8165838177760015
implicit_euler,1.423495013879186,0.0028774124878450102,0.8164513516452666
implicit_euler,1.426372426367031,0.002866021720014489,0.8163229591807456
implicit_euler,1.4292384480870455,0.0028549005296161223,0.8161984498023347
implicit_euler,1.4320933486166616,0.002844039394753972,0.8160776448452639
implicit_euler,1.4349373880114156,0.0028334292745022527,0.8159603753566849
implicit_euler,1.4377708172859178,0.002823061579671604,0.8158464838375481
implicit_euler,1.4405938788655894,0.002812928141594062,0.8157358212392704
implicit_euler,1.4434068070071835,0.0028030211870753163,0.8156282472501989
implicit_euler,1.4462098281942588,0.002793333313702906,0.8155236293321209
implicit_euler,1.4490031615079617,0.0027838574675929095,0.815421842819215
implicit_euler,1.4517870189755546,0.002774586921684419,0.8153227693962837
implicit_euler,1.454561605897239,0.002765515257288742,0.8152262978997209
implicit_euler,1.4573271211545278,0.0027566363448661146,0.8151323224860731
implicit_euler,1.460083757499394,0.0027479443284632588,0.815040743235573
implicit_euler,1.4628317018278572,0.002739433609616704,0.8149514652645349
implicit_euler,1.4655711354374739,0.002731098833217205,0.8148643989916732
implicit_euler,1.468302234270691,0.002722934873343519,0.814779459175501
implicit_euler,1.4710251691440346,0.002714936821102576,0.8146965646027402
implicit_euler,1.4737401059651372,0.0027070999733376233,0.8146156386582707
implicit_euler,1.4764472059384748,0.002699419820712423,0.8145366081782537
implicit_euler,1.4791466257591872,0.0026918920380110123,0.8144594033157767
implicit_euler,1.4818385177971982,0.0026845124749290683,0.8143839582738006
implicit_euler,1.4845230302721273,0.0026772771459129263,0.8143102094808483
implicit_euler,1.4872003074180402,0.0026701822232464423,0.8142380972046767
implicit_euler,1.4898704896412867,0.002663224027697364,0.8141675641235797
implicit_euler,1.492533713668984,0.002656399021720768,0.8140985550166288
implicit_euler,1.4951901126907048,0.0026497038033457265,0.8140310181487856
implicit_euler,1.4978398164940505,0.002643135097978311,0.8139649035247434
implicit_euler,1.5004829515920288,0.002636689753219512,0.8139001634497053
implicit_euler,1.5031196413452483,0.0026303647329133373,0.8138367521338605
implicit_euler,1.5057500060781617,0.0026241571119773877,0.8137746260220177
implicit_euler,1.508374163190139,0.002618064070829762,0.8137137437682403
implicit_euler,1.5109922272609688,0.0026120828899844906,0.8136540649183666
implicit_euler,1.5136043101509533,0.0026062109468782957,0.813595551443843
implicit_euler,1.5162105210978316,0.0026004457103332435,0.8135381663208108
implicit_euler,1.5188109668081649,0.002594784737402378,0.8134818749456658
implicit_euler,1.5214057515455672,0.002589225668039097,0.8134266426813295
implicit_euler,1.5239949772136063,0.0025837662237735426,0.813372438031917
implicit_euler,1.5265787434373799,0.0025784042014045383,0.8133192292726167
implicit_euler,1.5291571476387844,0.0025731374721358335,0.813266986922506
implicit_euler,1.5317302851109202,0.002567963976849885,0.8132156820271682
implicit_euler,1.5342982490877701,0.0025628817241720725,0.8131652867732138
implicit_euler,1.5368611308119422,0.0025578887876205325,0.8131157752102567
implicit_euler,1.5394190195995627,0.0025529833016804115,0.8130671213332842
implicit_euler,1.5419720029012431,0.0025481634609536563,0.8130193009631429
implicit_euler,1.5445201663621968,0.0025434275163984665,0.8129722899584827
implicit_euler,1.5470635938785953,0.0025387737744266836,0.8129260658625772
implicit_euler,1.549602367653022,0.0025342005934620992,0.8128806066972342
implicit_euler,1.552136568246484,0.002529706382434327,0.8128358911323275
implicit_euler,1.5546662746289184,0.002525289599042857,0.812791899104744
implicit_euler,1.5571915642279612,0.0025209487470969627,0.8127486107457651
implicit_euler,1.5597125129750582,0.002516682375560242,0.8127060071183868
implicit_euler,1.5622291953506184,0.0025124890764813834,0.8126640697163469
implicit_euler,1.5647416844270998,0.002508367483732954,0.812622781420675
implicit_euler,1.5672500519108328,0.002504316270303786,0.8125821244435262
implicit_euler,1.5697543681811366,0.0025003341487934705,0.8125420830697477
implicit_euler,1.57225470232993,0.002496419867704436,0.8125026406106047
implicit_euler,1.5747511221976345,0.0024925722124526928,0.8124637821379008
implicit_euler,1.5772436944100872,0.0024887900021941523,0.81242549299936
implicit_euler,1.5797324844122813,0.002485072088960205,0.8123877580157424
implicit_euler,1.5822175565012415,0.0024814173580396393,0.8123505641922785
implicit_euler,1.5846989738592812,0.002477824724229638,0.8123138976063411
implicit_euler,1.5871767985835108,0.002474293132871175,0.8122777450238664
implicit_euler,1.589651091716382,0.00247082155842393,0.8122420940807835
implicit_euler,1.592121913274806,0.0024674090027891893,0.8122069328130649
implicit_euler,1.594589322277595,0.00246405449436482,0.8121722488702486
implicit_euler,1.59705337677196,0.0024607570883095065,0.8121380310052028
implicit_euler,1.5995141338602694,0.0024575158645570028,0.8121042682845926
implicit_euler,1.6019716497248264,0.002454329927046972,0.8120709498481824
implicit_euler,1.6044259796518734,0.002451198403332855,0.8120380652074103
implicit_euler,1.6068771780552062,0.0024481204437469817,0.8120056040063508
implicit_euler,1.6093252984989532,0.0024450952209400523,0.8119735569588515
implicit_euler,1.6117703937198933,0.002442121928021068,0.8119419140096362
implicit_euler,1.6142125156479143,0.0024391997794765974,0.811910666445394
implicit_euler,1.616651715427391,0.002436328008924127,0.811879804850903
implicit_euler,1.619088043436315,0.0024335058699482826,0.8118493201549768
implicit_euler,1.6215215493062634,0.002430732635370081,0.811819205083906
implicit_euler,1.6239522819416334,0.0024280075943545754,0.8117894505525096
implicit_euler,1.626380289535988,0.002425330054930841,0.811760048394393
implicit_euler,1.6288056195909189,0.00242269934242878,0.8117309915452381
implicit_euler,1.6312283189333476,0.0024201147976543602,0.8117022721374448
implicit_euler,1.633648433731002,0.0024175757779199003,0.8116738825360458
implicit_euler,1.636066009508922,0.002415081656529816,0.8116458159454355
implicit_euler,1.6384810911654517,0.0024126318213715248,0.8116180657649023
implicit_euler,1.6408937229868232,0.002410225674477351,0.8115906243324442
implicit_euler,1.6433039486613006,0.0024078626334522735,0.8115634860197921
implicit_euler,1.6457118112947529,0.002405542128314231,0.8115366439028987
implicit_euler,1.648117353423067,0.0024032636032824684,0.81151009181934
implicit_euler,1.6505206170263496,0.0024010265155158805,0.8114838237333702
implicit_euler,1.6529216435418654,0.002398830334802371,0.8114578339282162
implicit_euler,1.6553204738766678,0.002396674542964883,0.8114321163794905
implicit_euler,1.6577171484196327,0.002394558634201127,0.8114066661743154
implicit_euler,1.6601117070538338,0.002392482113331429,0.8113814766432819
implicit_euler,1.6625041891671652,0.0023904444982805195,0.8113565438322279
implicit_euler,1.6648946336654458,0.002388445315971932,0.8113318616058198
implicit_euler,1.6672830789814177,0.002386484105441733,0.8113074250954081
implicit_euler,1.6696695630868594,0.0023845604158760914,0.8112832302737274
implicit_euler,1.6720541235027355,0.002382673805283231,0.8112592709202463
implicit_euler,1.6744367973080188,0.0023808238436269225,0.8112355434532146
implicit_euler,1.6768176211516457,0.002379010108862545,0.8112120426873553
implicit_euler,1.6791966312605082,0.0023772321892103765,0.811188764441459
implicit_euler,1.6815738634497186,0.0023754896816001736,0.8111657047224536
implicit_euler,1.6839493531313188,0.0023737821913201174,0.8111428587206805
implicit_euler,1.6863231353226389,0.0023721093331383614,0.8111202224003411
implicit_euler,1.6886952446557773,0.002370470730096219,0.8110977920880377
implicit_euler,1.6910657153858735,0.002368866012909754,0.811075563472976
implicit_euler,1.6934345813987832,0.0023672948208350864,0.8110535329891703
implicit_euler,1.6958018762196183,0.002365756800514429,0.8110316966189407
implicit_euler,1.6981676330201327,0.0023642516065736086,0.8110100508746678
implicit_euler,1.7005318846267063,0.002362778900787621,0.8109885920021626
implicit_euler,1.702894663527494,0.0023613383524114795,0.8109673169570936
implicit_euler,1.7052560018799054,0.0023599296370895306,0.8109462216323795
implicit_euler,1.707615931516995,0.0023585524383482603,0.8109253035952333
implicit_euler,1.7099744839553432,0.002357206445107618,0.8109045585593753
implicit_euler,1.7123316904004509,0.0023558913543253457,0.8108839837023821
implicit_euler,1.7146875817547762,0.0023546068688189425,0.8108635764822585
implicit_euler,1.7170421886235951,0.00235335269681225,0.8108433330807022
implicit_euler,1.7193955413204074,0.0023521285537422276,0.8108232509229814
implicit_euler,1.7217476698741496,0.0023509341604091016,0.8108033267320842
implicit_euler,1.7240986040345587,0.002349769243952471,0.8107835580711575
implicit_euler,1.7264483732785112,0.002348633536591427,0.8107639421780615
implicit_euler,1.7287970068151026,0.002347526776055986,0.810744475772221
implicit_euler,1.7311445335911586,0.0023464487062989647,0.81072515658671
implicit_euler,1.7334909822974576,0.0023453990759900734,0.8107059816346589
implicit_euler,1.7358363813734476,0.0023443776395215554,0.8106869495010112
implicit_euler,1.7381807590129692,0.0023433841546998124,0.8106680561354909
implicit_euler,1.740524143167669,0.0023424183865221604,0.8106492994336536
implicit_euler,1.7428665615541912,0.0023414801043286637,0.8106306784565417
implicit_euler,1.7452080416585198,0.002340569080088395,0.8106121883043431
implicit_euler,1.7475486107386082,0.0023396850940893277,0.8105938294095165
implicit_euler,1.7498882958326976,0.0023388279272076318,0.8105755971090759
implicit_euler,1.7522271237599052,0.0023379973682355892,0.8105574907261147
implicit_euler,1.7545651211281408,0.0023371932080988866,0.8105395075154549
implicit_euler,1.7569023143362397,0.0023364152428158036,0.810521645493623
implicit_euler,1.7592387295790555,0.0023356632723705584,0.8105039021176127
implicit_euler,1.761574392851426,0.002334937101494683,0.8104862767174047
implicit_euler,1.7639093299529207,0.00233423653694409,0.8104687650640895
implicit_euler,1.7662435664898648,0.002333561392600325,0.8104513674090827
implicit_euler,1.7685771278824651,0.0023329114829966358,0.8104340802591563
implicit_euler,1.7709100393654618,0.002332286628685676,0.8104169023471004
implicit_euler,1.7732423259941474,0.0023316866530134206,0.8103998323856864
implicit_euler,1.7755740126471609,0.0023311113821287144,0.810382867215321
implicit_euler,1.7779051240292896,0.002330560647654245,0.8103660062496809
implicit_euler,1.7802356846769438,0.002330034282966409,0.8103492472108096
implicit_euler,1.7825657189599102,0.0023295321256096013,0.8103325883497042
implicit_euler,1.7848952510855198,0.002329054016515064,0.8103160280717655
implicit_euler,1.787224305102035,0.0023285997997624097,0.8102995645662763
implicit_euler,1.7895529049017973,0.0023281693228727196,0.8102831965383162
implicit_euler,1.79188107422467,0.00232776243604893,0.810266922288264
implicit_euler,1.794208836660719,0.0023273789927427124,0.8102507400779413
implicit_euler,1.7965362156534617,0.0023270188496933297,0.8102346484930214
implicit_euler,1.798863234503155,0.002326681866446245,0.8102186460744782
implicit_euler,1.8011899163696012,0.0023263679054035258,0.8102027309537314
implicit_euler,1.8035162842750048,0.0023260768323962733,0.8101869026666398
implicit_euler,1.805842361107401,0.0023258085146553586,0.8101711583398128
implicit_euler,1.8081681696220564,0.002325562824255778,0.8101554977668433
implicit_euler,1.8104937324463122,0.002325339634275281,0.8101399188754745
implicit_euler,1.8128190720805875,0.0023251388214597934,0.8101244209823184
implicit_euler,1.8151442109020473,0.0023249602642176903,0.8101090019033164
implicit_euler,1.817469171166265,0.002324803844761414,0.8100936606561938
implicit_euler,1.8197939750110264,0.002324669447371086,0.8100783965530955
implicit_euler,1.8221186444583974,0.002324556957961521,0.8100632075866085
implicit_euler,1.824443201416359,0.0023244662659636095,0.810048092403214
implicit_euler,1.8267676676823226,0.00232439726337641,0.8100330506530018
implicit_euler,1.829092064945699,0.002324349843316753,0.810018080309675
implicit_euler,1.8314164147890157,0.00232432390241466,0.8100031807040886
implicit_euler,1.8337407386914304,0.00232431933885624,0.8099883498497488
implicit_euler,1.8360650580302866,0.0023243360542646307,0.8099735879955717
implicit_euler,1.8383893940845513,0.0023243739504841265,0.8099588924764765
implicit_euler,1.8407137680350354,0.002324432933751952,0.809944263386986
implicit_euler,1.8430382009687873,0.0023245129107305473,0.8099296989729748
implicit_euler,1.845362713879518,0.002324613791152119,0.8099151982859403
implicit_euler,1.84768732767067,0.002324735486654683,0.8099007606479385
implicit_euler,1.8500120631573247,0.0023248779103859363,0.8098863844194759
implicit_euler,1.8523369410677106,0.0023250409783763804,0.809872068758151
implicit_euler,1.854661982046087,0.002325224608387577,0.809857813086286
implicit_euler,1.8569872066544746,0.0023254287195260126,0.8098436156899024
implicit_euler,1.8593126353740006,0.002325653233867131,0.8098294763430295
implicit_euler,1.8616382886078677,0.0023258980743128266,0.8098153933338587
implicit_euler,1.8639641866821806,0.002326163166718631,0.809801366431667
implicit_euler,1.8662903498488992,0.002326448437760975,0.809787394095777
implicit_euler,1.8686167982866602,0.002326753816812799,0.8097734757385622
implicit_euler,1.870943552103473,0.002327079234569096,0.809759610678343
implicit_euler,1.873270631338042,0.002327424623175922,0.8097457971016537
implicit_euler,1.875598055961218,0.002327789917853096,0.8097320353505221
implicit_euler,1.877925845879071,0.002328175053790016,0.8097183237685426
implicit_euler,1.880254020932861,0.002328579969014033,0.8097046616406587
implicit_euler,1.8825826009018751,0.002329004603032203,0.809691047982012
implicit_euler,1.8849116055049073,0.002329448897215425,0.8096774823970613
implicit_euler,1.8872410544021228,0.0023299127939464537,0.8096639638748546
implicit_euler,1.8895709671960692,0.0023303962375005316,0.8096504913058691
implicit_euler,1.8919013634335697,0.0023308991741834983,0.8096370641651512
implicit_euler,1.8942322626077532,0.002331421551487356,0.8096236818247622
implicit_euler,1.8965636841592406,0.00233196331823482,0.8096103432129389
implicit_euler,1.8988956474774754,0.002332524425213922,0.8095970476669773
implicit_euler,1.9012281719026893,0.002333104824586263,0.8095837942498458
implicit_euler,1.9035612767272756,0.002333704470280029,0.8095705829388583
implicit_euler,1.9058949811975556,0.002334323316667497,0.8095574117385522
implicit_euler,1.9082293045142231,0.002334961321406759,0.8095442812610683
implicit_euler,1.9105642658356299,0.002335618441680287,0.8095311898083023
implicit_euler,1.9128998842773102,0.0023362946375218296,0.8095181372670844
implicit_euler,1.915236178914832,0.002336989869530237,0.809505122570555
implicit_euler,1.9175731687843622,0.0023377041002408117,0.8094921453862133
implicit_euler,1.919910872884603,0.0023384372930650432,0.8094792044302505
implicit_euler,1.922249310177668,0.002339189413661069,0.8094662999895645
implicit_euler,1.9245884995913292,0.002339960427663268,0.8094534302249801
implicit_euler,1.9269284600189924,0.00234075030375247,0.8094405953670823
implicit_euler,1.929269210322745,0.002341559010663019,0.809427794527416
implicit_euler,1.931610769333408,0.0023423865187983672,0.8094150272069505
implicit_euler,1.9339531558522063,0.002343232799666195,0.8094022921265034
implicit_euler,1.9362963886518725,0.0023440978270068413,0.8093895897268321
implicit_euler,1.9386404864788793,0.002344981574302185,0.8093769183351974
implicit_euler,1.9409854680531815,0.002345884017833866,0.8093642779949818
implicit_euler,1.9433313520710154,0.002346805134197938,0.8093516679681423
implicit_euler,1.9456781572052133,0.002347744901434856,0.8093390877327385
implicit_euler,1.9480259021066482,0.0023487032987159484,0.8093265359892852
implicit_euler,1.9503746054053641,0.002349680307470292,0.8093140134707638
implicit_euler,1.9527242857128344,0.002350675908436184,0.8093015188085534
implicit_euler,1.9550749616212706,0.0023516900847078137,0.8092890511791211
implicit_euler,1.9574266517059784,0.0023527228209470064,0.8092766102996657
implicit_euler,1.9597793745269254,0.0023537741025956294,0.8092641957674566
implicit_euler,1.962133148629521,0.00235484391605012,0.8092518073881119
implicit_euler,1.9644879925455712,0.002355932248357284,0.8092394433726818
implicit_euler,1.9668439247939284,0.0023570390895344406,0.8092271045986619
implicit_euler,1.9692009638834629,0.0023581644286894132,0.8092147896933156
implicit_euler,1.9715591283121523,0.002359308257295689,0.8092024983094762
implicit_euler,1.973918436569448,0.002360470567699613,0.809190230141105
implicit_euler,1.9762789071371476,0.0023616513530606564,0.809177984271908
implicit_euler,1.9786405584902083,0.0023628506082404854,0.8091657603158944
implicit_euler,1.9810034090984487,0.002364068329032243,0.8091535580890258
implicit_euler,1.983367477427481,0.002365304511863231,0.8091413769593925
implicit_euler,1.9857327819393442,0.0023665591544510534,0.8091292161732434
implicit_euler,1.9880993410937953,0.0023678322559819165,0.8091170753401074
implicit_euler,1.9904671733497772,0.0023691238165812756,0.8091049542686568
implicit_euler,1.9928362971663585,0.002370433837021624,0.8090928519976957
implicit_euler,1.99520673100338,0.002371762319851589,0.8090807684107443
implicit_euler,1.9975784933232317,0.002373109268159368,0.8090687029437682
implicit_euler,1.999951602591391,4.8397408608957804e-05,0.0003375609294568394
euler,0.0,0.00012507772569019985,0.8103868666559487
euler,0.00012507772569019985,0.0001250478670018267,0.8064997226161523
euler,0.00025012559269202656,0.000125318932397195,0.8065068150215704
euler,0.00037544452508922157,0.00012559003315733367,0.8065065127954719
euler,0.0005010345582465552,0.00012586174396848307,0.8065062242900405
euler,0.0006268963022150383,0.00012613406517948515,0.8065059348408747
euler,0.0007530303673945235,0.00012640699828252026,0.8065056447075458
euler,0.0008794373656770437,0.00012668054475342054,0.8065053541498628
euler,0.0010061179104304643,0.00012695470605144266,0.8065050632790236
euler,0.001133072616481907,0.00012722948363077906,0.8065047713124224
euler,0.001260302100112686,0.00012750487901112698,0.8065044785063127
euler,0.001387806979123813,0.00012778089369607014,0.806504186012209
euler,0.001515587872819883,0.0001280575291017958,0.8065038918498653
euler,0.0016436454019216789,0.00012833478680528815,0.8065035976167032
euler,0.001771980188726967,0.00012861266826077696,0.8065033028215783
euler,0.001900592856987744,0.00012889117496526505,0.8065030072696596
euler,0.002029484031953009,0.00012917030843523315,0.8065027110641533
euler,0.002158654340388242,0.0001294500701829013,0.8065024140076731
euler,0.0022881044105711435,0.0001297304617403263,0.8065021165019036
euler,0.00241783487231147,0.00013001148461130006,0.8065018183478706
euler,0.00254784635692277,0.0001302931403195282,0.8065015199467526
euler,0.002678139497242298,0.00013057543036023135,0.8065012203445211
euler,0.0028087149276025294,0.00013085835630975012,0.8065009200901895
euler,0.0029395732839122795,0.0001311419197041917,0.8065006195833243
euler,0.0030707152036164712,0.00013142612205113442,0.8065003180153321
euler,0.0032021413256676057,0.00013171096492794196,0.806500016236985
euler,0.0033338522905955476,0.00013199644984669733,0.8064997137390912
euler,0.003465848740442245,0.00013228257836499138,0.8064994103123533
euler,0.0035981313188072363,0.0001325693520617395,0.8064991065042153
euler,0.003730700670868976,0.00013285677247504854,0.8064988018005216
euler,0.0038635574433440244,0.00013314484118937117,0.806498496443982
euler,0.0039967022845333955,0.0001334335597733636,0.8064981908295807
euler,0.004130135844306759,0.00013372292976706127,0.8064978839821819
euler,0.00426385877407382,0.0001340129527953619,0.8064975770559704
euler,0.004397871726869182,0.00013430363039162833,0.8064972690725665
euler,0.004532175357260811,0.0001345949641746039,0.806496960576019
euler,0.0046667703214354145,0.00013488695572199533,0.8064966511943236
euler,0.00480165727715741,0.0001351796066467667,0.8064963414713202
euler,0.0049368368838041765,0.00013547291852056536,0.8064960310328853
euler,0.005072309802324742,0.0001357668929505085,0.8064957199623748
euler,0.00520807669527525,0.00013606153154094216,0.8064954077284757
euler,0.005344138226816193,0.0001363568359453388,0.8064950954871296
euler,0.005480495062761531,0.00013665280772385754,0.8064947822446674
euler,0.005617147870485389,0.0001369494485247997,0.8064944683879335
euler,0.005754097319010189,0.0001372467599680717,0.8064941538421323
euler,0.00589134407897826,0.0001375447436842087,0.8064938386854558
euler,0.006028888822662469,0.00013784340130137615,0.8064935225321557
euler,0.006166732223963845,0.0001381427344850474,0.8064932062306271
euler,0.0063048749584488925,0.0001384427448324491,0.8064928887749802
euler,0.006443317703281342,0.00013874343403127987,0.8064925711676779
euler,0.0065820611373126215,0.00013904480368753368,0.8064922523988624
euler,0.006721105941000155,0.0001393468554984241,0.8064919328502165
euler,0.006860452796498579,0.00013964959113286352,0.8064916132149117
euler,0.007000102387631443,0.000139953012204091,0.8064912921663854
euler,0.007140055399835534,0.00014025712044466072,0.8064909708620918
euler,0.0072803125202801945,0.000140561917491234,0.8064906492169646
euler,0.0074208744377714285,0.00014086740499201587,0.8064903260526471
euler,0.007561741842763444,0.00014117358470253603,0.8064900026829168
euler,0.00770291542746598,0.00014148045826818147,0.8064896783946145
euler,0.007844395885734162,0.00014178802740114592,0.8064893538784198
euler,0.007986183913135308,0.0001420962937574398,0.8064890281044516
euler,0.008128280206892748,0.00014240525908815367,0.8064887019184335
euler,0.008270685465980901,0.00014271492507450176,0.8064883749135864
euler,0.008413400391055403,0.00014302529343808955,0.8064880474656623
euler,0.008556425684493493,0.0001433363658717747,0.8064877190077543
euler,0.008699762050365267,0.00014364814412326683,0.806487389913783
euler,0.008843410194488534,0.00014396062991172721,0.8064870600857822
euler,0.008987370824400261,0.0001442738249696155,0.8064867294243941
euler,0.009131644649369877,0.0001445877310429361,0.8064863984602272
euler,0.009276232380412813,0.00014490234983474508,0.8064860666191879
euler,0.009421134730247558,0.00014521768310411104,0.8064857337981612
euler,0.009566352413351669,0.00014553373262418678,0.8064854005259277
euler,0.009711886145975856,0.0001458505001251907,0.8064850665402531
euler,0.009857736646101047,0.00014616798736558426,0.8064847317353748
euler,0.01000390463346663,0.0001464861961181247,0.8064843960041401
euler,0.010150390829584756,0.00014680512817012194,0.8064840600326733
euler,0.010297195957754877,0.00014712478525119414,0.8064837229181333
euler,0.010444320743006072,0.00014744516917785007,0.8064833851860423
euler,0.010591765912183922,0.00014776628172354957,0.8064830470444481
euler,0.010739532193907471,0.00014808812464733867,0.8064827075843256
euler,0.01088762031855481,0.0001484106997964446,0.8064823678084535
euler,0.011036031018351255,0.000148734008930897,0.8064820272840835
euler,0.011184765027282152,0.00014905805385521248,0.8064816857356047
euler,0.011333823081137364,0.00014938283640427916,0.8064813438464583
euler,0.011483205917541643,0.00014970835835463603,0.8064810008588799
euler,0.01163291427589628,0.0001500346215578558,0.8064806576159462
euler,0.011782948897454135,0.00015036162779209772,0.8064803130353683
euler,0.011933310525246233,0.00015068937894113267,0.8064799679591764
euler,0.012083999904187365,0.00015101787681529727,0.8064796221052212
euler,0.012235017781002663,0.00015134712325613406,0.8064792756725467
euler,0.012386364904258797,0.00015167712009143616,0.8064789285374401
euler,0.012538042024350233,0.00015200786916548178,0.806478580090286
euler,0.012690049893515715,0.00015233937238506856,0.8064782314958
euler,0.012842389265900783,0.00015267163155220295,0.8064778821431167
euler,0.012995060897452986,0.00015300464853135187,0.8064775315796165
euler,0.013148065545984338,0.00015333842523503928,0.8064771806466486
euler,0.013301403971219377,0.0001536729635010503,0.8064768285656323
euler,0.013455076934720428,0.00015400826524625093,0.8064764763402615
euler,0.013609085199966679,0.0001543443322968574,0.8064761227014252
euler,0.013763429532263536,0.0001546811666053704,0.8064757686519544
euler,0.013918110698868906,0.00015501877003356625,0.8064754137319672
euler,0.014073129468902473,0.0001553571444923383,0.8064750579677731
euler,0.014228486613394811,0.00015569629189527388,0.8064747017112865
euler,0.014384182905290085,0.00015603621412713618,0.8064743446613825
euler,0.014540219119417221,0.0001563769131068208,0.8064739865146359
euler,0.014696596032524042,0.00015671839078791952,0.8064736274565484
euler,0.014853314423311961,0.000157060649111437,0.8064732683279625
euler,0.015010375072423398,0.00015740368994166497,0.8064729080039184
euler,0.015167778762365063,0.0001577475152575586,0.8064725466671279
euler,0.015325526277622622,0.00015809212702577562,0.8064721849932772
euler,0.015483618404648397,0.00015843752715208152,0.8064718223438365
euler,0.01564205593180048,0.0001587837176100053,0.80647145873522
euler,0.015800839649410484,0.00015913070037693391,0.8064710945126791
euler,0.015959970349787418,0.00015947847740159157,0.80647072952697
euler,0.01611944882718901,0.00015982705065269512,0.8064703637923489
euler,0.016279275877841705,0.00016017642210287494,0.806469997156826
euler,0.01643945229994458,0.00016052659374523118,0.8064696297977669
euler,0.01659997889368981,0.00016087756756066537,0.8064692613953977
euler,0.016760856461250476,0.00016122934556739993,0.8064688924566801
euler,0.016922085806817876,0.00016158192973850932,0.8064685226598948
euler,0.017083667736556386,0.00016193532208459357,0.8064681521793303
euler,0.01724560305864098,0.00016228952460423454,0.8064677806901409
euler,0.017407892583245214,0.00016264453933414677,0.8064674083645287
euler,0.01757053712257936,0.00016300036829933195,0.8064670353744976
euler,0.017733537490878692,0.00016335701351291587,0.8064666615582016
euler,0.01789689450439161,0.00016371447700986447,0.8064662870859993
euler,0.018060608981401473,0.0001640727608133892,0.806465911292402
euler,0.018224681742214862,0.00016443186701997278,0.8064655351809856
euler,0.018389113609234835,0.000164791797629623,0.8064651579167266
euler,0.018553905406864458,0.00016515255473300433,0.8064647800009127
euler,0.018719057961597462,0.00016551414037528286,0.8064644016004551
euler,0.018884572101972745,0.00016587655658994657,0.8064640218742668
euler,0.01905044865856269,0.0001662398055025452,0.8064636413215839
euler,0.019216688464065237,0.00016660388919319605,0.806463259938089
euler,0.019383292353258433,0.0001669688097481678,0.8064628782237488
euler,0.0195502611630066,0.00016733456920759587,0.8064624951621852
euler,0.019717595732214196,0.00016770116972257554,0.8064621114193775
euler,0.019885296901936772,0.00016806861338103385,0.8064617268185803
euler,0.020053365515317806,0.00016843690229501052,0.8064613415194758
euler,0.020221802417612816,0.00016880603856564078,0.8064609553428942
euler,0.020390608456178457,0.0001691760243185507,0.8064605679384916
euler,0.020559784480497008,0.00016954686172207176,0.8064601804798706
euler,0.02072933134221908,0.00016991855282710855,0.8064597915981497
euler,0.020899249895046188,0.00017029109983423413,0.8064594016169013
euler,0.021069540994880422,0.00017066450491622434,0.8064590115406183
euler,0.021240205499796647,0.00017103877014548394,0.8064586198230809
euler,0.02141124426994213,0.00017141389776397647,0.8064582281486267
euler,0.021582658167706107,0.00017178988984095991,0.8064578347958699
euler,0.021754448057547067,0.00017216674863458278,0.8064574409380676
euler,0.02192661480618165,0.00017254447628424138,0.8064570462142104
euler,0.02209915928246589,0.00017292307497372011,0.8064566504318049
euler,0.02227208235743961,0.00017330254691353547,0.8064562544241611
euler,0.022445384904353147,0.00017368289423070477,0.806455856627032
euler,0.02261906779858385,0.00017406411922653298,0.8064554585573976
euler,0.022793131917810384,0.000174446224045232,0.806455059676536
euler,0.022967578141855616,0.00017482921089494521,0.8064546594423347
euler,0.02314240735275056,0.00017521308204879876,0.8064542586863186
euler,0.02331762043479936,0.0001755978396960102,0.8064538570366679
euler,0.02349321827449537,0.000175983486072194,0.806453454291382
euler,0.023669201760567565,0.00017637002344128225,0.8064530509371023
euler,0.023845571784008847,0.00017675745402029666,0.8064526467704137
euler,0.024022329238029144,0.00017714578005458698,0.8064522412401052
euler,0.02419947501808373,0.00017753500385636264,0.8064518353497729
euler,0.024377010021940093,0.00017792512763386767,0.8064514283734064
euler,0.02455493514957396,0.00017831615368141263,0.8064510204481475
euler,0.024733251303255373,0.0001787080842846206,0.8064506113635524
euler,0.024911959387539994,0.00017910092175889292,0.8064502021239087
euler,0.025091060309298887,0.00017949466831448588,0.8064497913011746
euler,0.025270554977613373,0.0001798893263266002,0.8064493798981538
euler,0.025450444303939973,0.00018028489806542342,0.8064489675265447
euler,0.025630729202005396,0.00018068138585076304,0.8064485541443178
euler,0.02581141058785616,0.00018107879201366764,0.8064481398829644
euler,0.025992489379869827,0.00018147711887696316,0.8064477250483638
euler,0.02617396649874679,0.0001818763687354598,0.8064473088967115
euler,0.02635584286748225,0.0001822765439742184,0.8064468920813482
euler,0.02653811941145647,0.000182677646911239,0.8064464742054517
euler,0.026720797058367707,0.00018307967991588667,0.8064460552205232
euler,0.026903876738283594,0.00018348264536977021,0.8064456357796155
euler,0.027087359383653364,0.0001838865455868477,0.8064452149549171
euler,0.027271245929240212,0.00018429138299325826,0.8064447939258632
euler,0.02745553731223347,0.00018469715988719132,0.8064443710568681
euler,0.02764023447212066,0.00018510387876050083,0.8064439478789346
euler,0.027825338350881162,0.00018551154193656785,0.8064435234571818
euler,0.02801084989281773,0.00018592015185263377,0.8064430984420413
euler,0.028196770044670364,0.00018632971087785902,0.8064426718938398
euler,0.028383099755548223,0.00018674022149662434,0.8064422451696007
euler,0.028569839977044847,0.00018715168604324303,0.8064418171499691
euler,0.02875699166308809,0.00018756410698824236,0.8064413879515552
euler,0.028944555770076333,0.00018797748679575538,0.8064409580457271
euler,0.029132533256872088,0.000188391827881957,0.806440527193891
euler,0.029320925084754045,0.0001888071326975986,0.806440095511224
euler,0.029509732217451644,0.00018922340368681886,0.8064396625781257
euler,0.029698955621138463,0.00018964064334991287,0.8064392290418212
euler,0.029888596264488376,0.0001900588541181615,0.8064387943022369
euler,0.030078655118606537,0.00019047803850033573,0.8064383586487911
euler,0.030269133157106873,0.00019089819897819688,0.8064379223711604
euler,0.03046003135608507,0.0001913193380061462,0.8064374843275584
euler,0.030651350694091216,0.00019174145818100577,0.8064370460574133
euler,0.03084309215227222,0.0001921645619241026,0.8064366064161167
euler,0.031035256714196324,0.00019258865179976395,0.8064361662274172
euler,0.031227845365996088,0.00019301373028128913,0.8064357247006724
euler,0.03142085909627738,0.0001934397999435039,0.8064352822996985
euler,0.03161429889622088,0.00019386686331303998,0.8064348391293146
euler,0.03180816575953392,0.00019429492291098832,0.806434394392855
euler,0.03200246068244491,0.0001947239813616386,0.8064339494535985
euler,0.03219718466380655,0.00019515404113219087,0.8064335027910948
euler,0.03239233870493874,0.0001955851048806509,0.8064330559494326
euler,0.03258792380981939,0.00019601717508548056,0.806432607584128
euler,0.03278394098490487,0.00019645025439533198,0.8064321579735039
euler,0.0329803912393002,0.0001968843454328295,0.8064317079399045
euler,0.03317727558473303,0.0001973194507276163,0.8064312566754027
euler,0.03337459503546065,0.0001977555729151953,0.8064308044571094
euler,0.033572350608375844,0.0001981927146046808,0.8064303511988271
euler,0.033770543322980524,0.0001986308784232213,0.806429896994934
euler,0.033969174201403746,0.00019907006699381585,0.8064294415749858
euler,0.03416824426839756,0.0001995102829803752,0.8064289855778756
euler,0.03436775455137794,0.0001999515289753534,0.8064285281844069
euler,0.03456770608035329,0.00020039380768006182,0.8064280702147231
euler,0.03476809988803335,0.0002008371217017066,0.8064276102975755
euler,0.03496893700973506,0.00020128147382572625,0.8064271505320171
euler,0.035170218483560785,0.0002017268665837138,0.8064266889949901
euler,0.0353719453501445,0.00020217330275464768,0.806426226687946
euler,0.035574118652899146,0.00020262078500025288,0.8064257635144462
euler,0.0357767394378994,0.00020306931600180128,0.8064252990091487
euler,0.0359798087539012,0.00020351889850685895,0.8064248332554708
euler,0.03618332765240806,0.00020396953526054945,0.8064243672566006
euler,0.03638729718766861,0.0002044212288888833,0.8064238996236323
euler,0.03659171841655749,0.00020487398220123132,0.8064234311738826
euler,0.03679659239875872,0.00020532779791144345,0.8064229614349657
euler,0.03700192019667017,0.00020578267880126677,0.8064224906706513
euler,0.037207702875471434,0.00020623862762690626,0.8064220196997115
euler,0.03741394150309834,0.0002066956470475334,0.8064215463809635
euler,0.03762063715014587,0.00020715374000437187,0.8064210730109947
euler,0.037827790890150245,0.00020761290915245062,0.8064205981851036
euler,0.038035403799302696,0.000208073157334919,0.8064201221626903
euler,0.038243476956637615,0.00020853448736986996,0.8064196453892069
euler,0.038452011444007485,0.00020899690202593607,0.8064191673807426
euler,0.03866100834603342,0.00020946040414231842,0.8064186885814129
euler,0.03887046875017574,0.00020992499650875074,0.8064182083177883
euler,0.03908039374668449,0.00021039068201065408,0.8064177272186949
euler,0.039290784428695144,0.00021085746345989032,0.8064172449808248
euler,0.039501641892155034,0.0002113253437160123,0.8064167618593747
euler,0.03971296723587105,0.0002117943256133778,0.8064162775482172
euler,0.039924761561484425,0.00021226441203468088,0.8064157917389415
euler,0.040137025973519105,0.00021273560591173607,0.8064153054333245
euler,0.04034976157943084,0.0002132079100527623,0.8064148179473047
euler,0.040562969489483604,0.000213681327364261,0.8064143291563971
euler,0.040776650816847865,0.00021415586077778298,0.8064138394987358
euler,0.04099080667762565,0.0002146315131752452,0.8064133484722416
euler,0.04120543819080089,0.00021510828751372668,0.8064128567020786
euler,0.04142054647831462,0.00021558618667553986,0.8064123634949975
euler,0.04163613266499016,0.00021606521364396503,0.806411869663871
euler,0.041852197878634124,0.00021654537130209178,0.8064113741345722
euler,0.042068743249936216,0.0002170266626855405,0.8064108777187066
euler,0.04228576991262176,0.0002175090907298033,0.8064103806624132
euler,0.04250327900335156,0.00021799265834547554,0.8064098818853205
euler,0.042721271661697036,0.00021847736859758465,0.8064093823879144
euler,0.04293974903029462,0.00021896322442478688,0.8064088810855528
euler,0.04315871225471941,0.00021945022892155136,0.8064083797386064
euler,0.04337816248364096,0.00021993838495187878,0.8064078763093634
euler,0.04359810086859284,0.00022042769566575637,0.806407372558585
euler,0.043818528564258594,0.00022091816398198821,0.8064068672040489
euler,0.04403944672824058,0.00022140979300325214,0.8064063606740316
euler,0.044260856521243834,0.00022190258578279332,0.8064058533976841
euler,0.04448275910702663,0.0002223965453236193,0.8064053444669181
euler,0.04470515565235025,0.00022289167476273464,0.8064048348820767
euler,0.04492804732711298,0.0002233879771081984,0.8064043237316229
euler,0.04515143530422118,0.00022388545550301037,0.8064038116327145
euler,0.04537532075972419,0.00022438411301388406,0.8064032986284816
euler,0.045599704872738074,0.00022488395271035022,0.806402784184955
euler,0.045824588825448424,0.00022538497774537286,0.8064022687261609
euler,0.0460499738031938,0.00022588719122202533,0.8064017520996204
euler,0.04627586099441582,0.00022639059627379415,0.8064012341511856
euler,0.04650225159068962,0.00022689519606506475,0.8064007151106919
euler,0.04672914678675468,0.00022740099373727563,0.8064001950149452
euler,0.04695654778049196,0.00022790799243584126,0.8063996738998441
euler,0.0471844557729278,0.00022841619531026314,0.8063991512203074
euler,0.04741287196823806,0.0002289256055965777,0.8063986279763529
euler,0.04764179757383464,0.0002294362263984273,0.8063981026526393
euler,0.047871233800233066,0.00022994806104414262,0.8063975768292116
euler,0.04810118186127721,0.00023046111264687918,0.806397049568387
euler,0.04833164297392409,0.00023097538446268523,0.8063965212874946
euler,0.048562618358386773,0.00023149087969754484,0.8063959918211724
euler,0.04879410923808432,0.00023200760159056838,0.8063954610023233
euler,0.04902611683967489,0.00023252555341454761,0.8063949294415557
euler,0.049258642393089434,0.00023304473836385786,0.8063943956055664
euler,0.04949168713145329,0.00023356515986400206,0.8063938620534633
euler,0.049725252291317294,0.00023408682098012557,0.8063933260777898
euler,0.04995933911229742,0.0002346097251790108,0.8063927894575483
euler,0.05019394883747643,0.0002351338756794441,0.8063922518245784
euler,0.050429082713155875,0.00023565927576305046,0.806391712220109
euler,0.050664741988918925,0.00023618592886143208,0.8063911724267454
euler,0.05090092791778036,0.0002367138381554404,0.8063906305027589
euler,0.0511376417559358,0.00023724300712008733,0.8063900876419559
euler,0.051374884763055885,0.00023777343906552367,0.8063895438618245
euler,0.05161265820212141,0.0002383051373089362,0.8063889987849405
euler,0.051850963339430345,0.00023883810523298715,0.8063884520312601
euler,0.05208980144466333,0.00023937234628691045,0.8063879044020149
euler,0.05232917379095024,0.00023990786381141577,0.8063873557133228
euler,0.05256908165476166,0.00024044466118427338,0.8063868053840668
euler,0.05280952631594593,0.00024098274188003033,0.8063862540169212
euler,0.05305050905782596,0.00024152210929367923,0.8063857016219073
euler,0.05329203116711964,0.00024206276682869898,0.8063851476132581
euler,0.05353409393394834,0.00024260471798664973,0.8063845925923742
euler,0.05377669865193499,0.00024314796618921802,0.8063840359704287
euler,0.05401984661812421,0.00024369251495710842,0.8063834783480207
euler,0.054263539133081316,0.00024423836773090207,0.806382919730207
euler,0.05450777750081222,0.000244785527960506,0.8063823597225419
euler,0.054752563028772724,0.00024533399916591703,0.8063817981272886
euler,0.05499789702793864,0.00024588378490797425,0.8063812351441197
euler,0.055243780812846616,0.000246434888727963,0.8063806717716261
euler,0.05549021570157458,0.00024698731402499063,0.806380106012027
euler,0.05573720301559957,0.0002475410645142104,0.8063795400613643
euler,0.05598474408011378,0.0002480961435851192,0.8063789719166465
euler,0.0562328402236989,0.0002486525549452584,0.8063784027740171
euler,0.05648149277864416,0.00024921030212930045,0.8063778328300357
euler,0.05673070308077346,0.00024976938865188536,0.8063772608745039
euler,0.05698047246942534,0.0002503298182256197,0.8063766881044981
euler,0.05723080228765096,0.0002508915943887427,0.8063761137080921
euler,0.057481693882039706,0.0002514547208163215,0.8063755386823263
euler,0.05773314860285603,0.0002520192010390179,0.8063749614054121
euler,0.057985167803895045,0.00025258503885151884,0.8063743834778747
euler,0.058237752842746564,0.0002531522378096396,0.806373803879004
euler,0.0584909050805562,0.00025372080163989924,0.8063732232008571
euler,0.0587446258821961,0.0002542907339870906,0.8063726412271096
euler,0.05899891661618319,0.0002548620385409914,0.8063720575368238
euler,0.059253778654724185,0.0002554347190692058,0.8063714729233991
euler,0.05950921337379339,0.0002560087792251864,0.8063708871672907
euler,0.05976522215301858,0.000256584222708002,0.8063702996404489
euler,0.06002180637572658,0.0002571610533279381,0.8063697107283632
euler,0.06027896742905452,0.00025773927484563225,0.8063691210207746
euler,0.06053670670390015,0.0002583188909387468,0.8063685294782569
euler,0.060795025594838896,0.0002588999054624619,0.8063679368920701
euler,0.06105392550030136,0.0002594823221568482,0.8063673426263692
euler,0.061313407822458206,0.000260066144875587,0.806366747268
euler,0.06157347396733379,0.00026065137738959243,0.806366150586853
euler,0.061834125344723385,0.0002612380235182607,0.8063655521460044
euler,0.062095363368241646,0.0002618260871635608,0.8063649533505162
euler,0.06235718945540521,0.0002624155720110932,0.8063643519170288
euler,0.0626196050274163,0.00026300648212913835,0.8063637496591161
euler,0.06288261150954544,0.0002635988213031959,0.8063631463412962
euler,0.06314621033084863,0.0002641925933683509,0.8063625413143882
euler,0.06341040292421699,0.0002647878022777328,0.8063619349552681
euler,0.06367519072649472,0.00026538445193485805,0.8063613272290835
euler,0.06394057517842958,0.00026598254626089557,0.8063607180997823
euler,0.06420655772469047,0.0002665820891949444,0.806360107736655
euler,0.06447313981388542,0.00026718308466017193,0.8063594956884145
euler,0.06474032289854559,0.00026778553666653715,0.8063588825355602
euler,0.06500810843521213,0.00026838944914001073,0.8063582676171659
euler,0.06527649788435214,0.0002689948261285352,0.8063576515125136
euler,0.06554549271048067,0.00026960167159600923,0.8063570343871846
euler,0.06581509438207668,0.00027020998949058017,0.8063564153676788
euler,0.06608530437156726,0.00027081978391881034,0.8063557948233978
euler,0.06635612415548607,0.00027143105893821795,0.8063551733324361
euler,0.06662755521442429,0.0002720438185214308,0.8063545500159618
euler,0.06689959903294572,0.00027265806680137894,0.8063539254500383
euler,0.0671722570997471,0.0002732738078265462,0.8063532995859632
euler,0.06744553090757364,0.00027389104566602485,0.806352671747024
euler,0.06771942195323967,0.0002745097845164718,0.8063520435528678
euler,0.06799393173775614,0.000275130028311768,0.8063514126519303
euler,0.06826906176606791,0.0002757517813989502,0.8063507810814726
euler,0.06854481354746686,0.00027637504779061406,0.8063501477406916
euler,0.06882118859525747,0.0002769998317000977,0.8063495132022919
euler,0.06909818842695757,0.0002776261372554878,0.8063488769898143
euler,0.06937581456421306,0.0002782539686796287,0.806348239885534
euler,0.06965406853289269,0.00027888333007337895,0.8063476003584061
euler,0.06993295186296607,0.0002795142258151112,0.8063469598198388
euler,0.07021246608878118,0.00028014666005257705,0.8063463182098041
euler,0.07049261274883376,0.0002807806369564264,0.8063456744113573
euler,0.07077339338579018,0.0002814161609047128,0.8063450296261876
euler,0.0710548095466949,0.0002820532360797018,0.8063443831564753
euler,0.0713368627827746,0.0002826918667984818,0.8063437355705603
euler,0.07161955464957308,0.00028333205729191846,0.8063430857429132
euler,0.071902886706865,0.0002839738120018753,0.8063424352995864
euler,0.07218686051886687,0.0002846171350978782,0.806341782687836
euler,0.07247147765396475,0.0002852620310361681,0.8063411286848877
euler,0.07275673968500092,0.00028590850414984825,0.8063404738574813
euler,0.07304264818915077,0.0002865565586846752,0.8063398166445332
euler,0.07332920474783544,0.0002872061991770203,0.8063391578216234
euler,0.07361641094701246,0.00028785743003990893,0.8063384985931923
euler,0.07390426837705237,0.00028851025548477793,0.8063378369648853
euler,0.07419277863253715,0.00028916468009268503,0.8063371737111921
euler,0.07448194331262983,0.0002898207083207871,0.8063365096088831
euler,0.07477176402095062,0.0002904783445003972,0.806335843295713
euler,0.07506224236545102,0.00029113759322163535,0.806335175974445
euler,0.07535337995867265,0.0002917984588720751,0.8063345067066708
euler,0.07564517841754473,0.00029246094602272676,0.8063338360520167
euler,0.07593763936356746,0.0002931250591576423,0.8063331641415447
euler,0.0762307644227251,0.00029379080275096503,0.8063324902452526
euler,0.07652455522547606,0.0002944581814238456,0.8063318147057118
euler,0.07681901340689991,0.0002951271997497784,0.8063311382969424
euler,0.07711414060664969,0.0002957978621747903,0.8063304594220195
euler,0.07740993846882448,0.0002964701734517322,0.8063297799312454
euler,0.07770640864227621,0.0002971441380084927,0.8063290980072401
euler,0.0780035527802847,0.0002978197606215427,0.8063284148527585
euler,0.07830137254090624,0.0002984970458607267,0.806327730158747
euler,0.07859986958676697,0.0002991759983672765,0.8063270440472086
euler,0.07889904558513425,0.0002998566227744026,0.8063263562056475
euler,0.07919890220790865,0.0003005389237879935,0.8063256663192413
euler,0.07949944113169664,0.00030122290618779524,0.8063249753750193
euler,0.07980066403788444,0.0003019085745844391,0.8063242826225057
euler,0.08010257261246888,0.00030259593374334925,0.8063235886135645
euler,0.08040516854621223,0.0003032849883415345,0.8063228925934359
euler,0.08070845353455376,0.0003039757432127116,0.8063221948940738
euler,0.08101242927776647,0.00030466820314369036,0.8063214956294301
euler,0.08131709748091016,0.000305362372914994,0.806320795349973
euler,0.08162245985382516,0.0003060582572177728,0.8063200926381783
euler,0.08192851811104293,0.0003067558610271165,0.8063193884785923
euler,0.08223527397207005,0.0003074551891470989,0.8063186829820275
euler,0.08254272916121715,0.0003081562463757709,0.8063179758197648
euler,0.08285088540759292,0.00030885903758905153,0.8063172664410362
euler,0.08315974444518197,0.00030956356778420735,0.8063165560503434
euler,0.08346930801296618,0.00031026984174331584,0.8063158438758359
euler,0.08377957785470949,0.00031097786441189323,0.8063151298020222
euler,0.08409055571912138,0.00031168764077368905,0.8063144143732145
euler,0.08440224335989507,0.0003123991757232464,0.8063136970316697
euler,0.08471464253561832,0.0003131124742787317,0.8063129780996514
euler,0.08502775500989705,0.00031382754141190405,0.8063122575681062
euler,0.08534158255130896,0.0003145443821121613,0.8063115350949545
euler,0.08565612693342112,0.0003152630014516683,0.806310811110797
euler,0.08597138993487279,0.0003159834044348109,0.8063100857143944
euler,0.0862873733393076,0.000316705596062436,0.8063093581162404
euler,0.08660407893537003,0.00031742958150653144,0.806308629188212
euler,0.08692150851687656,0.00031815536578430614,0.8063078982486286
euler,0.08723966388266087,0.00031888295406347356,0.8063071660581766
euler,0.08755854683672434,0.0003196123513779653,0.8063064315978654
euler,0.08787815918810231,0.000320343562979844,0.806305695849737
euler,0.08819850275108215,0.00032107659394318977,0.8063049582368815
euler,0.08851957934502534,0.0003218114494731167,0.8063042186255828
euler,0.08884139079449846,0.0003225481348183984,0.8063034777747217
euler,0.08916393892931686,0.0003232866550929997,0.8063027348788772
euler,0.08948722558440986,0.000324027015588646,0.8063019902480325
euler,0.0898112525999985,0.0003247692215521125,0.8063012440803025
euler,0.09013602182155062,0.00032551327820715126,0.8063004959003475
euler,0.09046153509975777,0.00032625919089036837,0.8062997461281589
euler,0.09078779429064814,0.0003270069648707852,0.8062989943975792
euler,0.09111480125551892,0.0003277566055087805,0.8062982412398849
euler,0.0914425578610277,0.0003285081180740834,0.806297486061315
euler,0.09177106597910178,0.0003292615079744099,0.806296729053583
euler,0.0921003274870762,0.0003300167805960763,0.8062959704081364
euler,0.09243034426767227,0.0003307739413037497,0.8062952100902301
euler,0.09276111820897602,0.0003315329954864804,0.8062944476117375
euler,0.0930926512044625,0.0003322939486513632,0.8062936837259529
euler,0.09342494515311386,0.0003330568061682554,0.8062929178292683
euler,0.09375800195928212,0.00033382157354903963,0.8062921503345771
euler,0.09409182353283116,0.00033458825623815247,0.8062913805208841
euler,0.09442641178906931,0.0003353568598475076,0.8062906095936242
euler,0.09476176864891682,0.0003361273897567185,0.806289836261478
euler,0.09509789603867354,0.00033689985163186387,0.8062890613883106
euler,0.0954347958903054,0.0003376742509774572,0.8062882847017222
euler,0.09577247014128286,0.0003384505933727855,0.8062875061550029
euler,0.09611092073465564,0.00033922888442528,0.8062867257001546
euler,0.09645014961908092,0.00034000912977086295,0.8062859432879068
euler,0.09679015874885179,0.00034079133507444737,0.8062851594391698
euler,0.09713095008392623,0.00034157550590938057,0.8062843731886105
euler,0.09747252558983562,0.00034236164807170677,0.8062835855125107
euler,0.09781488723790732,0.0003431497671694955,0.8062827956708287
euler,0.09815803700507682,0.0003439398689865092,0.806282004181299
euler,0.09850197687406333,0.00034473195921529143,0.8062812106440564
euler,0.09884670883327862,0.0003455260436525248,0.8062804155759371
euler,0.09919223487693114,0.00034632212800321527,0.8062796181142826
euler,0.09953855700493436,0.00034712021817644156,0.8062788190038929
euler,0.0998856772231108,0.00034792031994072825,0.8062780181847387
euler,0.10023359754305153,0.00034872243909635225,0.8062772151339342
euler,0.10058231998214788,0.00034952658157581806,0.806276410364576
euler,0.1009318465637237,0.00035033275322023105,0.8062756035817445
euler,0.10128217931694393,0.00035114095995400496,0.8062747949509098
euler,0.10163332027689793,0.00035195120768521937,0.8062739844055266
euler,0.10198527148458315,0.00035276350235594056,0.8062731719935368
euler,0.1023380349869391,0.0003535778499174774,0.8062723574139583
euler,0.10269161283685657,0.00035439425640693134,0.8062715411762473
euler,0.1030460070932635,0.0003552127277695605,0.8062707228610734
euler,0.10340121982103306,0.0003560332700625751,0.8062699025115612
euler,0.10375725309109564,0.0003568558893539686,0.8062690802863566
euler,0.10411410898044961,0.00035768059169687116,0.8062682561105486
euler,0.10447178957214648,0.00035850738318111974,0.8062674299077882
euler,0.1048302969553276,0.00035933626993382706,0.8062666020672917
euler,0.10518963322526143,0.0003601672580157145,0.8062657716932431
euler,0.10554980048327714,0.0003610003537078271,0.8062649396396343
euler,0.10591080083698497,0.0003618355631213044,0.8062641055920651
euler,0.10627263640010627,0.00036267289245803247,0.8062632694680558
euler,0.1066353092925643,0.0003635123479591995,0.8062624314182635
euler,0.1069988216405235,0.0003643539358530179,0.8062615915928089
euler,0.10736317557637652,0.00036519766235441897,0.8062607490837064
euler,0.10772837323873094,0.0003660435339049861,0.8062599053305385
euler,0.10809441677263593,0.00036689155664126893,0.8062590589521924
euler,0.1084613083292772,0.000367741737034355,0.8062582109174582
euler,0.10882905006631155,0.0003685940813564076,0.8062573607826499
euler,0.10919764414766796,0.0003694485960018534,0.8062565085733044
euler,0.10956709274366981,0.0003703052873808427,0.8062556540776503
euler,0.10993739803105065,0.00037116416197391366,0.8062547977915642
euler,0.11030856219302457,0.0003720252261693313,0.8062539397382545
euler,0.1106805874191939,0.0003728884863711951,0.8062530787550041
euler,0.1110534759055651,0.0003737539492743164,0.806252216638149
euler,0.11142722985483941,0.00037462162117994635,0.8062513518664898
euler,0.11180185147601936,0.0003754915087635924,0.8062504852876983
euler,0.11217734298478295,0.00037636361852626254,0.8062496163247601
euler,0.11255370660330921,0.0003772379571255896,0.8062487457064905
euler,0.1129309445604348,0.00037811453107126913,0.8062478727338276
euler,0.11330905909150607,0.00037899334705870924,0.8062469975384652
euler,0.11368805243856478,0.0003798744117754077,0.8062461203709022
euler,0.11406792685034019,0.0003807577318725164,0.8062452410036384
euler,0.1144486845822127,0.00038164331407745944,0.806244359685393
euler,0.11483032789629016,0.00038253116508162044,0.806243476185986
euler,0.11521285906137178,0.0003834212916536267,0.806242590273167
euler,0.11559628035302541,0.00038431370064059833,0.8062417025519727
euler,0.11598059405366601,0.0003852083987687799,0.8062408125485959
euler,0.11636580245243479,0.00038610539290034884,0.8062399205068735
euler,0.11675190784533514,0.0003870046898625801,0.8062390263097752
euler,0.11713891253519772,0.00038790629653398523,0.8062381295979693
euler,0.1175268188317317,0.0003888102199032656,0.8062372312140914
euler,0.11791562905163497,0.00038971646677979366,0.8062363301945604
euler,0.11830534551841476,0.0003906250442290149,0.8062354272601793
euler,0.11869597056264378,0.0003915359591661477,0.8062345220464753
euler,0.11908750652180992,0.00039244921861843196,0.806233614669899
euler,0.11947995574042836,0.0003933648296089304,0.8062327050042204
euler,0.11987332057003729,0.0003942827992155923,0.8062317932848887
euler,0.12026760336925288,0.00039520313448310196,0.8062308792622314
euler,0.12066280650373598,0.00039612584254145045,0.8062299629270833
euler,0.12105893234627743,0.00039705093054752394,0.8062290445119977
euler,0.12145598327682496,0.00039797840562559583,0.8062281237630673
euler,0.12185396168245055,0.0003989082749870504,0.8062272006675418
euler,0.1222528699574376,0.00039984054587140216,0.8062262756985789
euler,0.122652710503309,0.00040077522542572575,0.8062253479892719
euler,0.12305348572873473,0.0004017123210371537,0.8062244184980689
euler,0.12345519804977188,0.00040265183987973907,0.8062234862323481
euler,0.12385784988965162,0.0004035937894000391,0.8062225520276657
euler,0.12426144367905166,0.0004045381768615214,0.8062216153761281
euler,0.12466598185591318,0.00040548500967999,0.8062206767461435
euler,0.12507146686559317,0.0004064342951791422,0.8062197353812732
euler,0.12547790116077231,0.00040738604089871067,0.8062187918702398
euler,0.12588528720167103,0.0004083402542561787,0.8062178461890935
euler,0.1262936274559272,0.00040929694270055994,0.8062168980667929
euler,0.12670292439862776,0.00041025611377557003,0.8062159475990466
euler,0.12711318051240333,0.000411217775026923,0.8062149950038959
euler,0.12752439828743026,0.00041218193397085656,0.8062140396365072
euler,0.1279365802214011,0.0004131485983147609,0.8062130823283489
euler,0.12834972881971587,0.00041411777557998075,0.8062121225551113
euler,0.12876384659529586,0.0004150894734484267,0.8062111602834177
euler,0.12917893606874428,0.00041606369963764767,0.8062101959732882
euler,0.12959499976838193,0.00041704046177337695,0.8062092289713325
euler,0.1300120402301553,0.00041801976767691373,0.8062082596115456
euler,0.13043005999783222,0.00041900162511060435,0.8062072879801001
euler,0.13084906162294282,0.00041998604184151356,0.806206314038177
euler,0.13126904766478434,0.00042097302567387085,0.8062053373729132
euler,0.1316900206904582,0.0004219625845471586,0.8062043588120705
euler,0.13211198327500537,0.0004229547262121769,0.8062033773186661
euler,0.13253493800121754,0.00042394945871873646,0.806202393345254
euler,0.13295888745993628,0.00042494679002649804,0.8062014074697439
euler,0.13338383424996278,0.0004259467279705831,0.8062004188983435
euler,0.13380978097793336,0.00042694928062300685,0.8061994279570316
euler,0.13423673025855637,0.0004279544559981363,0.8061984340968252
euler,0.1346646847145545,0.00042896226228456014,0.8061974383921212
euler,0.13509364697683907,0.0004299727074139337,0.8061964400416871
euler,0.135523619684253,0.0004309857995591637,0.8061954389920114
euler,0.13595460548381216,0.0004320015469366778,0.8061944355646588
euler,0.13638660703074884,0.0004330199577059213,0.8061934299556843
euler,0.13681962698845476,0.00043404104000230315,0.8061924212294216
euler,0.13725366802845707,0.00043506480224206334,0.8061914105840956
euler,0.13768873283069913,0.00043609125254812087,0.8061903972067167
euler,0.13812482408324725,0.0004371203992917516,0.8061893811620855
euler,0.138561944482539,0.00043815225085669374,0.8061883627664148
euler,0.1390000967333957,0.00043918681557053585,0.8061873417046522
euler,0.13943928354896623,0.000440224101876302,0.8061863182911606
euler,0.13987950765084253,0.00044126411816122757,0.8061852922078864
euler,0.14032077176900376,0.00044230687292928783,0.8061842633875272
euler,0.14076307864193305,0.0004433523747335577,0.806183232394923
euler,0.1412064310166666,0.0004444006320022398,0.8061821986544239
euler,0.14165083164866885,0.00044545165335196923,0.8061811620946643
euler,0.14209628330202081,0.00044650544745031273,0.8061801231510869
euler,0.14254278874947113,0.0004475620228752697,0.8061790814966158
euler,0.1429903507723464,0.00044862138832624243,0.806178037565355
euler,0.14343897216067264,0.000449683552412955,0.8061769905178949
euler,0.1438886557130856,0.0004507485240100306,0.8061759411680165
euler,0.14433940423709563,0.0004518163117968321,0.8061748893104752
euler,0.14479122054889246,0.0004528869245409295,0.8061738346101955
euler,0.1452441074734334,0.00045396037113557,0.8061727769853243
euler,0.14569806784456896,0.0004550366605294842,0.8061717171203601
euler,0.14615310450509844,0.00045611580151033726,0.8061706545484686
euler,0.14660922030660878,0.000457197803029219,0.8061695890561172
euler,0.147066418109638,0.00045828267413022816,0.8061685211976397
euler,0.14752470078376823,0.00045937042373261905,0.80616745050088
euler,0.14798407120750084,0.00046046106092209604,0.8061663770047663
euler,0.14844453226842294,0.00046155459480637373,0.8061653008758581
euler,0.14890608686322931,0.00046265103447851175,0.8061642220225999
euler,0.14936873789770783,0.00046375038909066135,0.8061631406096061
euler,0.1498324882867985,0.0004648526677806797,0.8061620560268906
euler,0.15029734095457917,0.00046595787989561765,0.8061609693394035
euler,0.15076329883447478,0.00046706603450868966,0.806159879288827
euler,0.15123036486898347,0.00046817714109032016,0.8061587868096032
euler,0.1516985420100738,0.00046929120887448383,0.8061576916734596
euler,0.15216783321894828,0.0004704082471947979,0.8061565932612184
euler,0.15263824146614308,0.00047152826559968,0.8061554926361146
euler,0.15310976973174276,0.0004726512733616295,0.8061543889171544
euler,0.15358242100510439,0.00047377728004480146,0.8061532823879533
euler,0.1540561982851492,0.0004749062951652505,0.8061521733320325
euler,0.15453110458031444,0.0004760383281901259,0.806151060991512
euler,0.15500714290850456,0.0004771733888449814,0.8061499459070711
euler,0.15548431629734955,0.0004783114867314142,0.8061488284898981
euler,0.15596262778408096,0.0004794526313636749,0.8061477077159307
euler,0.15644208041544463,0.0004805968325954091,0.8061465842539196
euler,0.15692267724804004,0.00048174410011733726,0.8061454578588969
euler,0.15740442134815738,0.0004828944437289817,0.8061443286762255
euler,0.15788731579188636,0.00048404787322225973,0.806143196588652
euler,0.15837136366510862,0.00048520439846028163,0.8061420616082908
euler,0.1588565680635689,0.00048636402933882605,0.8061409237460591
euler,0.15934293209290773,0.0004875267757868673,0.8061397828803548
euler,0.1598304588686946,0.000488692647806821,0.8061386388878837
euler,0.16031915151650142,0.0004898616554755708,0.8061374925644649
euler,0.160809013171977,0.000491033808665331,0.806136342864414
euler,0.16130004698064232,0.0004922091176028653,0.806135190318067
euler,0.16179225609824519,0.0004933875923913422,0.8061340347971387
euler,0.16228564369063653,0.0004945692432105353,0.8061328761715855
euler,0.16278021293384706,0.0004957540803178506,0.8061317151023691
euler,0.1632759670141649,0.000496942113805382,0.8061305501358024
euler,0.1637729091279703,0.0004981333542508348,0.8061293829880382
euler,0.16427104248222113,0.0004993278117413069,0.8061282124660921
euler,0.16477037029396244,0.0005005254967704043,0.8061270390947666
euler,0.16527089579073284,0.000501726419708054,0.8061258624706883
euler,0.1657726222104409,0.0005029305910883852,0.8061246829846406
euler,0.16627555280152928,0.0005041380213630098,0.8061235002299924
euler,0.1667796908228923,0.0005053487211496843,0.8061223145956578
euler,0.16728503954404197,0.0005065627009840368,0.8061211262044033
euler,0.167791602245026,0.0005077799714021114,0.8061199341117687
euler,0.16829938221642812,0.0005090005432769606,0.8061187392362376
euler,0.16880838275970508,0.0005102244272328638,0.806117541296821
euler,0.16931860718693795,0.0005114516340224418,0.8061163402774095
euler,0.1698300588209604,0.000512682174443807,0.8061151361605441
euler,0.1703427409954042,0.000513916059341063,0.8061139285257881
euler,0.17085665705474526,0.0005151532997333674,0.8061127181558722
euler,0.17137181035447863,0.000516393906431406,0.8061115046281746
euler,0.17188820426091003,0.0005176378904214463,0.8061102877855834
euler,0.17240584215133148,0.0005188852627817653,0.8061090678721913
euler,0.17292472741411324,0.0005201360345539752,0.8061078447283411
euler,0.17344486344866722,0.0005213902168727524,0.8061066184616468
euler,0.17396625366553997,0.0005226478208801288,0.8061053887747374
euler,0.1744889014864201,0.0005239088578567197,0.8061041561767793
euler,0.17501281034427682,0.0005251733389604329,0.8061029200980525
euler,0.17553798368323725,0.0005264412755768555,0.8061016810458358
euler,0.1760644249588141,0.0005277126789692277,0.8061004384466405
euler,0.17659213763778334,0.0005289875606311889,0.8060991928058695
euler,0.17712112519841453,0.0005302659319343928,0.8060979438170908
euler,0.17765139113034892,0.0005315478043943223,0.8060966917135077
euler,0.17818293893474324,0.0005328331894934313,0.8060954360496606
euler,0.17871577212423667,0.0005341220989050766,0.8060941771917304
euler,0.17924989422314175,0.0005354145442260649,0.8060929149624758
euler,0.1797853087673678,0.0005367105371562597,0.8060916495906814
euler,0.18032201930452407,0.0005380100893639939,0.8060903806240688
euler,0.18086002939388807,0.0005393132127130829,0.8060891086972791
euler,0.18139934260660115,0.0005406199189004757,0.8060878330824361
euler,0.18193996252550163,0.0005419302199118348,0.8060865544123734
euler,0.18248189274541346,0.0005432441275661226,0.8060852719550547
euler,0.18302513687297958,0.0005445616539743181,0.8060839863415458
euler,0.1835696985269539,0.0005458828110810332,0.8060826973830024
euler,0.18411558133803493,0.0005472076109404311,0.8060814047515602
euler,0.18466278894897536,0.0005485360657644378,0.8060801090763384
euler,0.1852113250147398,0.0005498681875980016,0.8060788096155868
euler,0.1857611932023378,0.0005512039887852482,0.8060775068592319
euler,0.18631239719112305,0.0005525434815507602,0.8060762004731946
euler,0.1868649406726738,0.0005538866782807683,0.8060748910836454
euler,0.18741882735095458,0.0005552335911940542,0.8060735776657386
euler,0.18797406094214864,0.0005565842329095239,0.8060722609806975
euler,0.18853064517505816,0.0005579386158325872,0.8060709409638958
euler,0.18908858379089075,0.0005592967524387094,0.8060696171349974
euler,0.18964788054332946,0.0005606586554183501,0.8060682897012925
euler,0.1902085391987478,0.0005620243374396539,0.8060669591461033
euler,0.19077056353618746,0.000563393811051166,0.8060656247077244
euler,0.19133395734723863,0.0005647670891162082,0.8060642867282768
euler,0.19189872443635483,0.0005661441844287962,0.8060629452726398
euler,0.19246486862078363,0.00056752510980973,0.8060615999883594
euler,0.19303239373059336,0.0005689098782541424,0.8060602516312295
euler,0.1936013036088475,0.0005702985025408946,0.8060588990127564
euler,0.1941716021113884,0.0005716909959191663,0.8060575431643017
euler,0.19474329310730756,0.0005730873713246931,0.8060561834491385
euler,0.19531638047863226,0.0005744876419698508,0.8060548202021734
euler,0.1958908681206021,0.0005758918209996522,0.8060534534793089
euler,0.19646675994160176,0.0005772999215903629,0.8060520826373638
euler,0.19704405986319212,0.0005787119572004673,0.8060507084264631
euler,0.1976227718203926,0.0005801279410722893,0.8060493302000015
euler,0.19820289976146488,0.0005815478867328139,0.8060479484271404
euler,0.1987844476481977,0.0005829718075932577,0.8060465631572687
euler,0.19936741945579095,0.0005843997170994486,0.8060451737376357
euler,0.1999518191728904,0.0005858316289868715,0.8060437807744553
euler,0.20053765080187727,0.0005872675568253383,0.8060423840323427
euler,0.2011249183587026,0.0005887075143237441,0.8060409834141897
euler,0.20171362587302635,0.000590151515280718,0.806039579102511
euler,0.20230377738830707,0.000591599573482815,0.8060381707160145
euler,0.2028953769617899,0.0005930517029112126,0.8060367585751826
euler,0.2034884286647011,0.0005945079174849155,0.8060353431413622
euler,0.20408293658218601,0.0005959682310074932,0.8060339229001311
euler,0.2046789048131935,0.0005974326578974121,0.806032499720519
euler,0.20527633747109092,0.0005989012119382575,0.806031072083856
euler,0.20587523868302918,0.0006003739075320091,0.8060296404455263
euler,0.20647561259056119,0.0006018507589692912,0.8060282055445908
euler,0.20707746334953048,0.0006033317803213756,0.8060267659951605
euler,0.20768079512985185,0.0006048169862342689,0.8060253229585101
euler,0.20828561211608612,0.0006063063909773625,0.8060238756110253
euler,0.20889191850706348,0.0006078000091866431,0.8060224246878724
euler,0.20949971851625013,0.0006092978552797168,0.8060209696454567
euler,0.21010901637152984,0.0006107999439369793,0.8060195103638238
euler,0.21071981631546682,0.0006123062899436871,0.8060180474336326
euler,0.2113321226054105,0.0006138169079201172,0.8060165803055508
euler,0.21194593951333063,0.0006153318127541385,0.8060151089976797
euler,0.21256127132608477,0.0006168510193871046,0.8060136336697018
euler,0.21317812234547187,0.0006183745427595089,0.8060121544805126
euler,0.21379649688823138,0.0006199023978110119,0.8060106708727642
euler,0.2144163992860424,0.0006214345997559156,0.8060091837177005
euler,0.2150378338857983,0.0006229711635340751,0.8060076917384997
euler,0.21566080504933238,0.0006245121046391799,0.8060061960908484
euler,0.21628531715397156,0.0006260574381803941,0.8060046960669649
euler,0.21691137459215196,0.0006276071796026406,0.8060031921045314
euler,0.2175389817717546,0.0006291613442432342,0.8060016839223907
euler,0.21816814311599783,0.0006307199476112135,0.8060001712369353
euler,0.21879886306360904,0.0006322830053900608,0.8059986547705466
euler,0.2194311460689991,0.0006338505330436839,0.8059971338050835
euler,0.2200649966020428,0.0006354225463811036,0.8059956084841343
euler,0.2207004191484239,0.0006369990612197229,0.8059940790948946
euler,0.22133741820964362,0.0006385800933279284,0.8059925456350999
euler,0.22197599830297154,0.0006401656585390547,0.8059910076670155
euler,0.2226161639615106,0.0006417557729249401,0.8059894650394888
euler,0.22325791973443554,0.0006433504526841272,0.805987918613841
euler,0.22390127018711967,0.0006449497137377136,0.8059863679478282
euler,0.22454621990085738,0.0006465535722482707,0.8059848124509308
euler,0.22519277347310565,0.0006481620446819325,0.8059832526913147
euler,0.22584093551778758,0.0006497751473446556,0.8059816886562857
euler,0.22649071066513224,0.0006513928966143667,0.8059801201861271
euler,0.2271421035617466,0.0006530153090008595,0.8059785472647462
euler,0.22779511887074747,0.0006546424010887009,0.80597697002034
euler,0.22844976127183617,0.0006562741894786672,0.805975388142488
euler,0.22910603546131483,0.0006579106909666288,0.8059738020482516
euler,0.22976394615228146,0.0006595519222477031,0.805972211278001
euler,0.23042349807452916,0.000661197900274052,0.8059706159540054
euler,0.23108469597480322,0.0006628486420182655,0.8059690160512224
euler,0.23174754461682148,0.0006645041645337579,0.80596741183609
euler,0.23241204878135524,0.0006661644848348636,0.8059658028414629
euler,0.2330782132661901,0.0006678296201995948,0.8059641894775065
euler,0.2337460428863897,0.0006694995878080701,0.805962571566981
euler,0.23441554247419777,0.0006711744049852919,0.8059609486365649
euler,0.23508671687918306,0.0006728540893259638,0.8059593215338184
euler,0.23575957096850902,0.0006745386581445412,0.8059576894883769
euler,0.23643410962665357,0.0006762281291499972,0.8059560529044523
euler,0.23711033775580356,0.0006779225199560479,0.8059544115963964
euler,0.2377882602757596,0.0006796218483281491,0.8059527656716259
euler,0.23846788212408776,0.0006813261320609831,0.8059511149410472
euler,0.23914920825614874,0.0006830353891038032,0.805949459509127
euler,0.23983224364525255,0.0006847496374370876,0.805947799035373
euler,0.24051699328268963,0.0006864688952619158,0.8059461343613734
euler,0.24120346217795155,0.0006881931804973429,0.805944464403461
euler,0.2418916553584489,0.0006899225116003826,0.8059427898526476
euler,0.24258157787004928,0.0006916569068106393,0.805941110361799
euler,0.24327323477685991,0.0006933963845935365,0.805939426026807
euler,0.24396663116145345,0.0006951409634514683,0.805937736942461
euler,0.24466177212490492,0.0006968906619241877,0.8059360429047452
euler,0.2453586627868291,0.0006986454987181201,0.8059343440053435
euler,0.24605730828554723,0.0007004054925793535,0.8059326400366579
euler,0.24675771377812658,0.0007021706624238955,0.8059309313856875
euler,0.24745988444055048,0.0007039410270795743,0.8059292173940745
euler,0.24816382546763005,0.0007057166057418129,0.8059274985952242
euler,0.24886954207337186,0.0007074974174547666,0.8059257749247254
euler,0.24957703949082663,0.0007092834813715865,0.8059240458673367
euler,0.2502863229721982,0.0007110748169542047,0.8059223122528784
euler,0.2509973977891524,0.0007128714433816685,0.8059205731133596
euler,0.2517102692325341,0.0007146733803429783,0.8059188291265486
euler,0.25242494261287707,0.000716480647311446,0.8059170802202427
euler,0.2531414232601885,0.0007182932638754025,0.8059153255688866
euler,0.2538597165240639,0.0007201112500756501,0.8059135662982149
euler,0.25457982777413957,0.0007219346255364356,0.8059118017297998
euler,0.255301762399676,0.000723763410269751,0.8059100317839731
euler,0.25602552580994575,0.0007255976244099904,0.8059082571333622
euler,0.25675112343435574,0.0007274372878752211,0.8059064766403
euler,0.25747856072223096,0.0007292824211829751,0.8059046912763391
euler,0.25820784314341394,0.0007311330445003428,0.8059029003520893
euler,0.2589389761879143,0.00073298917839415,0.8059011043845978
euler,0.25967196536630843,0.000734850843285284,0.8058993029827065
euler,0.2604068162095937,0.0007367180598613077,0.8058974962069928
euler,0.261143534269455,0.0007385908488721227,0.8058956841167729
euler,0.26188212511832715,0.0007404692311306915,0.8058938667700606
euler,0.26262259434945784,0.000742353227513648,0.8058920437677838
euler,0.2633649475769715,0.000744242859172406,0.8058902153161552
euler,0.2641091904361439,0.000746138147255937,0.805888381924974
euler,0.26485532858339983,0.000748039112768828,0.8058865424290401
euler,0.26560336769616866,0.0007499457773484375,0.805884697638964
euler,0.2663533134735171,0.0007518581623501275,0.8058828471464593
euler,0.2671051716358672,0.0007537762894133659,0.8058809917615752
euler,0.2678589479252806,0.0007557001798931262,0.8058791300038016
euler,0.2686146481051737,0.0007576298559322514,0.8058772634441641
euler,0.26937227796110597,0.0007595653390328749,0.8058753905969713
euler,0.27013184330013884,0.0007615066514913282,0.8058735125734985
euler,0.27089334995163017,0.0007634538151777837,0.8058716284947361
euler,0.27165680376680795,0.0007654068524748925,0.8058697387043349
euler,0.27242221061928285,0.0007673657857018013,0.8058678436992162
euler,0.27318957640498465,0.0007693306370389896,0.8058659427471625
euler,0.27395890704202364,0.0007713014291142462,0.8058640358807303
euler,0.2747302084711379,0.0007732781846405135,0.8058621232850319
euler,0.2755034866557784,0.0007752609263428911,0.8058602049902761
euler,0.2762787475821213,0.0007772496770327986,0.8058582808710532
euler,0.2770559972591541,0.0007792444596831927,0.8058563506456845
euler,0.2778352417188373,0.0007812452975059503,0.8058544148020303
euler,0.27861648701634323,0.0007832522135799991,0.8058524730554593
euler,0.2793997392299232,0.0007852652312251296,0.805850524964115
euler,0.28018500446114836,0.0007872843740811541,0.805848571476122
euler,0.2809722888352295,0.0007893096654303933,0.8058466118373994
euler,0.2817615985006599,0.000791341129028067,0.8058446460647648
euler,0.28255293962968797,0.0007933787887281496,0.8058426741736023
euler,0.2833463184184161,0.000795422668484369,0.8058406966436514
euler,0.2841417410869005,0.0007974727921209457,0.8058387124007058
euler,0.28493921387902144,0.0007995291841010332,0.8058367226981856
euler,0.28573874306312247,0.0008015918683761947,0.8058347264575434
euler,0.28654033493149866,0.0008036608695420888,0.8058327241526407
euler,0.28734399580104075,0.0008057362120695299,0.8058307156338733
euler,0.2881497320131103,0.0008078179206147396,0.8058287009055655
euler,0.288957549933725,0.0008099060199433517,0.8058266801266362
euler,0.2897674559536684,0.0008120005348530301,0.8058246526735894
euler,0.2905794564885214,0.0008141014905684307,0.8058226191704326
euler,0.29139355797908983,0.0008162089121138139,0.8058205793026387
euler,0.29220976689120365,0.0008183228247861662,0.8058185329096391
euler,0.2930280897159898,0.0008204432540795947,0.805816480455859
euler,0.2938485329700694,0.0008225702253678024,0.8058144216212233
euler,0.2946711031954372,0.0008247037643030475,0.8058123557688848
euler,0.29549580695974026,0.0008268438969814551,0.805810284144086
euler,0.2963226508567217,0.0008289906489798438,0.8058082056356562
euler,0.29715164150570156,0.0008311440465628706,0.805806120543556
euler,0.29798278555226443,0.0008333041159619969,0.8058040291672619
euler,0.2988160896682264,0.0008354708833737678,0.8058019311750589
euler,0.2996515605516002,0.0008376443752868834,0.8057998260747067
euler,0.3004892049268871,0.0008398246185685188,0.8057977149497458
euler,0.3013290295454556,0.000842011639645035,0.8057955971475538
euler,0.30217104118510063,0.0008442054654047015,0.8057934720115909
euler,0.30301524665050533,0.000846406123204746,0.8057913407808516
euler,0.3038616527737101,0.0008486136398785371,0.8057892023210044
euler,0.3047102664135886,0.0008508280429805892,0.8057870572359653
euler,0.3055610944565692,0.0008530493598747912,0.8057849058128495
euler,0.306414143816444,0.0008552776178993304,0.8057827467503188
euler,0.3072694214343433,0.0008575128452103509,0.8057805809656279
euler,0.3081269342795537,0.0008597550696080036,0.8057784087415484
euler,0.3089866893491617,0.0008620043188704019,0.805776229246056
euler,0.3098486936680321,0.000864260621349755,0.8057740429168457
euler,0.31071295428938184,0.0008665240052965206,0.8057718489163501
euler,0.31157947829467836,0.0008687944995443009,0.80576964879547
euler,0.31244827279422266,0.0008710721322254811,0.805767441235024
euler,0.31331934492644814,0.0008733569323163826,0.8057652261878495
euler,0.3141927018587645,0.0008756489289561409,0.8057630047244133
euler,0.31506835078772066,0.0008779481508388032,0.8057607755167652
euler,0.31594629893855947,0.0008802546275165635,0.8057585391526124
euler,0.31682655356607603,0.0008825683883608715,0.8057562957392854
euler,0.3177091219544369,0.0008848894628226689,0.8057540449016095
euler,0.31859401141725957,0.0008872178806977882,0.8057517869036048
euler,0.31948122929795736,0.000889553671778065,0.8057495215266008
euler,0.3203707829697354,0.000891896866116737,0.8057472487103157
euler,0.32126267983585216,0.0008942474939431788,0.8057449683926523
euler,0.32215692732979534,0.0008966055856651778,0.8057426806707223
euler,0.3230535329154605,0.000898971171781171,0.8057403856403291
euler,0.3239525040872417,0.000901344282881078,0.8057380829120944
euler,0.32485384837012277,0.0009037249499183608,0.8057357725779034
euler,0.3257575733200411,0.0009061132039432374,0.8057334550513914
euler,0.32666368652398436,0.0009085090759213821,0.8057311294526662
euler,0.32757219559990575,0.0009109125974626209,0.8057287961914785
euler,0.32848310819736837,0.0009133238000975097,0.8057264555154718
euler,0.3293964319974659,0.0009157427153672626,0.8057241068612825
euler,0.33031217471283314,0.0009181693752846609,0.8057217506349241
euler,0.3312303440881178,0.00092060381178527,0.805719386593006
euler,0.33215094789990307,0.0009230460570973653,0.805717014327245
euler,0.33307399395700044,0.0009254961438391329,0.8057146345641073
euler,0.33399949010083957,0.0009279541043692996,0.8057122468922346
euler,0.33492744420520887,0.000930419971439278,0.8057098510599555
euler,0.33585786417664815,0.0009328937781046265,0.8057074474647506
euler,0.3367907579547528,0.0009353755573514033,0.8057050356886036
euler,0.3377261335121042,0.0009378653425681782,0.8057026157999007
euler,0.33866399885467235,0.000940363167266367,0.8057001877023435
euler,0.3396043620219387,0.0009428690651772653,0.8056977516244804
euler,0.340547231087116,0.0009453830700625887,0.8056953073033382
euler,0.3414926141571786,0.0009479052160031309,0.8056928548006941
euler,0.3424405193731817,0.0009504355372099704,0.8056903940130757
euler,0.3433909549103917,0.000952974068122725,0.8056879248349903
euler,0.3443439289785144,0.000955520843412272,0.8056854474869981
euler,0.3452994498219267,0.000958075897788957,0.8056829613679108
euler,0.34625752571971563,0.0009606392664913699,0.8056804671871719
euler,0.347218164986207,0.0009632109845087444,0.8056779643396161
euler,0.34818137597071575,0.0009657910873642761,0.8056754530390398
euler,0.34914716705808,0.0009683796106285114,0.8056729330043086
euler,0.35011554666870853,0.0009709765902169987,0.805670404610829
euler,0.35108652325892553,0.000973582061996825,0.8056678675739001
euler,0.35206010532092236,0.0009761960621842425,0.805665321441132
euler,0.3530363013831066,0.0009788186274503063,0.8056627672434582
euler,0.3540151200105569,0.0009814497940214828,0.8056602036994666
euler,0.3549965698045784,0.0009840895990848586,0.8056576318375801
euler,0.35598065940366325,0.0009867380793850966,0.805655050370418
euler,0.35696739748304834,0.0009893952726388044,0.805652460489646
euler,0.35795679275568715,0.0009920612160199682,0.8056498617312966
euler,0.3589488539717071,0.000994735947173253,0.8056472539599115
euler,0.35994358991888037,0.000997419504015551,0.8056446368718513
euler,0.3609410094228959,0.0010001119248424506,0.8056420108254813
euler,0.36194112134773837,0.0010028132479199536,0.8056393758460724
euler,0.3629439345956583,0.0010055235116901429,0.8056367312915749
euler,0.36394945810734847,0.0010082427551901252,0.8056340778484717
euler,0.3649577008625386,0.0010109710172243602,0.8056314147038219
euler,0.36596867187976295,0.0010137083373038536,0.8056287427082186
euler,0.3669823802170668,0.0010164547546042124,0.8056260612110765
euler,0.367998834971671,0.0010192103089095017,0.8056233703931194
euler,0.3690180452805805,0.001021975040091494,0.8056206695981459
euler,0.370040020320672,0.0010247489886415218,0.8056179598390587
euler,0.37106476930931354,0.0010275321946128235,0.8056152402887637
euler,0.37209230150392636,0.0010303246987896642,0.8056125111209541
euler,0.373122626202716,0.0010331265420538416,0.805609772340538
euler,0.37415575274476987,0.001035937765492989,0.8056070237829221
euler,0.37519169051026285,0.0010387584105109315,0.8056042657849937
euler,0.3762304489207738,0.001041588518505998,0.8056014971706289
euler,0.3772720374392798,0.0010444281318502946,0.8055987196170382
euler,0.3783164655711301,0.0010472772920465112,0.805595931607597
euler,0.3793637428631766,0.001050136041796046,0.8055931336399836
euler,0.38041387890497264,0.0010530044236969904,0.8055903258747493
euler,0.3814668833286696,0.0010558824804622335,0.8055875079651971
euler,0.38252276580913186,0.001058770255252417,0.8055846798993397
euler,0.3835815360643843,0.0010616677914597195,0.8055818411567097
euler,0.384643203855844,0.00106457513304542,0.8055789932419598
euler,0.3857077789888894,0.0010674923232039668,0.8055761342794678
euler,0.3867752713120934,0.0010704194065964678,0.8055732649251636
euler,0.38784569071868985,0.0010733564276825258,0.8055703858354457
euler,0.3889190471463724,0.0010763034307154085,0.8055674954629914
euler,0.3899953505770878,0.0010792604612133716,0.8055645949684316
euler,0.39107461103830116,0.0010822275641563794,0.8055616841561116
euler,0.39215683860245754,0.0010852047848903257,0.8055587623181784
euler,0.39324204338734786,0.0010881921694761432,0.8055558301030988
euler,0.394330235556824,0.0010911897637791435,0.8055528866282301
euler,0.39542142532060315,0.0010941976145041887,0.8055499328795545
euler,0.39651562293510734,0.0010972157679329242,0.8055469683107263
euler,0.39761283870304026,0.0011002442709623361,0.8055439927129017
euler,0.3987130829740026,0.0011032831708800983,0.8055410057041953
euler,0.3998163661448827,0.0011063325154869186,0.8055380082661172
euler,0.4009226986603696,0.0011093923521628968,0.8055349995014963
euler,0.4020320910125325,0.0011124627291567712,0.8055319795347226
euler,0.4031445537416893,0.0011155436948885877,0.8055289484888658
euler,0.40426009743657787,0.0011186352979511427,0.8055259059717708
euler,0.405378732734529,0.0011217375874689184,0.8055228522739263
euler,0.40650047032199793,0.0011248506126266822,0.8055197873419125
euler,0.4076253209346246,0.0011279744229092947,0.8055167106053716
euler,0.4087532953575339,0.0011311090684664182,0.80551362234933
euler,0.4098844044260003,0.0011342545995177145,0.8055105230298893
euler,0.41101865902551804,0.0011374110662306092,0.8055074113824559
euler,0.41215607009174865,0.0011405785199358198,0.8055042885468775
euler,0.41329664861168447,0.0011437570114343765,0.8055011537697706
euler,0.41444040562311885,0.001146946592335829,0.8054980066383947
euler,0.4155873522154547,0.001150147314824046,0.8054948484623016
euler,0.4167374995302787,0.001153359230430251,0.8054916776182579
euler,0.41789085876070897,0.0011565823921269591,0.8054884954133261
euler,0.41904744115283593,0.0011598168522363728,0.8054853003905073
euler,0.4202072580050723,0.0011630626644144049,0.8054820936818349
euler,0.4213703206694867,0.0011663198817928877,0.8054788743433695
euler,0.4225366405512796,0.001169588558476875,0.805475642985881
euler,0.42370622910975647,0.001172868748424205,0.8054723990065149
euler,0.4248790978581807,0.001176160506327073,0.8054691428398691
euler,0.42605525836450775,0.0011794638868604101,0.8054658740518936
euler,0.42723472225136816,0.0011827789453171533,0.8054625925529292
euler,0.4284175011966853,0.001186105737360832,0.8054592980774176
euler,0.42960360693404614,0.0011894443191581838,0.8054559917493558
euler,0.43079305125320433,0.0011927947463551414,0.8054526719081425
euler,0.43198584599955947,0.0011961570761345186,0.8054493391516603
euler,0.433182003075694,0.0011995313655535078,0.8054459940779459
euler,0.4343815344412475,0.0012029176715393497,0.8054426353654108
euler,0.43558445211278685,0.0012063160523222982,0.8054392634329546
euler,0.43679076816510914,0.0012097265661447087,0.805435878873831
euler,0.43800049473125385,0.0012131492711272007,0.8054324807073466
euler,0.43921364400238105,0.0012165842264530435,0.8054290691730135
euler,0.4404302282288341,0.001220031491456497,0.8054256443342211
euler,0.4416502597202906,0.0012234911257560377,0.8054222059022564
euler,0.44287375084604663,0.001226963189524033,0.8054187541118509
euler,0.44410071403557067,0.0012304477430918892,0.8054152884946644
euler,0.44533116177866255,0.0012339448474885661,0.8054118091059999
euler,0.4465651066261511,0.0012374545640451151,0.8054083158238351
euler,0.44780256119019624,0.0012409769545331795,0.8054048088757338
euler,0.4490435381447294,0.0012445120808981525,0.8054012879601682
euler,0.45028805022562757,0.001248060005668905,0.8053977529489832
euler,0.4515361102312965,0.0012516207918288336,0.8053942035356252
euler,0.4527877310231253,0.001255194502958079,0.8053906401163001
euler,0.4540429255260834,0.0012587812026904066,0.8053870625571757
euler,0.4553017067287738,0.0012623809551263188,0.8053834701923627
euler,0.4565640876839001,0.0012659938252549408,0.8053798637660198
euler,0.45783008150915505,0.0012696198778526235,0.8053762422542675
euler,0.4590997013870077,0.0012732591788743308,0.8053726067520278
euler,0.460372960565882,0.0012769117937879715,0.8053689560534647
euler,0.46164987235967,0.0012805777893935,0.8053652905422666
euler,0.4629304501490635,0.001284257232571917,0.805361610246863
euler,0.4642147073816354,0.0012879501905670998,0.8053579148390275
euler,0.4655026575722025,0.0012916567312741822,0.8053542045205071
euler,0.4667943143034767,0.0012953769228196133,0.8053504787810183
euler,0.4680896912262963,0.0012991108341354751,0.8053467379961172
euler,0.46938880206043176,0.0013028585342516608,0.8053429814729757
euler,0.4706916605946834,0.0013066200931604044,0.8053392099395228
euler,0.47199828068784383,0.0013103955806716416,0.8053354223420781
euler,0.47330867626851547,0.0013141850678602407,0.8053316195835538
euler,0.4746228613363757,0.0013179886254802708,0.805327800783332
euler,0.475940849961856,0.0013218063254207824,0.8053239661277474
euler,0.47726265628727677,0.0013256382398405542,0.8053201156232501
euler,0.4785882945271173,0.0013294844413173634,0.805316249095692
euler,0.4799177789684347,0.0013333450029999194,0.8053123661896754
euler,0.4812511239714346,0.001337219998763517,0.8053084672631987
euler,0.4825883439701981,0.0013411095026229503,0.8053045519568273
euler,0.48392945347282107,0.0013450135893303128,0.8053006204461269
euler,0.4852744670621514,0.001348932333933961,0.8052966716494542
euler,0.48662339939608534,0.0013528658128355575,0.8052927071733382
euler,0.4879762652089209,0.0013568141015414814,0.8052887250339968
euler,0.4893330793104624,0.0013607772776795257,0.8052847266558874
euler,0.4906938565881419,0.0013647554181385746,0.8052807111271402
euler,0.4920586120062805,0.0013687486010392491,0.8052766782514736
euler,0.49342736060731973,0.0013727569051386057,0.8052726287310327
euler,0.49480011751245834,0.001376780409067413,0.8052685618260353
euler,0.49617689792152575,0.0013808191925612223,0.8052644767927125
euler,0.497557717114087,0.0013848733364757448,0.8052603750495749
euler,0.4989425904505627,0.00138894292093511,0.805256255488617
euler,0.5003315333714978,0.0013930280275021856,0.8052521180812581
euler,0.501724561399,0.0013971287382597009,0.8052479629779662
euler,0.5031216901372597,0.0014012451356579803,0.8052437897848745
euler,0.5045229352729177,0.0014053773029917282,0.8052395986485322
euler,0.5059283125759094,0.0014095253239351235,0.8052353889891936
euler,0.5073378378998445,0.0014136892831809744,0.805231161493173
euler,0.5087515271830255,0.0014178692653372682,0.8052269153951422
euler,0.5101693964483628,0.0014220653562035945,0.8052226508337336
euler,0.5115914618045664,0.0014262776419835532,0.8052183672193496
euler,0.5130177394465499,0.0014305062099343457,0.8052140652318309
euler,0.5144482456564843,0.001434751147246116,0.8052097442774696
euler,0.5158829968037304,0.0014390125421754885,0.8052054041231913
euler,0.5173220093459059,0.0014432904837335947,0.805201045262301
euler,0.5187652998296395,0.0014475850610399243,0.8051966667291449
euler,0.5202128848906794,0.0014518963646351635,0.8051922686481805
euler,0.5216647812553146,0.0014562244855116369,0.8051878513250803
euler,0.5231210057408262,0.0014605695149519926,0.8051834145165457
euler,0.5245815752557782,0.0014649315450278033,0.8051789576111541
euler,0.526046506800806,0.001469310668942847,0.8051744809085958
euler,0.5275158174697488,0.0014737069802115421,0.805169984158552
euler,0.5289895244499604,0.001478120573164099,0.805165467108213
euler,0.5304676450231245,0.0014825515429559566,0.8051609298688606
euler,0.5319501965660804,0.001486999985239268,0.8051563725503132
euler,0.5334371965513197,0.0014914659961674515,0.8051517941597686
euler,0.5349286625474872,0.0014959496734211486,0.8051471949853474
euler,0.5364246122209083,0.0015004511150340516,0.805142575314293
euler,0.5379250633359424,0.0015049704193931257,0.805137934329606
euler,0.5394300337553355,0.0015095076862743362,0.8051332723141957
euler,0.5409395414416098,0.0015140630158249069,0.8051285891818062
euler,0.5424536044574347,0.001518636508911042,0.8051238846599108
euler,0.5439722409663458,0.0015232282673007802,0.8051191582890961
euler,0.5454954692336466,0.0015278383938494011,0.8051144107137594
euler,0.547023307627496,0.0015324669914602573,0.8051096405478532
euler,0.5485557746189562,0.0015371141650180054,0.805104848985647
euler,0.5500928887839742,0.0015417800189437836,0.8051000346354541
euler,0.551634668802918,0.0015464646596652365,0.8050951986891869
euler,0.5531811334625832,0.0015511681931532628,0.805090340119555
euler,0.5547323016557365,0.0015558907270540878,0.8050854586353378
euler,0.5562881923827906,0.0015606323699952629,0.8050805546840295
euler,0.5578488247527859,0.0015653932308775653,0.8050756277855365
euler,0.5594142179836634,0.0015701734197774986,0.8050706774566769
euler,0.5609843914034409,0.0015749730479629465,0.8050657041395226
euler,0.5625593644514039,0.0015797922269975562,0.8050607075325557
euler,0.5641391566784014,0.0015846310694714871,0.80505568733165
euler,0.5657237877478729,0.0015894896890137344,0.8050506434161153
euler,0.5673132774368866,0.0015943682001202664,0.8050455751048536
euler,0.5689076456370069,0.0015992667187183507,0.8050404837618879
euler,0.5705069123557253,0.0016041853601450606,0.8050353673987252
euler,0.5721110977158703,0.0016091242424817187,0.8050302268168478
euler,0.573720221958352,0.0016140834837938822,0.8050250616987346
euler,0.5753343054421459,0.001619063203250115,0.8050198717242647
euler,0.576953368645396,0.0016240635211345333,0.8050146571312287
euler,0.5785774321665306,0.001629084558294136,0.8050094174085533
euler,0.5802065167248247,0.0016341264369006403,0.8050041522291107
euler,0.5818406431617253,0.0016391892802770647,0.8049988616375818
euler,0.5834798324420024,0.001644273212529801,0.8049935454897977
euler,0.5851241056545322,0.0016493783587472333,0.8049882036394908
euler,0.5867734840132794,0.001654504845010507,0.8049828359382802
euler,0.58842798885829,0.0016596527984044096,0.8049774416727434
euler,0.5900876416566944,0.0016648223476105617,0.8049720212524557
euler,0.5917524640043049,0.0016700136217601136,0.8049665743349256
euler,0.593422477626065,0.0016752267512168961,0.8049611001990586
euler,0.5950977043772819,0.0016804618679843175,0.804955600189389
euler,0.5967781662452663,0.0016857191035613006,0.8049500718878196
euler,0.5984638853488276,0.0016909985928791338,0.8049445171999677
euler,0.6001548839417067,0.001696300469792189,0.8049389342657837
euler,0.6018511844114989,0.001701624871034313,0.8049333240471522
euler,0.6035528092825332,0.0017069719332637456,0.804927685997393
euler,0.6052597812157969,0.001712341794659733,0.8049220197554535
euler,0.6069721230104567,0.0017177345947404499,0.8049163245798578
euler,0.6086898576051971,0.0017231504747835524,0.8049106018049587
euler,0.6104130080799807,0.0017285895756175007,0.8049048499297247
euler,0.6121415976555982,0.00173405204066035,0.8048990689615626
euler,0.6138756496962585,0.0017395380143234718,0.8048932589063322
euler,0.615615187710582,0.0017450476420202143,0.8048874191998172
euler,0.6173602353526022,0.001750581070794066,0.8048815506019518
euler,0.6191108164233963,0.0017561384478914643,0.8048756515963313
euler,0.6208669548712877,0.0017617199232484726,0.8048697229389773
euler,0.6226286747945362,0.0017673256470296383,0.8048637634868103
euler,0.6243960004415658,0.0017729557717153233,0.8048577743729352
euler,0.6261689562132812,0.0017786104496150257,0.8048517536889244
euler,0.6279475666628962,0.0017842898362272486,0.8048457027547531
euler,0.6297318564991234,0.0017899940866916708,0.8048396202265671
euler,0.6315218505858151,0.0017957233587463373,0.8048335066605946
euler,0.6333175739445615,0.0018014778106342222,0.8280186782250268
euler,0.6351190517551957,0.0017817688407082422,0.8374547670557747
euler,0.6369008205959039,0.001752319079740161,0.8370663802821626
euler,0.6386531396756441,0.0017237558356165694,0.8365457243522147
euler,0.6403768955112606,0.0016961857760754429,0.8360630214314043
euler,0.6420730812873361,0.001669538424347805,0.8356176478491298
euler,0.6437426197116839,0.0016437475800605839,0.8352064238206601
euler,0.6453863672917445,0.0016187535092536676,0.8348265048727398
euler,0.6470051208009981,0.00159450218187418,0.8344753762744006
euler,0.6485996229828723,0.0015709445802590816,0.8341508084515462
euler,0.6501705675631314,0.0015480361072758297,0.833850819020733
euler,0.6517186036704072,0.001525736077989004,0.833573639229151
euler,0.6532443397483962,0.0015040072826258966,0.8333176871888152
euler,0.6547483470310221,0.0014828156078969812,0.8330815446185335
euler,0.6562311626389191,0.0014621297080623652,0.8328639373421143
euler,0.6576932923469815,0.0014419207178728577,0.8326637171203516
euler,0.6591352130648543,0.0014221620024320591,0.8324798490777536
euler,0.6605573750672864,0.0014028289359626633,0.8323113971623705
euler,0.6619602040032491,0.0013838987085842414,0.8321575147401916
euler,0.6633441027118333,0.0013653501544670377,0.8320174344812734
euler,0.6647094528663003,0.001347163600135648,0.8318904598694402
euler,0.666056616466436,0.0013293207299434062,0.8317759590606129
euler,0.6673859371963794,0.001311804465460198,0.8316733578126914
euler,0.6686977416618396,0.0012945988583845658,0.8315821337537715
euler,0.6699923405202242,0.001277688994876125,0.8315018127406604
euler,0.6712700295151003,0.0012610609088312685,0.8314319632366464
euler,0.6725310904239316,0.001244701504910406,0.8313721933798776
euler,0.673775791928842,0.0012285984885817003,0.8313221474921411
euler,0.6750043904174237,0.0012127403030738337,0.8312815027618156
euler,0.6762171307204975,0.0011971160726087504,0.8312499672235419
euler,0.6774142467931062,0.0011817155505334798,0.8312272770710422
euler,0.6785959623436397,0.0011665290724804933,0.8312131946488339
euler,0.6797624914161202,0.0011515475137299225,0.8312075068562144
euler,0.6809140389298501,0.0011367622502045371,0.8312100229893465
euler,0.6820508011800547,0.0011221651232333762,0.8312205738652113
euler,0.683172966303288,0.0011077484069726973,0.8312390102916033
euler,0.6842807147102608,0.0010935047787474783,0.8312652022734542
euler,0.6853742194890082,0.0010794272916456737,0.8312990372456913
euler,0.6864536467806539,0.0010655093498522783,0.8313404199335284
euler,0.6875191561305062,0.0010517446855100587,0.8313892716199293
euler,0.6885709008160162,0.0010381273373983868,0.8314455287258519
euler,0.6896090281534146,0.0010246516317478083,0.8315091432761682
euler,0.6906336797851624,0.0010113121639035993,0.8315800815651475
euler,0.691644991949066,0.000998103781894133,0.8316583242385556
euler,0.6926430957309602,0.0009850215709424903,0.8317438657620244
euler,0.6936281173019027,0.0009720608392406183,0.8318367143742904
euler,0.6946001781411433,0.0009592171046390874,0.8319368917598409
euler,0.6955593952457824,0.0009464860823722443,0.8320444329027484
euler,0.6965058813281546,0.0009338636736657691,0.8321593862124966
euler,0.6974397450018204,0.000921345955038233,0.8322818133737703
euler,0.6983610909568586,0.0009089291684242218,0.8324117895214398
euler,0.6992700201252828,0.0008966097119106342,0.8005372361070009
euler,0.7001666298371935,0.0009018933390860795,0.7942248666881212
euler,0.7010685231762795,0.0009108061379751176,0.7944413515850475
euler,0.7019793293142547,0.0009196816839680544,0.794664694321868
euler,0.7028990109982227,0.000928513211495896,0.7948820335287783
euler,0.7038275242097186,0.0009373013802304042,0.7950935297085153
euler,0.704764825589949,0.0009460468768892616,0.7952993615781231
euler,0.7057108724668383,0.0009547503997340279,0.7954997008297229
euler,0.7066656228665723,0.0009634126577836577,0.7956947120268766
euler,0.707629035524356,0.0009720343703371048,0.7958845530455764
euler,0.7086010698946931,0.0009806162664734996,0.7960693756952971
euler,0.7095816861611666,0.000989159084398894,0.7962493256336419
euler,0.7105708452455655,0.0009976635710587933,0.7964245427869614
euler,0.7115685088166243,0.0010061304816990635,0.7965951619693492
euler,0.7125746392983233,0.0010145605792318824,0.7967613124878045
euler,0.7135891998775552,0.0010229546340341233,0.796923119035664
euler,0.7146121545115893,0.001031313423358049,0.7970807015465792
euler,0.7156434679349474,0.0010396377309985771,0.7972341754362108
euler,0.716683105665946,0.0010479283469667644,0.7973836518920661
euler,0.7177310340129127,0.0010561860671274292,0.7975292379777399
euler,0.7187872200800401,0.001064411692915268,0.7976710372422111
euler,0.7198516317729554,0.001072606030782297,0.7978091486932901
euler,0.7209242378037377,0.0010807698924648612,0.7979436688434368
euler,0.7220050076962026,0.0010889040940084138,0.7980746900231478
euler,0.723093911790211,0.001097009456041631,0.798202301468753
euler,0.7241909212462526,0.0011050868034386818,0.7983265893418284
euler,0.7252960080496913,0.001113136965075756,0.7984476371074286
euler,0.726409145014767,0.0011211607734273876,0.7985655247031228
euler,0.7275303057881944,0.001129159064845342,0.7986803299256334
euler,0.7286594648530398,0.001137132678967756,0.7987921273116408
euler,0.7297965975320075,0.0011450824590069075,0.7989009896601117
euler,0.7309416799910144,0.0011530092510478873,0.7990069861944942
euler,0.7320946892420623,0.0011609139047450423,0.7991101852508412
euler,0.7332556031468074,0.0011687972721692308,0.7992106509285076
euler,0.7344244004189766,0.001176660209159186,0.7993084472457673
euler,0.7356010606281358,0.0011845035737265697,0.7994036345833123
euler,0.7367855642018624,0.0011923282271286695,0.7994962720634421
euler,0.737977892428991,0.0012001350332693228,0.7995864161203425
euler,0.7391780274622604,0.0012079248592276048,0.7996741224141826
euler,0.740385952321488,0.001215698574418389,0.7997594435241486
euler,0.7416016508959064,0.0012234570515499144,0.7998424311601755
euler,0.7428251079474563,0.0012312011659757482,0.7999231349580724
euler,0.744056309113432,0.0012389317960144197,0.8000016028546899
euler,0.7452952409094464,0.0012466498230448986,0.8000778812794125
euler,0.7465418907324913,0.0012543561315081497,0.8001520150301819
euler,0.7477962468639995,0.0012620516090577905,0.8002240477551823
euler,0.7490582984730573,0.001269737146383454,0.8002940210798805
euler,0.7503280356194407,0.0012774136377702305,0.8003619755366691
euler,0.751605449257211,0.0012850819809770986,0.8004279503528844
euler,0.752890531238188,0.0012927430773249649,0.8004919831873586
euler,0.754183274315513,0.001300397832041833,0.8005541107175677
euler,0.7554836721475549,0.001308047154179981,0.8006143680899286
euler,0.7567917193017348,0.0013156919570190828,0.8006727893548531
euler,0.7581074112587539,0.0013233331581595786,0.8007294072041189
euler,0.7594307444169135,0.0013309716798709514,0.8007842535789307
euler,0.7607617160967844,0.001338608448976597,0.8008373591340319
euler,0.762100324545761,0.001346244397216756,0.8008887529337737
euler,0.7634465689429778,0.001353880461909207,0.8009384633632755
euler,0.764800449404887,0.0013615175858873174,0.8009865185980642
euler,0.7661619669907743,0.0013691567170608376,0.8010329441014133
euler,0.7675311237078352,0.0013767988101386353,0.8010777656229259
euler,0.7689079225179738,0.001384444825843656,0.8011210072009278
euler,0.7702923673438175,0.0013920957318585003,0.8011626930811603
euler,0.771684463075676,0.0013997525021510748,0.8012028448425177
euler,0.773084215577827,0.0014074161188220025,0.8012414847003742
euler,0.774491631696649,0.0014150875711175237,0.8012786332398619
euler,0.7759067192677666,0.0014227678564403545,0.80131431011127
euler,0.7773294871242069,0.0014304579807925544,0.8013485342300456
euler,0.7787599451049995,0.0014381589590705124,0.8013813242890678
euler,0.78019810406407,0.001445871814923394,0.8014126970751853
euler,0.7816439758789934,0.0014535975821505787,0.8014426694196405
euler,0.783097573461144,0.0014613373043804723,0.8014712564278315
euler,0.7845589107655244,0.0014690920363757964,0.8014984740979472
euler,0.7860280028019002,0.0014768628429815411,0.8015243351740435
euler,0.7875048656448818,0.0014846508018930837,0.8015488543270527
euler,0.7889895164467748,0.0014924570017009753,0.8015720431349111
euler,0.7904819734484758,0.0015002825445830092,0.8015939141387742
euler,0.7919822559930588,0.0015081285452768212,0.8016144780462434
euler,0.7934903845383356,0.001515996132674835,0.80163374519473
euler,0.7950063806710105,0.0015238864500881633,0.8016517254748504
euler,0.7965302671210986,0.001531800655601323,0.8016684273081012
euler,0.7980620677767,0.0015397399234281517,0.8016838595012543
euler,0.7996018077001281,0.0015477054435287796,0.8016980288040685
euler,0.8011495131436569,0.0015556984235910454,0.8017109424815301
euler,0.802705211567248,0.001563720088573306,0.8017226060917558
euler,0.8042689316558213,0.0015717716824165118,0.8017330252594891
euler,0.8058407033382378,0.0015798544680699633,0.8017422042277658
euler,0.8074205578063077,0.001587969728956029,0.8017501469542628
euler,0.8090085275352638,0.0015961187693960266,0.8017568566588866
euler,0.8106046463046598,0.0016043029155061728,0.8017623353959477
euler,0.812208949220166,0.0016125235165556084,0.8017665849220054
euler,0.8138214727367216,0.0016207819454941985,0.8017696064132909
euler,0.8154422546822158,0.0016290795997871976,0.8017713996977683
euler,0.817071334282003,0.0016374179030632652,0.8017719640093848
euler,0.8187087521850662,0.0016457983060428338,0.8017712985282771
euler,0.8203545504911091,0.0016542222869402323,0.8017694005480581
euler,0.8220087727780493,0.001662691353781609,0.8017662676542114
euler,0.8236714641318309,0.0016712070445259464,0.8017618956633545
euler,0.8253426711763568,0.0016797709293508989,0.8017562799595941
euler,0.8270224421057077,0.0016883846116038104,0.8017494162816453
euler,0.8287108267173116,0.0016970497279505947,0.801741296715716
euler,0.8304078764452621,0.0017057679527936465,0.8017319159120889
euler,0.8321136443980558,0.0017145409961800695,0.8017212647876054
euler,0.8338281853942359,0.0017233706084145428,0.8017093351275026
euler,0.8355515560026504,0.0017322585798448253,0.8016961168584186
euler,0.8372838145824952,0.0017412067436022305,0.8016815995464509
euler,0.8390250213260975,0.0017502169767931175,0.8016657714964404
euler,0.8407752383028906,0.0017592912027156737,0.8016486200364012
euler,0.8425345295056063,0.00176843139283267,0.8016301316361293
euler,0.8443029608984389,0.001777639568674938,0.8016102913116895
euler,0.8460806004671139,0.0017869178044680467,0.8015890838550466
euler,0.8478675182715819,0.0017962682284640152,0.8015664915574459
euler,0.8496637865000459,0.0018056930268797178,0.8015424972114871
euler,0.8514694795269256,0.0018151944445600199,0.8015170808833536
euler,0.8532846739714857,0.0018247747893370692,0.8014902224498454
euler,0.8551094487608227,0.0018344364336241314,0.8014618996293064
euler,0.8569438851944469,0.0018441818183272396,0.8014320899009524
euler,0.8587880670127741,0.0018540134546615183,0.8014007681648297
euler,0.8606420804674356,0.0018639339287478407,0.8013679088781043
euler,0.8625060143961835,0.0018739459038619177,0.8013334841240758
euler,0.8643799603000454,0.00188405212502607,0.8012974651713645
euler,0.8662640124250715,0.0018942554219095742,0.8012598208181283
euler,0.868158267846981,0.0019045587137933584,0.8012205190229799
euler,0.8700628265607744,0.00191496501275068,0.801179525374392
euler,0.8719777915735251,0.0019254774287748022,0.8011368034455929
euler,0.8739032690022999,0.0019360991746513179,0.8010923157144421
euler,0.8758393681769512,0.001946833569878459,0.8010460213236625
euler,0.8777862017468296,0.0019576840474605506,0.8009978784235458
euler,0.8797438857942902,0.001968654158057026,0.8009478420482298
euler,0.8817125399523472,0.0019797475769024464,0.8008958648641223
euler,0.8836922875292497,0.001990968110040403,0.8008418980876101
euler,0.8856832556392901,0.002002319699631716,0.8007858885817486
euler,0.8876855753389218,0.0020138064331068906,0.80072778182909
euler,0.8896993817720287,0.00202543254888754,0.8006675193648052
euler,0.8917248143209162,0.0020372024455865834,0.8006050401930466
euler,0.8937620167665028,0.0020491206897353953,0.8005402799095042
euler,0.8958111374562382,0.0020611920249302695,0.8004731704948113
euler,0.8978723294811685,0.002073421381593832,0.8004036397658401
euler,0.8999457508627623,0.0020858138878236954,0.8003316128536623
euler,0.902031564750586,0.002098374878722553,0.8002570088102163
euler,0.9041299396293085,0.0021111099105729503,0.8001797443843603
euler,0.9062410495398815,0.0021240247705550663,0.8000997299767572
euler,0.9083650743104366,0.0021371254922635252,0.8000168716395707
euler,0.9105021998027001,0.0021504183691593015,0.7999310699693765
euler,0.9126526181718594,0.002163909970072986,0.7998422196217406
euler,0.9148165281419324,0.002177607156012229,0.7997502096079173
euler,0.9169941352979446,0.0021915170972681697,0.7996549224336295
euler,0.9191856523952128,0.0022056472924389947,0.7995562329340384
euler,0.9213912996876518,0.0022200055898924376,0.7994540089704832
euler,0.9236113052775442,0.0022346002091875317,0.7993481108702297
euler,0.9258459054867317,0.002249439764236194,0.7992383891021999
euler,0.9280953452509679,0.002264533290799897,0.7991246866727295
euler,0.9303598785417678,0.0022798902718121905,0.7990068348104884
euler,0.93263976881358,0.002295520670079765,0.7988846561924697
euler,0.9349352894836598,0.0023114349578357007,0.79875795919653
euler,0.9372467244414955,0.002327644156085107,0.7986265432191684
euler,0.9395743685975806,0.0023441598680237208,0.7984901913104658
euler,0.9419185284656043,0.0023609943250080256,0.7983486732126053
euler,0.9442795227906123,0.002378160430261067,0.7982017438304928
euler,0.9466576832208734,0.0023956718070912153,0.7980491391721044
euler,0.9490533550279646,0.0024135428557332528,0.7978905788919036
euler,0.9514668978836979,0.0024317888092604267,0.7977257600004913
euler,0.9538986866929583,0.002450425802145606,0.7975543601047662
euler,0.9563491124951039,0.0024694709374804003,0.7973760312144015
euler,0.9588185834325843,0.002488942367576241,0.7971904003326482
euler,0.9613075258001605,0.0025088593781228408,0.796997064419706
euler,0.9638163851782834,0.0025292424851373063,0.7967955907646783
euler,0.9663456276634207,0.0025501135369221384,0.79658551113419
euler,0.9688957412003428,0.0025714958315070646,0.7963663197576263
euler,0.9714672370318499,0.0025934142444288266,0.7961374688582993
euler,0.9740606512762787,0.002615895371700594,0.7958983646004967
euler,0.9766765466479793,0.0026389676884535085,0.7956483624356728
euler,0.9793155143364328,0.0026626617255082197,0.7953867605761611
euler,0.981978176061941,0.002687010268503931,0.7951127941934883
euler,0.984665186330445,0.002712048580196247,0.7948256296327799
euler,0.9873772349106412,0.002737814647878145,0.7945243525440282
euler,0.9901150495585194,0.0027643494687284997,0.7942079625382623
euler,0.9928793990272479,0.002791697364878165,0.7938753611186824
euler,0.995671096392126,0.0028199063429765747,0.7935253363866313
euler,0.9984910027351026,0.002849028508149054,0.7931565537775586
euler,1.0013400312432517,0.0028791205265092934,0.7927675361891153
euler,1.004219151769761,0.00291024416064678,0.7923566446306173
euler,1.0071293959304077,0.0029424668843511803,0.7919220567637263
euler,1.010071862814759,0.002975862588747269,0.7914617420248548
euler,1.0130477254035062,0.0030105123961294833,0.7909734262015483
euler,1.0160582377996357,0.0030465056136916857,0.7904545587119723
euler,1.0191047434133274,0.00308394083749719,0.7899022678374075
euler,1.0221886842508245,0.0031229272482311554,0.789313306620027
euler,1.0253116114990557,0.0031635861404821775,0.7886839938558993
euler,1.0284751976395379,0.003206052724503916,0.7880101343540896
euler,1.0316812503640418,0.003250478278540303,0.7907337606962178
euler,1.034931728642582,0.003289838940355949,0.8031337485794084
euler,1.038221567582938,0.003303871962092586,0.8030642940882529
euler,1.0415254395450306,0.0033181083196363037,0.8030464485815627
euler,1.044843547864667,0.0033324430481198597,0.8030282406391783
euler,1.0481759909127868,0.003346877647866009,0.8030098849356782
euler,1.0515228685606528,0.0033614131895993715,0.8029913790582326
euler,1.0548842817502522,0.0033760507612674573,0.8029727205905541
euler,1.0582603325115196,0.003390791468320664,0.8029539081525195
euler,1.0616511239798403,0.0034056364317895937,0.8029349395307058
euler,1.0650567604116299,0.0034205867902921128,0.802915813757214
euler,1.068477347201922,0.003435643697643931,0.8028965284065143
euler,1.071912990899566,0.0034508083262121403,0.802877081466381
euler,1.075363799225778,0.00346608186631725,0.8028574717554798
euler,1.0788298810920953,0.0034814655247119575,0.8028376964244809
euler,1.0823113466168073,0.0034969605284573824,0.8028177542881144
euler,1.0858083071452647,0.003512568121613713,0.8027976429090142
euler,1.0893208752668784,0.0035282895682455795,0.8027773608900657
euler,1.092849164835124,0.003544126150446969,0.8027569047459273
euler,1.096393290985571,0.0035600791732450787,0.8027362747450332
euler,1.099953370158816,0.003576149956624697,0.8027154663534711
euler,1.1035295201154407,0.003592339846475223,0.8026944790012647
euler,1.107121859961916,0.00360865020612966,0.8026733100286069
euler,1.1107305101680456,0.0036250824213388544,0.8026519574000379
euler,1.1143555925893844,0.0036416378992223386,0.8026304182414434
euler,1.1179972304886068,0.0036583180705207496,0.8026086915590009
euler,1.1216555485591275,0.0036751243856836258,0.8025867734278563
euler,1.1253306729448112,0.0036920583219095526,0.8025646630598375
euler,1.1290227312667207,0.0037091213763604802,0.8025423567339919
euler,1.1327318526430812,0.003726315073271147,0.8025198532400799
euler,1.1364581677163523,0.003743640958559169,0.8024971490612911
euler,1.1402018086749115,0.003761100605568224,0.8024742425646193
euler,1.1439629092804797,0.003778695611103444,0.8024511306474885
euler,1.1477416048915832,0.0037964275992832253,0.8024278106240021
euler,1.1515380324908664,0.0038142982210136456,0.8024042804358517
euler,1.15535233071188,0.00383230915293975,0.80238053760328
euler,1.1591846398648198,0.003850462098880403,0.8023565779634789
euler,1.1630351019637002,0.0038687587943408985,0.8023324007124837
euler,1.166903860758041,0.003887200998938134,0.8023080014723032
euler,1.1707910617569792,0.0039057905054762365,0.8022833779637994
euler,1.1746968522624555,0.0039245291354077505,0.8022585279064978
euler,1.1786213813978632,0.003943418739318139,0.8022334473344596
euler,1.1825648001371813,0.0039624612015791705,0.8022081341731447
euler,1.1865272613387605,0.003981658436256641,0.8021825846618316
euler,1.1905089197750172,0.004001012391815273,0.8021567958793179
euler,1.1945099321668324,0.004020525049627022,0.8021307653239882
euler,1.1985304572164595,0.00404019842348724,0.8021044885948765
euler,1.2025706556399467,0.00406003456497972,0.8020779633964469
euler,1.2066306902049264,0.004080035558810424,0.8020511859550569
euler,1.2107107257637368,0.004100203527155344,0.80202415376061
euler,1.2148109292908922,0.004120540627089886,0.8019968621900806
euler,1.218931469917982,0.004141049056652246,0.8019693085175087
euler,1.2230725189746343,0.004161731050677853,0.8019414885364069
euler,1.2272342500253122,0.004182588885309535,0.8019133997280634
euler,1.2314168389106217,0.004203624874334677,0.8018850374582258
euler,1.2356204637849564,0.004224841375421562,0.8018563979349065
euler,1.239845305160378,0.0042462407887085,0.8018274788448869
euler,1.2440915459490864,0.004267825553649018,0.8017982738526007
euler,1.2483593715027355,0.004289598160466923,0.8017687812749953
euler,1.2526489696632024,0.004311561138633291,0.8017389956169496
euler,1.2569605308018357,0.004333717067855236,0.8017089139213697
euler,1.261294247869691,0.00435606857214732,0.8330245887065189
euler,1.2656503164418382,0.004295446425525817,0.8418635010916142
euler,1.269945762867364,0.004213373656714925,0.8399365929937388
euler,1.274159136524079,0.00413760696125709,0.8380725066420165
euler,1.278296743485336,0.004067719023140626,0.836415832526652
euler,1.2823644625084767,0.004002969982518811,0.8349357131633859
euler,1.2863674324909955,0.003942741680223127,0.8336052391875144
euler,1.2903101741712186,0.003886517393627109,0.8324026969026407
euler,1.2941966915648457,0.00383386120048268,0.8313103917881557
euler,1.2980305527653284,0.0037844022370594477,0.8303137599991675
euler,1.3018149550023879,0.0037378225727442427,0.8294007015520525
euler,1.305552777575132,0.003693847763438507,0.8285610784532115
euler,1.3092466253385706,0.0036522394046347717,0.8277863339766167
euler,1.3128988647432054,0.003612789192935839,0.8270691924844473
euler,1.3165116539361412,0.003575314156713638,0.8264034292175828
euler,1.3200869680928549,0.0035396527829791857,0.82578368678551
euler,1.323626620875834,0.003505661849830366,0.8252053285752655
euler,1.3271322827256644,0.00347321381724508,0.8246643210852453
euler,1.3306054965429095,0.0034421946626017608,0.8241571389598471
euler,1.3340476912055113,0.0034125020728299482,0.823680687980171
euler,1.3374601932783412,0.003384043924311797,0.8232322393870143
euler,1.340844237202653,0.003356737002343735,0.8228093794080552
euler,1.3442009742049967,0.003330505909258541,0.8224099633388754
euler,1.3475314801142553,0.003305282136405241,0.8220320797006496
euler,1.3508367622506605,0.0032810032669075007,0.8216740198576745
euler,1.354117765517568,0.003257612288145584,0.8213342508553205
euler,1.3573753778057136,0.0032350569992787293,0.8210113936519876
euler,1.3606104348049923,0.003213289496286409,0.8207042053002476
euler,1.3638237243012787,0.003192265721249754,0.8204115600157607
euler,1.3670159900225285,0.0031719450734453147,0.820132438688388
euler,1.3701879350959738,0.0031522900619305183,0.8198659149574254
euler,1.3733402251579043,0.0031332660032341586,0.8196111450377266
euler,1.3764734911611385,0.003114840754161907,0.8193673580560586
euler,1.3795883319153004,0.0030969844764949794,0.819133849891163
euler,1.3826853163917954,0.0030796694250270207,0.8189099751173556
euler,1.3857649858168224,0.003062869760980691,0.8186951406536951
euler,1.388827855577803,0.0030465613861536678,0.8184888024100598
euler,1.3918744169639568,0.0030307217910472417,0.8182904568943724
euler,1.394905138755004,0.003015329925370569,0.8180996415071224
euler,1.3979204686803746,0.0030003660738797677,0.8179159272680395
euler,1.4009208347542543,0.0029858117508967386,0.8177389183421592
euler,1.403906646505151,0.0029716496002760717,0.8175682464644308
euler,1.4068782961054271,0.002957863309654085,0.8174035711032379
euler,1.4098361594150812,0.0029444375279983337,0.8172445737223283
euler,1.4127805969430796,0.0029313577967680082,0.8170909602431904
euler,1.4157119547398476,0.002918610479485384,0.816942454800219
euler,1.418630565219333,0.002906182705113114,0.8167988005727982
euler,1.421536747924446,0.0028940623121895825,0.8166597575149536
euler,1.4244308102366356,0.0028822377990729287,0.8165251019016986
euler,1.4273130480357086,0.002870698276836503,0.8163946225522923
euler,1.430183746312545,0.0028594334304863356,0.816268123166016
euler,1.4330431797430314,0.0028484334775387143,0.8161454184404215
euler,1.4358916132205701,0.002837689134774113,0.8160263353490519
euler,1.4387293023553442,0.002827191583962163,0.81591071018945
euler,1.4415564939393064,0.002816932443834297,0.8157983895735087
euler,1.4443734263831407,0.002806903741319644,0.8156892284943666
euler,1.4471803301244603,0.0027970978870379692,0.8155830915181626
euler,1.4499774280114983,0.0027875076495673667,0.8154798486548382
euler,1.4527649356610657,0.0027781261375472432,0.8153793796784059
euler,1.455543061798613,0.0027689467750589003,0.8152815688137746
euler,1.4583120085736718,0.0027599632867176815,0.8151863079614231
euler,1.4610719718603895,0.0027511696778248496,0.8150934943744627
euler,1.4638231415382144,0.002742560219001655,0.8150030301464035
euler,1.466565701757216,0.0027341294321510112,0.8149148234658196
euler,1.469299831189367,0.0027258720747442844,0.8148287866430093
euler,1.4720257032641113,0.0027177831278386577,0.8147448365357487
euler,1.47474348639195,0.002709857783738334,0.8146628943654328
euler,1.4774533441756883,0.0027020914343096614,0.814582884691207
euler,1.480155435609998,0.0026944796613139754,0.8145047364942536
euler,1.482849915271312,0.0026870182252276553,0.814428381937322
euler,1.4855369334965396,0.0026797030563947555,0.8143537558870787
euler,1.4882166365529343,0.002672530247201932,0.814280797271864
euler,1.4908891668001363,0.0026654960422491936,0.814209446921861
euler,1.4935546628423855,0.0026585968322863085,0.8141396489485885
euler,1.4962132596746718,0.0026518291460728705,0.8140713499468551
euler,1.4988650888207447,0.0026451896437347244,0.8140044985777702
euler,1.5015102784644794,0.002638675110961719,0.813939046239791
euler,1.504148953575441,0.0026322824522724275,0.8138749465451699
euler,1.5067812360277135,0.0026260086852789577,0.8138121543375486
euler,1.5094072447129925,0.002619850936670831,0.8137506272153531
euler,1.5120270956496633,0.002613806435861621,0.8136903240867036
euler,1.514640902085525,0.002607872511088516,0.8136312063409606
euler,1.5172487745966134,0.002602046583736417,0.8135732358401032
euler,1.5198508211803499,0.0025963261659867065,0.8135163770395418
euler,1.5224471473463366,0.0025907088551604396,0.8134605952311748
euler,1.525037856201497,0.0025851923309647695,0.8134058573770092
euler,1.5276230485324618,0.002579774351488373,0.8133521317735848
euler,1.5302028228839502,0.0025744527498117176,0.8132993878412541
euler,1.5327772756337619,0.0025692254310238916,0.8132475962659713
euler,1.5353465010647858,0.002564090369082228,0.8131967291419772
euler,1.537910591433868,0.002559045603513166,0.81314675896919
euler,1.5404696370373812,0.002554089237752688,0.8130976599553764
euler,1.5430237262751338,0.0025492194354908015,0.8130494069064307
euler,1.5455729457106246,0.002544434418816799,0.8130019758422546
euler,1.5481173801294414,0.002539732465447031,0.81295534369829
euler,1.5506571125948885,0.0025351119064693783,0.8129094878080092
euler,1.5531922245013579,0.002530571124937042,0.8128643866358864
euler,1.555722795626295,0.0025261085533592187,0.8128200193762647
euler,1.5582489041796541,0.0025217226718567964,0.8127763662336351
euler,1.560770626851511,0.0025174120059217042,0.8127334076936199
euler,1.5632880388574326,0.002513175125342215,0.8126911251458512
euler,1.5658012139827748,0.002509010642191445,0.8126495009424981
euler,1.5683102246249663,0.002504917208762558,0.812608516903467
euler,1.5708151418337288,0.0025008935178363334,0.8125681569422633
euler,1.5733160353515652,0.0024969382989259437,0.812528404904973
euler,1.5758129736504911,0.0024930503178848262,0.8124892444261295
euler,1.578306023968376,0.002489228376750141,0.8124506612049955
euler,1.580795252345126,0.0024854713101178927,0.8124126400980289
euler,1.583280723655244,0.002481777986003575,0.8123751671756204
euler,1.5857625016412475,0.0024781473035659918,0.812338228477519
euler,1.5882406489448135,0.0024745781927579813,0.8123018109635779
euler,1.5907152271375715,0.0024710696125440634,0.8122659017152551
euler,1.5931862967501156,0.0024676205503535442,0.8122304885571776
euler,1.5956539173004691,0.0024642300206043632,0.812195559158646
euler,1.5981181473210735,0.0024608970646082806,0.8121611018726103
euler,1.6005790443856818,0.0024576207492157387,0.8121271058111982
euler,1.6030366651348975,0.0024544001653643566,0.8120935593128122
euler,1.6054910653002619,0.0024512344289588928,0.8120604524961939
euler,1.6079422997292208,0.002448122677902731,0.8120277747639645
euler,1.6103904224071235,0.00244506407291456,0.8119955161745213
euler,1.612835486480038,0.0024420577962849244,0.811963666883403
euler,1.615277544276323,0.002439103051484759,0.8119322175468116
euler,1.6177166473278077,0.0024361990621779572,0.8119011594031452
euler,1.6201528463899857,0.002433345071124249,0.8118704834049137
euler,1.62258619146111,0.0024305403403939163,0.8118401806256329
euler,1.6250167318015039,0.0024277841509783293,0.811810243081532
euler,1.6274445159524822,0.002425075801179677,0.8117806626574301
euler,1.6298695917536619,0.0024224146066200714,0.8117514313017922
euler,1.632292006360282,0.002419799899962216,0.8117225416366123
euler,1.6347118062602441,0.002417231029730127,0.8116939856868643
euler,1.6371290372899743,0.0024147073610296665,0.8116657567415536
euler,1.639543744651004,0.002412228273504402,0.811637847876217
euler,1.6419559729245083,0.002409793161499918,0.8116102515288124
euler,1.6443657660860083,0.00240740143486029,0.8115829621750063
euler,1.6467731675208686,0.0024050525157592872,0.8115559717663148
euler,1.6491782200366278,0.002402745842306153,0.8115292752895443
euler,1.651580965878934,0.0024004808639128683,0.8115028664198344
euler,1.6539814467428469,0.0023982570431118067,0.811476738546013
euler,1.6563797037859587,0.002396073855853942,0.8114508865986659
euler,1.6587757776418126,0.0023939307891118755,0.8114253043768285
euler,1.6611697084309245,0.0023918273424372583,0.8113999865812004
euler,1.6635615357733617,0.002389763026520164,0.8113749277811434
euler,1.665951298799882,0.0023877373632763543,0.8113501228111074
euler,1.6683390361631583,0.0023857498853561143,0.8113255667586374
euler,1.6707247860485144,0.0023838001356735194,0.8113012539455489
euler,1.673108586184188,0.002381887668437166,0.8112771807412338
euler,1.675490473852625,0.002380012046050428,0.8112533407188567
euler,1.6778704858986755,0.002378172843129134,0.8112297308812427
euler,1.6802486587418046,0.0023763696413838797,0.8112063458246795
euler,1.6826250283831885,0.002374602033068385,0.8111831815435877
euler,1.6849996304162569,0.002372869618851192,0.8111602334191405
euler,1.687372500035108,0.0023711720086367905,0.8111374974093929
euler,1.6897436720437449,0.0023695088206485693,0.8111149694419061
euler,1.6921131808643934,0.002367879681402174,0.8110926458027412
euler,1.6944810605457956,0.0023662842251146454,0.8110705221394737
euler,1.6968473447709103,0.0023647220945686165,0.8110485950365671
euler,1.6992120668654789,0.002363192939683234,0.8110268604272428
euler,1.701575259805162,0.0023616964184010047,0.8110053149669325
euler,1.7039369562235631,0.0023602321955755734,0.810983955041283
euler,1.7062971884191387,0.0023587999433078988,0.8109627771538009
euler,1.7086559883624466,0.002357399340719102,0.8109417777239287
euler,1.7110133877031657,0.0023560300740181894,0.8109209538608715
euler,1.7133694177771839,0.0023546918354477864,0.8109003021861133
euler,1.7157241096126317,0.002353384323943386,0.8108798198024142
euler,1.718077493936575,0.002352107244385504,0.8108595023487875
euler,1.7204296011809606,0.0023508603096766834,0.8108393486447764
euler,1.7227804614906372,0.0023496432360818886,0.8108193544869052
euler,1.7251301047267191,0.002348455747569478,0.8107995174828128
euler,1.7274785604742886,0.0023472975731431145,0.8107798349170297
euler,1.7298258580474317,0.0023461684472687594,0.8107603029827999
euler,1.7321720264947005,0.00234506811141455,0.8107409204229065
euler,1.734517094606115,0.0023439963103228934,0.8107216839188031
euler,1.736861090916438,0.002342952794955888,0.8107025909648577
euler,1.7392040437113938,0.002341937321284071,0.8106836383344814
euler,1.7415459810326779,0.002340949651292057,0.8106648247414668
euler,1.74388693068397,0.0023399895501414747,0.810646147217092
euler,1.7462269202341114,0.00233905678857127,0.8106276030138435
euler,1.7485659770226827,0.002338151142542877,0.8106091901661234
euler,1.7509041281652256,0.002337272392083589,0.8105909063485708
euler,1.7532414005573091,0.0023364203217748347,0.8105727494404987
euler,1.755577820879084,0.0023355947204293237,0.8105547173329078
euler,1.7579134155995133,0.0023347953810461952,0.8105368069874702
euler,1.7602482109805595,0.0023340221021219687,0.8105190176233386
euler,1.7625822330826815,0.00233327468437472,0.8105013462101296
euler,1.7649155077670562,0.002332552933956178,0.8104837908417475
euler,1.7672480607010124,0.00233185666081015,0.810466350164905
euler,1.7695799173618225,0.0023311856778525097,0.8104490213271994
euler,1.771911103039675,0.0023305398031057134,0.8104318031411052
euler,1.7742416428427807,0.002329918857281177,0.8104146936592348
euler,1.776571561700062,0.0023293226648510856,0.8103976901782021
euler,1.778900884364913,0.0023287510551139867,0.810380792195197
euler,1.781229635420027,0.002328203859011113,0.8103639971492786
euler,1.783557839279038,0.0023276809120658104,0.810347303563116
euler,1.785885520191104,0.0023271820528061316,0.8103307095623249
euler,1.78821270224391,0.0023267071233181724,0.8103142130596319
euler,1.7905394093672282,0.002326255969532287,0.8102978135840878
euler,1.7928656653367605,0.0023258284388858463,0.8102815086120119
euler,1.7951914937756464,0.0023254243832544486,0.8102652968644113
euler,1.7975169181589008,0.002325043657147585,0.810249176473672
euler,1.7998419618160484,0.0023246861185377554,0.8102331464403314
euler,1.8021666479345861,0.002324351627600807,0.8102172051723359
euler,1.804490999562187,0.0023240400475494916,0.810201350306672
euler,1.8068150396097364,0.002323751245727035,0.8101855817878769
euler,1.8091387908554635,0.002323485090281352,0.8101698969725728
euler,1.8114622759457448,0.002323241453865199,0.8101542956956884
euler,1.81378551739961,0.0023230202100679165,0.8101387752096816
euler,1.816108537609678,0.00232282123710581,0.8101233354137056
euler,1.8184313588467838,0.002322644414015862,0.8101079741669063
euler,1.8207540032607996,0.002322489623567847,0.8100926903473816
euler,1.8230764928843675,0.002322356750792398,0.8100774829482585
euler,1.8253988496351599,0.0023222456828051463,0.81006235036118
euler,1.827721095317965,0.002322156309658041,0.810047291805148
euler,1.830043251627623,0.0023220885231425292,0.8100323057170157
euler,1.8323653401507656,0.00232204221790111,0.8100173904665646
euler,1.8346873823686667,0.0023220172915139337,0.8100025457742793
euler,1.8370093996601806,0.0023220136425523563,0.80998777022026
euler,1.839331413302733,0.0023220311722047526,0.8099730623125376
euler,1.8416534444749377,0.00232206978437155,0.8099584211921219
euler,1.8439755142593093,0.002322129384748406,0.8099438455691291
euler,1.8462976436440577,0.002322209881436388,0.8099293349566493
euler,1.848619853525494,0.002322311183782011,0.8099148873790586
euler,1.850942164709276,0.002322433204503982,0.8099005023643575
euler,1.85326459791378,0.0023225758575309285,0.8098861788293864
euler,1.855587173771311,0.0023227390588684838,0.8098719157828976
euler,1.8579099128301795,0.002322922726462062,0.8098577116249834
euler,1.8602328355566415,0.002323126781062612,0.8098435665914683
euler,1.8625559623377042,0.002323351143586283,0.809829478560682
euler,1.8648793134812904,0.0023235957384906136,0.8098154468942081
euler,1.867202909219781,0.0023238604916406835,0.8098014712095486
euler,1.8695267697114217,0.00232414532993519,0.8097875498174482
euler,1.871850915041357,0.0023244501831765074,0.8097736823261716
euler,1.8741753652245334,0.0023247749822028485,0.8097598673844327
euler,1.8765001402067363,0.0023251196602600555,0.8097461042401943
euler,1.8788252598669963,0.0023254841521371805,0.8097323925629513
euler,1.8811507440191335,0.002325868393554975,0.809718730891512
euler,1.8834766124126885,0.002326272322785705,0.8097051183588659
euler,1.8858028847354742,0.002326695879794727,0.809691554343704
euler,1.888129580615269,0.0023271390058841046,0.809678038296504
euler,1.890456719621153,0.002327601643583588,0.8096645688830169
euler,1.8927843212647366,0.0023280837377761543,0.8096511455258382
euler,1.8951124050025128,0.002328585234604219,0.8096377672042923
euler,1.897440990237117,0.00232910608210557,0.8096244334783989
euler,1.8997700963192226,0.00232964622937315,0.809611143803803
euler,1.9020997425485957,0.002330205626701387,0.8095978966827232
euler,1.904429948175297,0.0023307842269562062,0.8095846918738628
euler,1.9067607324022533,0.0023313819837620375,0.8095715285202896
euler,1.9090921143860153,0.002331998852386441,0.8095584056601859
euler,1.9114241132384018,0.0023326347898879884,0.8095453234086045
euler,1.9137567480282898,0.002333289753561507,0.8095322799145344
euler,1.9160900377818513,0.0023339637037687044,0.8095192750775375
euler,1.91842400148562,0.0023346566014139647,0.8095063083492254
euler,1.920758658087034,0.002335368408585614,0.8094933785678243
euler,1.9230940264956196,0.0023360990894403244,0.8094804854704827
euler,1.9254301255850599,0.0023368486089032636,0.8094676283470114
euler,1.9277669741939631,0.0023376169333115815,0.8094548067111019
euler,1.9301045911272747,0.002338404030089336,0.8094420189622975
euler,1.932442995157364,0.0023392098693550967,0.8094292653939471
euler,1.9347822050267192,0.0023400344211854662,0.8094165453491842
euler,1.9371222394479046,0.0023408776569848744,0.8094038578919495
euler,1.9394631171048895,0.0023417395498890325,0.809391202638415
euler,1.9418048566547785,0.002342620073963575,0.8093785780942048
euler,1.944147476728742,0.0023435192058123278,0.8093659854701907
euler,1.9464909959345544,0.0023444369206586657,0.8093534222139297
euler,1.948835432855213,0.0023453731977933767,0.8093408889708796
euler,1.9511808060530065,0.0023463280159432554,0.8093283849441417
euler,1.9535271340689497,0.0023473013553589883,0.809315909221335
euler,1.9558744354243087,0.00234829319798191,0.8093034612681447
euler,1.9582227286222906,0.00234930352689644,0.8092910410895888
euler,1.960572032149187,0.002350332325546045,0.8092786470930075
euler,1.9629223644747331,0.0023513795800520487,0.8092662800305139
euler,1.9652737440547852,0.002352445275808801,0.8092539380738899
euler,1.967626189330594,0.0023535294012306807,0.8092416218971825
euler,1.9699797187318246,0.002354631944117669,0.8092293297633835
euler,1.9723343506759423,0.002355752895158103,0.8092170621036734
euler,1.9746901035711004,0.002356892244777864,0.8092048180842547
euler,1.9770469958158783,0.002358049984978239,0.8091925967520953
euler,1.9794050458008565,0.0023592261095122247,0.8091803981717511
euler,1.9817642719103687,0.0023604206124021587,0.8091682216345703
euler,1.984124692522771,0.0023616334890657065,0.8091560667969623
euler,1.9864863260118366,0.002362864735784953,0.8091439330305674
euler,1.9888491907476216,0.0023641143501216266,0.8091318194235154
euler,1.9912133050977432,0.002365382331332766,0.8091197259111381
euler,1.993578687429076,0.002366668679134154,0.809107652625762
euler,1.9959453561082101,0.00236797339341166,0.809095597963743
euler,1.9983133295016218,0.0016866704983782288,0.41009633296026143
rk4,0.0,0.022315761011517814,0.3578686624066656
rk4,0.022315761011517814,0.02466661055941931,0.020736202020420997
rk4,0.046982371570937126,0.04819546153170376,0.7544884501692224
rk4,0.09517783310264089,0.045890008041264085,0.11311062086875083
rk4,0.14106784114390497,0.0638645661128811,0.25914525802619043
rk4,0.20493240725678608,0.07529979990784774,0.2995885600162648
rk4,0.2802322071646338,0.08624447572802701,0.2842199549490902
rk4,0.36647668289266083,0.0998258191661231,0.28868698516267477
rk4,0.46630250205878393,0.11518606738540876,0.31755454370105174
rk4,0.5814885694441927,0.13040036118321852,0.6746182408307763
rk4,0.7118889306274112,0.12697250501684365,0.34547824595016907
rk4,0.8388614356442549,0.14134096627610204,0.23177046019619713
rk4,0.9802024019203569,0.17041151947747812,0.27289217762212264
rk4,1.150613921397835,0.1988580795353856,0.3082330879733139
rk4,1.3494720009332206,0.2264695926431648,0.4049561770079288
rk4,1.5759415935763854,0.2442141381949241,0.6714436530726156
rk4,1.8201557317713095,0.17984426822869048,0.195477631906477
