t,s1,s2,s3,exact_s1,exact_s2,exact_s3
0.0,3.0,1.4,1.0585751666320046e-17,3.0,1.4,1.0585751666320046e-17
0.005,2.8872843196373044,1.3933610131021363,1.8075959387799187e-16,2.887284299586378,1.393361013095686,4.9311816821264575e-18
0.01,2.7873403112602455,1.386880262465342,1.0753183282233958e-16,2.787340279307229,1.3868802624529588,5.994649390861458e-17
0.015,2.697959880977737,1.3805522662774943,6.061258101253626e-17,2.6979598421719757,1.3805522662596539,1.8421704050339914e-16
0.02,2.617433918973173,1.3743718004602488,1.790486302696314e-16,2.6174338764849083,1.37437180043739,3.7958254670159486e-17
0.025,2.5444161826053655,1.3683338833503582,1.4310287167649213e-16,2.544416138442416,1.3683338833228857,7.749269747877174e-18
0.03,2.477829961407341,1.3624337614773445,1.3253903019457262e-16,2.4778299168453524,1.3624337614456308,3.387958471369334e-17
0.035,2.4168024922439875,1.356666896346073,3.543639327559097e-17,2.416802448090225,1.3566668963104622,1.7622860793975087e-16
0.04,2.360617874524253,1.3510289521414764,3.855996468787118e-17,2.3606178312825055,1.3510289521022867,1.458812280677074e-16
0.045,2.3086826195615253,1.3455157842804193,4.958546024269577e-17,2.308682577537018,1.3455157842379444,3.329918002017932e-17
0.05,2.2605000143955394,1.3401234287426496,4.2115189637680135e-17,2.260499973762711,1.3401234286971608,1.9767455167591432e-16
0.055,2.2156507535924668,1.3348480921190164,2.031337727835136e-16,2.2156507144393642,1.334848092070765,5.0808909129510276e-17
0.06,2.1737781052315914,1.3296861423207116,2.1076149544638052e-16,2.173778067589276,1.3296861422699306,1.9256036887371427e-16
0.065,2.134576408032805,1.3246340998983224,6.812560905306467e-17,2.134576371895023,1.3246340998452275,7.408493659288155e-17
0.07,2.0977820504158164,1.319688629924004,2.5245008452144305e-17,2.097782015752251,1.3196886298687953,6.61031882640301e-17
0.075,2.063166322627613,1.3148465343941524,5.745243422047579e-17,2.0631662893928615,1.3148465343370148,7.454753489062615e-18
0.08,2.0305296991338397,1.3101047451136383,1.5099697212880608e-16,2.030529667273509,1.3101047450547443,1.82000823508535e-16
0.085,1.9996972250034688,1.3054603170259762,2.1636540348524703e-16,1.9996971944583128,1.3054603169654848,1.6686152394748935e-17
0.09,1.9705147629726376,1.300910421956819,2.7845950800858714e-16,1.9705147336813584,1.30091042189488,7.429050880988479e-17
0.095,1.9428459177109134,1.296452342740877,1.8519111861548891e-16,1.9428458896120364,1.2964523426776267,8.819310892464055e-17
0.1,1.9165694975037149,1.2920834677048274,1.1806133478256935e-16,1.9165694705368268,1.2920834676403947,2.0301721193990782e-16
0.105,1.891577405827933,1.2878012854810321,2.467416659148321e-16,1.8915773799344786,1.2878012854155354,8.416966932765753e-17
0.11,1.867772879374457,1.28360338012889,2.5739489191895033e-16,1.8677728544982293,1.28360338006244,1.58170472372504e-16
0.115,1.8450690072156075,1.2794874265425282,3.903979881390072e-17,1.8450689833030234,1.2794874264752285,3.083831928033295e-18
0.12,1.8233874796149525,1.2754511861251976,3.051435333901127e-17,1.8233874566151846,1.275451186057144,3.309920505630325e-17
0.125,1.8026575255625263,1.27149250271228,1.391918065205041e-17,1.802657503427535,1.271492502643561,1.860378804678074e-17
0.13,1.7828150063042962,1.2676092987262257,1.532204890492885e-16,1.782814984988792,1.267609298656925,6.616101268099603e-17
0.135,1.7638016385130002,1.263799571548,3.457536059826622e-17,1.7638016179743656,1.2637995714781942,5.502334331297365e-17
0.14,1.745564325752981,1.2600613900907984,2.0265987514750394e-16,1.7455643059511627,1.26006139002056,1.4291306535143453e-16
0.145,1.728054580846384,1.2563928915628577,1.2743048326453125e-16,1.72805456174377,1.2563928914922535,4.13441710487356e-17
0.15,1.7112280248926492,1.2527922784071683,1.2751718867991219e-16,1.7112280064539345,1.252792278336261,1.4193450523401948e-16
0.155,1.695043951208715,1.2492578154067875,1.0754251248953069e-16,1.69504393340077,1.2492578153356348,9.344134590537363e-18
0.16,1.679464944481183,1.245787826945287,2.6448353225974365e-16,1.6794649272729187,1.2457878268739433,4.429419645500151e-18
0.165,1.6644565470588282,1.24238069441261,2.905359676054223e-17,1.6644565304210646,1.2423806943411255,1.6720937752169915e-16
0.17,1.6499869656450405,1.2390348537473246,1.0253624124654307e-16,1.649986949550383,1.2390348536757467,1.0126123130889253e-16
0.17500000000000002,1.6360268127375772,1.2357487931068827,2.1567627100526073e-16,1.6360267971602973,1.2357487930352544,5.789115938074308e-17
0.18,1.622548878056046,1.2325210506580928,1.8873359598441366e-16,1.622548862971968,1.2325210505864548,1.5553910785742752e-16
0.185,1.6095279259340314,1.2293502124805593,1.764429512235705e-17,1.6095279113204286,1.2293502124089504,1.6612406404544893e-16
0.19,1.5969405152627363,1.2262349105763277,8.594352851919332e-17,1.5969405010982292,1.2262349105047825,1.6949120657816606e-16
0.195,1.5847648390802576,1.2231738209794496,1.8468006447516247e-17,1.5847648253447226,1.2231738209080005,2.545667702630849e-16
0.2,1.5729805813241096,1.2201656619595984,6.775984977868537e-17,1.572980567998596,1.2201656618882764,2.6305915753526483e-17
0.20500000000000002,1.5615687886195075,1.2172091923142692,2.2861697282000405e-16,1.561568775686153,1.2172091922431023,5.467032619806582e-17
0.21,1.550511755274389,1.2143032097444437,1.1268383429083499e-17,1.5505117427163486,1.214303209673459,3.2888521998294563e-17
0.215,1.539792919904072,1.211446549308963,5.000412921199694e-17,1.5397929077054489,1.2114465492381847,1.359081714128304e-16
0.22,1.5293967723217383,1.208638081953132,3.925227151424272e-17,1.5293967604675198,1.2086380818825826,2.0371573358663037e-16
0.225,1.5193087695121306,1.2058767131073969,1.1779149009001964e-16,1.5193087579881284,1.205876713037097,1.645901313434397e-16
0.23,1.5095152596602417,1.203161381352184,6.428949696693239e-17,1.5095152484530394,1.2031613812821538,1.331196053439468e-16
0.23500000000000001,1.5000034133387268,1.2004910571452534,1.5467243337597325e-16,1.5000034024356277,1.2004910570755103,3.38768907834626e-17
0.24,1.4907611610708433,1.1978647416081314,1.4950734148523447e-16,1.490761150459824,1.1978647415386927,7.835712418993014e-17
0.245,1.4817771365829189,1.1952814653684238,2.972653475432721e-17,1.481777126252586,1.1952814652993047,1.0370248394037693e-16
0.25,1.473040625144087,1.192740287454994,3.51547820517318e-17,1.4730406150836368,1.1927402873862092,3.001758663077463e-17
0.255,1.4645415164633773,1.1902402942431776,1.0248860157257297e-16,1.4645415066625584,1.1902402941747399,3.391866076293507e-17
0.26,1.4562702616769052,1.1877805984473908,2.613399902671556e-16,1.456270252125984,1.187780598379312,3.712896467855136e-17
0.265,1.4482178340122964,1.1853603381586284,1.9326234335252176e-16,1.4482178247020259,1.1853603380909203,1.174697732042702e-16
0.27,1.44037569276481,1.1829786759245235,1.718285263372168e-16,1.4403756836863986,1.1829786758571965,5.362173607785354e-18
0.275,1.4327357502608982,1.1806347978697536,3.6848367842674024e-17,1.4327357414059823,1.1806347978028167,9.481831905578262e-17
0.28,1.4252903415210145,1.178327912854728,3.1596603922350355e-18,1.4252903328816342,1.1783279127881896,7.845277397495775e-18
0.28500000000000003,1.4180321963650728,1.1760572516706072,3.3478303253870395e-17,1.4180321879336453,1.1760572516044756,1.7993759655961167e-17
0.29,1.4109544137316803,1.173822066268815,6.09175175846391e-17,1.4109544055009804,1.1738220662030967,3.249600883741682e-17
0.295,1.404050438006661,1.171621629023312,6.277950180326357e-18,1.4040504299697993,1.171621628958014,9.963356199507642e-17
0.3,1.3973140371778465,1.1694552320240026,7.308476882112771e-18,1.3973140293282496,1.1694552319591305,1.7359439482818525e-17
0.305,1.3907392826520817,1.1673221863997352,1.888095217790268e-17,1.3907392749834744,1.1673221863352945,1.889466793005192e-17
0.31,1.3843205305871515,1.1652218216694452,1.0687616213486944e-16,1.3843205230935405,1.16522182160544,1.913470739884464e-17
0.315,1.3780524046061848,1.1631534851200687,5.767856420911082e-17,1.3780523972818421,1.1631534850565037,1.8949171896679518e-16
0.32,1.3719297797752659,1.1611165412099367,6.236740595820257e-17,1.3719297726147153,1.1611165411468156,1.7407067953187644e-16
0.325,1.365947767736696,1.159110370996426,9.242969059851621e-17,1.3659477607346984,1.1591103709337516,6.958061098635498e-18
0.33,1.3601017029007696,1.1571343715867104,2.481467841952864e-17,1.3601016960523105,1.157134371524486,4.9020708188827434e-17
0.335,1.3543871296082257,1.1551879556105222,5.194206843999196e-17,1.3543871229085036,1.1551879555487499,1.7633460441827312e-16
0.34,1.3487997901838342,1.1532705507138912,1.1336477688295555e-16,1.3487997836282486,1.153270550652573,1.5525933487047277e-17
0.34500000000000003,1.3433356138089982,1.1513815990728806,1.7830696852692676e-16,1.34333560739314,1.1513815990120184,1.7164010381320006e-16
0.35000000000000003,1.337990706147904,1.1495205569263984,1.0819107152855807e-16,1.3379906998675435,1.1495205568659927,1.7825785002059354e-17
0.355,1.332761339667702,1.147686894127204,1.6348894905575308e-17,1.3327613335187833,1.147686894067257,8.929205931680799e-18
0.36,1.3276439445985766,1.1458800937102835,1.7939323348584524e-16,1.3276439385772059,1.1458800936507951,6.512122647353092e-17
0.365,1.3226351004843484,1.144099651477802,8.309218618432189e-17,1.3226350945867855,1.1440996514187731,1.990231982324838e-17
0.37,1.317731528278616,1.1423450755998938,7.849763798852916e-17,1.317731522501269,1.1423450755413245,2.3034166862346884e-16
0.375,1.3129300829453365,1.1406158862305733,4.630613048480765e-17,1.3129300772847532,1.1406158861724638,2.7297638856517323e-18
0.38,1.3082277465262762,1.1389116151381038,9.273547682735177e-17,1.308227740979137,1.1389116150804541,9.187280726668495e-17
0.385,1.3036216216409544,1.1372318053491814,6.20499229360287e-17,1.3036216162040666,1.1372318052919907,1.1229387889793818e-16
0.39,1.2991089253875918,1.1355760108063329,1.6707360786116158e-17,1.2991089200578834,1.1355760107495996,8.13261649693309e-17
0.395,1.2946869836161816,1.133943796037945,1.92202749906246e-16,1.2946869783906947,1.1339437959816694,4.260827716497846e-17
0.4,1.2903532255471766,1.132334735840392,2.953954016503161e-17,1.290353220423063,1.1323347357845728,3.29220063290375e-17
0.405,1.286105178711447,1.1307484149717268,2.903693042476018e-17,1.286105173685963,1.1307484149163634,1.9249045953638446e-17
0.41000000000000003,1.281940464189105,1.129184427856457,2.0570597141693796e-16,1.281940459259606,1.1291844278015466,9.82306837521235e-17
0.41500000000000004,1.2778567921265869,1.1276423783009193,1.4647399567483115e-16,1.277856787290524,1.1276423782464615,5.599880397209927e-18
0.42,1.273851957512998,1.1261218792188274,1.3350838536496045e-16,1.2738519527679126,1.1261218791648204,2.210773483416247e-16
0.425,1.2699238361982084,1.1246225523665443,1.7871322284773878e-17,1.2699238315417287,1.1246225523129865,3.7914800649910515e-17
0.43,1.2660703811365353,1.1231440280876932,2.667250308663816e-17,1.2660703765663723,1.1231440280345835,2.9350183331434153e-17
0.435,1.262289618841081,1.1216859450667112,1.4519690203560884e-16,1.2622896143550242,1.1216859450140462,1.9177363312532224e-16
0.44,1.2585796460349266,1.120247950090979,1.5277989476708062e-16,1.2585796416308423,1.120247950038757,3.760609605203652e-17
0.445,1.254938626486409,1.118829697821183,1.3022167042948745e-16,1.2549386221622354,1.118829697769402,1.0629872644982613e-16
0.45,1.2513647880166578,1.117430850569569,4.033418486956991e-17,1.251364783770402,1.1174308505182278,3.1041014898408857e-17
0.455,1.2478564196684332,1.116051078085772,1.5227853536394512e-16,1.2478564154981695,1.1160510780348671,1.255799177204768e-16
0.46,1.2444118690261061,1.1146900573499194,7.166319947822014e-17,1.244411864929972,1.1146900572994494,7.446454423327612e-17
0.465,1.2410295396773463,1.1133474723727166,7.684921542229531e-17,1.2410295356535403,1.1133474723226784,7.084125276329975e-17
0.47000000000000003,1.2377078888077624,1.1120230140022394,4.7935939326423825e-17,1.2377078848545422,1.1120230139526306,2.1149108021955144e-16
0.47500000000000003,1.2344454249203516,1.1107163797371684,1.0798175815633916e-16,1.2344454210360298,1.1107163796879864,9.177958391260521e-17
0.48,1.2312407056721888,1.1094272735462152,1.170573233197338e-16,1.2312407018551321,1.1094272734974577,1.0960301653715414e-16
0.485,1.228092335821307,1.1081554056934981,6.0352176324963034e-18,1.2280923320699346,1.1081554056451624,3.1178545923431065e-17
0.49,1.2249989652772095,1.1069004925696373,1.8420297538176014e-16,1.224998961589989,1.1069004925217203,4.473520724935769e-17
0.495,1.2219592872488911,1.105662256528351,6.714271438364378e-18,1.2219592836243385,1.1056622564808505,5.779261057982692e-18
0.5,1.218972036484672,1.1044404257283407,7.695192245609907e-17,1.2189720329213487,1.104440425681254,6.879700762142098e-17
0.505,1.216035987598515,1.1032347339802673,1.1519934685362939e-17,1.2160359840950263,1.103234733933591,4.702843694209106e-17
0.51,1.213149953477861,1.102044920598623,1.6050674744816554e-16,1.2131499500328549,1.102044920552355,1.971680871101133e-16
0.515,1.210312783768334,1.1008707302583158,1.4688408176991832e-16,1.2103127803804987,1.1008707302124525,6.009531094709095e-17
0.52,1.2075233634309792,1.099711912855792,6.474732749074795e-17,1.2075233600990423,1.0997119128103314,6.652582649771747e-17
0.525,1.2047806113679675,1.0985682233745282,8.602254796768999e-17,1.2047806080906942,1.098568223329467,4.721993007604914e-17
0.53,1.202083479112971,1.0974394217547288,2.605023883619107e-16,1.2020834758891625,1.0974394217100634,1.1004493592885908e-16
0.535,1.1994309495826432,1.096325272767077,2.703405242577667e-16,1.1994309464111355,1.096325272722805,8.581084836241617e-17
0.54,1.196822035885872,1.0952255458903923,1.0755734277268274e-16,1.1968220327655354,1.0952255458465114,3.844690024984715e-17
0.545,1.1942557801876774,1.0941400151930512,1.6013154615671857e-16,1.1942557771174138,1.0941400151495577,4.6676550159706117e-17
0.55,1.191731252624815,1.0930684592180306,2.240651407586186e-17,1.1917312496035581,1.0930684591749225,2.776845738702765e-17
0.555,1.189247550270338,1.0920106608714568,4.6221496780358377e-17,1.1892475472970512,1.09201066082873,1.3188384614022917e-16
0.56,1.1868037961445255,1.090966407314518,8.784960142740982e-17,1.1868037932182016,1.0909664072721696,4.682050540608329e-17
0.5650000000000001,1.1843991382697496,1.0899354898586333,4.053936418450213e-17,1.1843991353894088,1.0899354898166613,2.4231900310196053e-17
0.5700000000000001,1.1820327487669962,1.0889177038637636,1.0752220152555648e-16,1.1820327459316866,1.0889177038221645,9.359185789458934e-17
0.5750000000000001,1.1797038229918908,1.0879128486397398,1.164795001106378e-16,1.179703820200685,1.0879128485985103,8.433103396296899e-17
0.58,1.1774115787082051,1.0869207273505201,9.609508800194876e-17,1.1774115759602024,1.0869207273096575,1.2091567352494758e-17
0.585,1.175155255296946,1.0859411469212656,1.0927389694828094e-16,1.1751552525912694,1.0859411468807674,1.1107980834153104e-16
0.59,1.1729341129992283,1.0849739179481368,2.2056387673420262e-17,1.1729341103350248,1.0849739179079991,1.0483613671938057e-16
0.595,1.1707474321912446,1.0840188546107195,7.472575130978863e-17,1.1707474295676832,1.0840188545709404,1.3372723361914257e-17
0.6,1.168594512689738,1.0830757745869892,2.343999268163073e-16,1.1685945101060096,1.0830757745475657,3.592030749382199e-17
0.605,1.1664746730864741,1.08214449897073,1.2503605743035266e-16,1.1664746705417912,1.082144498931658,4.373897527669198e-17
0.61,1.1643872501102994,1.0812248521913173,1.0354993811467089e-16,1.1643872476038948,1.0812248521525947,3.304339141985954e-17
0.615,1.1623315980154394,1.0803166619357958,1.7752357454403137e-17,1.1623315955465658,1.0803166618974196,2.856390214418558e-17
0.62,1.1603070879947788,1.0794197590731665,1.6823773463500899e-16,1.160307085562708,1.079419759035134,1.835580226478751e-16
0.625,1.1583131076169257,1.0785339775808147,1.7671939621098661e-16,1.1583131052209479,1.078533977543122,4.205820687515938e-17
0.63,1.1563490602859314,1.0776591544730019,2.7757006089276994e-16,1.156349057925355,1.0776591544356473,1.2925497905703176e-17
0.635,1.154414364722599,1.0767951297313632,2.078645281746035e-16,1.1544143623967495,1.0767951296943432,8.653798463963553e-18
0.64,1.152508454466368,1.075941746237331,1.440317935228574e-16,1.1525084521745879,1.075941746200643,5.3176200400405836e-17
0.645,1.1506307773968205,1.0750988497064373,1.7430874666604694e-16,1.1506307751384683,1.0750988496700782,1.6489160930839966e-16
0.65,1.1487807952739042,1.0742662886244194,1.9069880069441541e-16,1.148780793048355,1.0742662885883867,1.9672456562437322e-17
0.655,1.1469579832960115,1.07344391418508,1.961993804327629e-16,1.146957981102655,1.0734439141493706,8.331067755204457e-17
0.66,1.145161829675106,1.072631580229839,3.304199259557556e-16,1.145161827513347,1.0726315801944502,2.411340609974108e-16
0.665,1.1433918352281243,1.0718291431889313,2.3855494480541976e-16,1.1433918330973813,1.0718291431538605,9.477950739562367e-17
0.67,1.1416475129839194,1.0710364620241848,7.055681925014875e-17,1.1416475108836257,1.071036461989429,1.9872162722434878e-16
0.675,1.1399283878050614,1.0702533981733429,1.3335283267202253e-16,1.1399283857346632,1.0702533981388995,2.0492177842005164e-16
0.68,1.1382339960238275,1.069479815495872,2.203638999982327e-16,1.1382339939827848,1.0694798154617382,2.712432047597394e-17
0.685,1.1365638850917654,1.0687155802202137,1.3622667219319454e-16,1.13656388307955,1.0687155801863866,6.166062845486969e-17
0.6900000000000001,1.1349176132422307,1.0679605608924305,8.129787154198318e-17,1.1349176112583272,1.0679605608589073,1.3130334480591975e-16
0.6950000000000001,1.133294749165342,1.0672146283262087,1.3425708484628754e-16,1.1332947472092472,1.067214628292987,1.6132211521355593e-16
0.7000000000000001,1.1316948716948116,1.0664776555541717,5.2397348338071276e-17,1.1316948697660334,1.066477655521249,6.189656797656049e-17
0.705,1.130117569506148,1.0657495177804637,9.490109006181431e-17,1.1301175676042061,1.0657495177478367,7.819516037749908e-17
0.71,1.128562440825744,1.0650300923345648,1.574334985720281e-16,1.1285624389501685,1.0650300923022318,9.468030586802205e-17
0.715,1.12702909315039,1.0643192586263033,2.5545596389891165e-16,1.127029091300722,1.0643192585942611,2.2075171892607514e-17
0.72,1.1255171429767763,1.063616898102024,1.2678052827610028e-16,1.125517141152567,1.0636168980702696,3.3829478203700783e-17
0.725,1.1240262155405658,1.0629228942018771,1.1564037241649993e-16,1.124026213741377,1.062922894170409,4.6269364132011744e-17
0.73,1.1225559445646405,1.0622371323182027,2.059457974610413e-16,1.122555942790043,1.0622371322870174,1.7314787907920026e-16
0.735,1.1211059720161434,1.0615594997549653,2.0315832100945123e-16,1.121105970265718,1.061559499724061,4.654709147291456e-17
0.74,1.1196759478719573,1.0608898856882167,2.948201276336198e-16,1.1196759461452939,1.0608898856575906,2.6778484966994182e-18
0.745,1.1182655298922737,1.0602281811275525,1.8404687258423656e-16,1.118265528188971,1.0602281810972018,1.1947237764717264e-16
0.75,1.1168743834019286,1.059574278878531,2.396211732812535e-16,1.1168743817215938,1.0595742788484537,1.4788946300546082e-16
0.755,1.1155021810791874,1.0589280735060345,3.4587252689577907e-16,1.1155021794214368,1.058928073476228,1.4103939064590418e-16
0.76,1.1141486027516887,1.0582894612985336,2.4847076175201174e-16,1.1141486011161466,1.0582894612689953,6.346476465312286e-17
0.765,1.1128133351992553,1.0576583402332367,2.714012148002453e-16,1.1128133335855535,1.0576583402039643,4.029042934696675e-17
0.77,1.111496071963305,1.0570346099420969,2.761660912309286e-16,1.1114960703710837,1.0570346099130878,1.7747657234275448e-16
0.775,1.110196513162602,1.056418171678649,1.0010450862911492e-16,1.1101965115915091,1.0564181716499006,2.1474403935427777e-19
0.78,1.1089143653151008,1.055808928285655,1.7285761960685862e-16,1.1089143637647914,1.0558089282571654,1.2843749059383443e-16
0.785,1.107649341165646,1.0552067841635375,1.2585464989674135e-16,1.107649339635782,1.055206784135304,8.843105412753627e-17
0.79,1.1064011595193035,1.0546116452395686,5.5392846213779073e-17,1.106401158009554,1.0546116452115895,5.502673499459015e-17
0.795,1.105169545080105,1.0540234189378082,5.68218727766185e-17,1.1051695435901463,1.0540234189100808,1.209156131616269e-16
0.8,1.1039542282950021,1.0534420141497542,8.734366889616779e-17,1.1039542268245168,1.0534420141222758,6.912573522477764e-17
0.805,1.1027549452028318,1.052867341205697,1.480975553649471e-17,1.1027549437515092,1.052867341178466,1.3195619172305664e-16
0.81,1.1015714372881016,1.0522993118467519,8.34783494892707e-17,1.1015714358556372,1.0522993118197659,5.609209789055206e-17
0.8150000000000001,1.100403451339419,1.0517378391975531,1.050234289873255e-16,1.1004034499255144,1.0517378391708097,1.1714142165052443e-16
0.8200000000000001,1.099250739312388,1.0511828377395884,4.416489339457143e-17,1.0992507379167509,1.0511828377130856,4.9934637265319885e-17
0.8250000000000001,1.0981130581968093,1.0506342232851602,1.5835762314761353e-17,1.0981130568191528,1.0506342232588954,2.455401750543413e-17
0.8300000000000001,1.0969901698880242,1.0500919129519524,8.147782944022744e-18,1.096990168528068,1.050091912925924,4.3112736711418e-17
0.835,1.0958818410622528,1.0495558251381911,2.198818945900965e-17,1.0958818397197214,1.0495558251123966,3.7890411035865665e-17
0.84,1.0947878430557778,1.0490258794983733,7.58759199362293e-18,1.0947878417304011,1.0490258794728105,1.3545810717458115e-16
0.845,1.093707951747838,1.0485019969195613,1.3596850765447843e-16,1.0937079504393519,1.0485019968942284,4.371264913174133e-17
0.85,1.0926419474470952,1.047984099498217,3.689497456974455e-16,1.0926419461552401,1.0479840994731118,5.943447288121349e-17
0.855,1.0915896147815467,1.0474721105175653,2.311717344961097e-16,1.091589613506068,1.0474721104926856,9.431317957071388e-17
0.86,1.0905507425917635,1.0469659544254724,1.6760039887062522e-16,1.0905507413324118,1.0469659544008163,1.795623113812723e-16
0.865,1.0895251238273318,1.0464655568128252,3.0550624651336564e-16,1.0895251225838622,1.046465556788391,1.9431485502372325e-16
0.87,1.088512555446389,1.0459708443923992,2.586125985364473e-16,1.0885125542185616,1.0459708443681839,1.3108656703246364e-16
0.875,1.087512838318143,1.0454817449781981,2.6295270344894057e-16,1.0875128371057223,1.0454817449542004,1.6289406535777623e-16
0.88,1.0865257771282713,1.0449981874652585,6.843477646756726e-17,1.086525775931026,1.0449981874414758,2.001983977211831e-17
0.885,1.085551180287102,1.0445201018099002,2.0826291306105843e-16,1.0855511791048058,1.0445201017863313,1.3653061460132316e-17
0.89,1.0845888598404774,1.0440474190104208,2.493629704238077e-16,1.0845888586729073,1.0440474189870637,7.146355291148412e-17
0.895,1.0836386313832096,1.0435800710882093,2.198174497638825e-16,1.0836386302301477,1.0435800710650618,7.972329536314113e-17
0.9,1.0827003139750415,1.0431179910692814,1.7516596132596914e-16,1.082700312836273,1.0431179910463413,1.2948950243816045e-16
0.905,1.0817737300590244,1.0426611129662138,8.20497928170494e-17,1.0817737289343397,1.0426611129434797,1.3860999154611888e-16
0.91,1.0808587053822332,1.0422093717604777,2.99953748924605e-16,1.0808587042714253,1.0422093717379477,1.5655308516636534e-17
0.915,1.0799550689187394,1.0417627033851533,6.963316306633871e-17,1.0799550678216057,1.041762703362825,5.362455036839911e-17
0.92,1.0790626527947669,1.0413210447080177,9.934072847644764e-17,1.0790626517111086,1.0413210446858894,1.1289139861286167e-16
0.925,1.078181292215958,1.0408843335149995,1.7661575989795448e-16,1.0781812911455795,1.0408843334930695,2.1276392185049974e-17
0.93,1.0773108253966786,1.040452508493988,2.412547881662218e-16,1.077310824339388,1.040452508472255,1.9842821794399835e-17
0.935,1.076451093491297,1.0400255092189874,3.14903436406457e-16,1.0764510924469057,1.0400255091974495,7.976845577755111e-17
0.9400000000000001,1.07560194052737,1.03960327613461,1.687177829266711e-17,1.075601939495693,1.0396032761132645,3.5074937023328914e-18
0.9450000000000001,1.0747632133406757,1.0391857505408963,1.6603174094445262e-16,1.0747632123215314,1.0391857505197422,4.4739927338130686e-17
0.9500000000000001,1.0739347615120318,1.0387728745784592,1.8963497889310795e-16,1.0739347605052412,1.0387728745574951,1.8389270030457027e-16
0.9550000000000001,1.0731164373058415,1.0383645912139376,3.543292129810195e-16,1.0731164363112293,1.038364591193161,6.119870583671167e-17
0.96,1.072308095610313,1.0379608442257569,1.955570556686705e-16,1.0723080946277068,1.0379608442051664,9.147793324015609e-17
0.965,1.0715095938792973,1.0375615781901848,1.688815839524327e-16,1.0715095929085277,1.0375615781697785,1.2163675290186197e-16
0.97,1.0707207920756945,1.0371667384676808,1.7478048708106347e-16,1.070720791116595,1.037166738447457,1.0644976270510857e-16
0.975,1.069941552616376,1.0367762711895245,1.9475935462730087e-16,1.0699415516687836,1.036776271169482,5.2339826200826107e-17
0.98,1.0691717403185799,1.0363901232447232,1.560837856340581e-16,1.0691717393823332,1.0363901232248602,4.932116292803977e-17
0.985,1.0684112223477262,1.0360082422671864,1.0565033607633066e-16,1.0684112214226675,1.0360082422475005,5.4212401350558136e-17
0.99,1.0676598681666154,1.0356305766231624,3.202465702692475e-16,1.0676598672525892,1.035630576603653,4.749858434833621e-17
0.995,1.0669175494859604,1.0352570753989372,1.4459090376917157e-16,1.0669175485828144,1.0352570753796022,3.7688508799785473e-17
1.0,1.0661841402162155,1.0348876883887732,1.8650294124404357e-16,1.0661841393237996,1.0348876883696112,5.157678272260961e-17
1.0050000000000001,1.0654595164206602,1.0345223660831027,1.1024296755157454e-16,1.0654595155388267,1.0345223660641119,7.583841474431182e-17
1.01,1.0647435562696983,1.0341610596569517,3.111128046657809e-16,1.064743555398302,1.0341610596381314,5.693046869924013e-17
1.0150000000000001,1.0640361399963392,1.033803720958602,2.1902537017244337e-16,1.0640361391352375,1.0338037209399498,1.694667893013275e-16
1.02,1.0633371498528208,1.0334503024984747,2.5942118382738495e-16,1.0633371490018737,1.0334503024799888,4.393426419576556e-17
1.025,1.0626464700683431,1.0331007574382411,1.9928202089857744e-16,1.0626464692274127,1.0331007574199207,6.80437672339808e-17
1.03,1.0619639868078767,1.0327550395801461,1.7644418380194627e-16,1.0619639859768273,1.0327550395619889,9.03153859827797e-17
1.035,1.061289588132015,1.0324131033565438,2.301335477528586e-16,1.061289587310713,1.0324131033385493,1.8401518385039622e-16
1.04,1.0606231639578394,1.0320749038196424,1.076216020370425e-16,1.0606231631461536,1.0320749038018082,8.514468380592608e-17
1.045,1.0599646060207664,1.031740396631444,8.402760890490399e-17,1.0599646052185678,1.031740396613769,1.2845150742310193e-16
1.05,1.0593138078373485,1.03140953805389,1.9876372150413814e-16,1.05931380704451,1.0314095380363728,4.174103324408591e-17
1.055,1.0586706646690005,1.0310822849391914,1.498664251792178e-16,1.0586706638853969,1.0310822849218306,6.510314248193517e-17
1.06,1.058035073486623,1.0307585947203504,1.1780003712267558e-16,1.058035072712132,1.0307585947031446,1.6033194319047323e-18
1.065,1.0574069329360996,1.0304384254018666,3.151415781082207e-17,1.0574069321706,1.0304384253848142,9.033616265001973e-17
1.07,1.05678614330464,1.030121735550618,8.433657741660707e-17,1.0567861425480123,1.030121735533718,5.181100720743257e-18
1.075,1.0561726064879438,1.029808484286924,2.1134405099866537e-16,1.0561726057400713,1.0298084842701747,1.4695543359160687e-16
1.08,1.0555662259581666,1.029498631275773,2.012600332067877e-16,1.0555662252189342,1.0294986312591732,5.949842154670765e-17
1.085,1.0549669067326584,1.0291921367182222,7.966323973632823e-17,1.0549669060019524,1.02919213670177,2.0651956624848046e-16
1.09,1.0543745553434567,1.0288889613429564,2.5282813440468705e-16,1.0543745546211656,1.028888961326651,3.040855615326818e-17
1.095,1.0537890798075125,1.0285890663980137,1.7126524645756206e-16,1.0537890790935263,1.0285890663818538,1.7382651738175122e-16
1.1,1.0532103895976266,1.028292413642659,6.525722698059243e-18,1.0532103888918374,1.028292413626643,4.3825387762093384e-17
1.105,1.0526383956140786,1.027998965339417,2.2725911250798937e-16,1.0526383949163798,1.0279989653235437,2.4900249213979693e-17
1.11,1.0520730101569264,1.0277086842462517,1.138869884693675e-16,1.052073009467213,1.02770868423052,1.2500805197062825e-16
1.115,1.0515141468989608,1.0274215336088919,2.308917251502156e-16,1.0515141462171298,1.0274215335933001,3.6057088239328854e-17
1.12,1.0509617208592932,1.0271374771533002,1.2348972194778744e-16,1.0509617201852428,1.027137477137847,7.626999440279116e-17
1.125,1.0504156483775626,1.026856479078282,1.4679065958388748e-16,1.0504156477111926,1.0268564790629668,5.301704267677131e-17
1.1300000000000001,1.0498758470887422,1.0265785040482305,1.6763896148897049e-16,1.0498758464299542,1.026578504033052,3.188591590834447e-17
1.135,1.0493422358985305,1.0263035171860069,8.179012672695028e-17,1.0493422352472277,1.026303517170963,1.4233188186321195e-17
1.1400000000000001,1.0488147349593098,1.0260314840659466,5.4775751396196104e-17,1.0488147343153962,1.0260314840510367,3.7788838060547944e-17
1.145,1.048293265646658,1.0257623707070003,8.018013279896917e-17,1.0482932650100398,1.0257623706922232,3.062849956398122e-17
1.1500000000000001,1.0477777505363972,1.0254961435659953,1.143389193109279e-16,1.0477777499069816,1.0254961435513494,6.895448183254808e-17
1.155,1.0472681133821673,1.0252327695310197,3.0603711027796493e-17,1.0472681127598633,1.0252327695165044,1.4886933924058977e-16
1.16,1.0467642790935057,1.0249722159149282,2.5828243995216686e-16,1.046764278478223,1.0249722159005423,4.044291607843731e-17
1.165,1.0462661737144245,1.0247144504489643,8.882562748899186e-17,1.046266173106075,1.024714450434706,6.297545673750378e-17
1.17,1.0457737244024705,1.0244594412764951,1.0031869084108463e-16,1.0457737238009661,1.024459441262364,1.3010124281777505e-16
1.175,1.0452868594082507,1.0242071569468634,3.4033420101829915e-17,1.045286858813506,1.0242071569328577,1.0730967834513469e-17
1.18,1.0448055080554206,1.0239575664093425,1.4971522198505287e-16,1.0448055074673508,1.0239575663954619,1.9939497300732825e-16
1.185,1.0443296007211127,1.0237106390072066,4.0918872399832865e-17,1.0443296001396343,1.0237106389934494,1.144211027280641e-16
1.19,1.0438590688168,1.023466344471899,7.23394014614355e-17,1.043859068241831,1.0234663444582637,2.1172948315918338e-17
1.195,1.0433938447695814,1.023224652917309,6.675710116242249e-17,1.0433938442010406,1.023224652903795,9.294202018107641e-18
1.2,1.0429338620038788,1.022985534834146,6.196312621181593e-17,1.0429338614416865,1.0229855348207517,6.546207094506577e-17
1.205,1.0424790549235325,1.022748961084414,1.8677773075524393e-16,1.0424790543676101,1.022748961071139,4.575366356167004e-18
1.21,1.0420293588942884,1.0225149028959846,9.651460508741725e-17,1.0420293583445583,1.0225149028828275,8.128933208123779e-17
1.215,1.0415847102266642,1.0222833318572593,2.167434199133626e-17,1.04158470968305,1.0222833318442193,1.504208520726831e-17
1.22,1.041145046159186,1.0220542199119307,1.3012128902901643e-16,1.0411450456216123,1.0220542198990068,7.127985643565024e-17
1.225,1.0407103048419861,1.0218275393538314,6.313759538448352e-17,1.0407103043103787,1.0218275393410219,6.641540180817582e-17
1.23,1.0402804253207516,1.0216032628218705,2.906221842632913e-17,1.0402804247950372,1.0216032628091751,3.57076937601159e-17
1.235,1.0398553475210157,1.0213813632950621,6.646829058252727e-17,1.0398553470011225,1.0213813632824795,4.5795605625602495e-17
1.24,1.0394350122327842,1.0211618140876335,7.50739055336244e-17,1.039435011718641,1.0211618140751624,1.8923330853303383e-17
1.245,1.039019361095486,1.0209445888442212,1.3208685221393899e-16,1.0390193605870228,1.020944588831861,2.6913265805864904e-17
1.25,1.0386083365832426,1.0207296615351475,3.2575001655620935e-17,1.03860833608039,1.0207296615228965,3.063146881429268e-17
1.2550000000000001,1.0382018819904453,1.020517006451775,1.2895667510888076e-16,1.0382018814931355,1.0205170064396334,1.116684761556178e-16
1.26,1.0377999414176367,1.0203065982019461,1.0232472722878128e-16,1.0377999409258023,1.020306598189912,5.23214116241327e-17
1.2650000000000001,1.037402459757684,1.0200984117054914,3.763109907824745e-17,1.037402459271259,1.0200984116935639,9.149273021291725e-17
1.27,1.037009382682242,1.01989242218982,1.465203037391386e-17,1.037009382201161,1.0198924221779986,7.531058446112826e-17
1.2750000000000001,1.036620656628494,1.019688605185581,9.889222725422414e-17,1.0366206561526923,1.0196886051738643,1.9300378041098055e-17
1.28,1.0362362287861668,1.0194869365223984,8.990507317813799e-17,1.0362362283155817,1.0194869365107857,2.351796391027881e-17
1.285,1.035856047084814,1.0192873923246761,2.6906906664898166e-16,1.0358560466193822,1.019287392313167,6.766271981414609e-17
1.29,1.035480060181355,1.0190899490074758,5.1679677973313214e-17,1.0354800597210152,1.0190899489960685,1.1363151766350797e-16
1.295,1.0351082174478732,1.018894583272457,1.2017238232014687e-16,1.0351082169925643,1.018894583261151,1.80431588150527e-16
1.3,1.0347404689596578,1.0187012721038913,1.036920392391812e-16,1.03474046850932,1.0187012720926854,3.652194532852434e-17
1.305,1.0343767654834892,1.018509992764737,1.2596220824743417e-16,1.0343767650380633,1.0185099927536307,1.9889431363763527e-16
1.31,1.0340170584661605,1.0183207227927813,4.2569034452912644e-17,1.0340170580255876,1.0183207227817732,2.7286523980657246e-17
1.315,1.0336613000232278,1.018133439996843,1.7792528994894847e-16,1.0336612995874508,1.0181334399859328,4.0889728829755924e-17
1.32,1.0333094429279872,1.0179481224530404,1.8544709797030407e-17,1.0333094424969491,1.0179481224422269,2.1097490249209297e-17
1.325,1.032961440600671,1.0177647485011165,3.6430117859753444e-17,1.0329614401743157,1.0177647484903987,5.853667909179444e-17
1.33,1.0326172470978567,1.0175832967408258,1.6998496499457554e-16,1.032617246676129,1.0175832967302032,3.4509661383843535e-18
1.335,1.0322768171020873,1.0174037460283802,2.1132077275314981e-16,1.0322768166849323,1.017403746017852,4.6143532199687385e-17
1.34,1.0319401059116953,1.0172260754729499,4.2443064693750905e-17,1.0319401054990593,1.017226075462515,1.894336118638778e-16
1.345,1.031607069430826,1.0170502644332213,5.3354308632773545e-17,1.031607069022656,1.0170502644228785,2.6539982246441987e-16
1.35,1.0312776641596562,1.0168762925140118,1.1440429398865134e-16,1.0312776637559,1.0168762925037609,2.6137077550566434e-17
1.355,1.030951847184804,1.0167041395629364,2.8056700477488773e-16,1.03095184678541,1.0167041395527763,8.764349698100961e-17
1.36,1.0306295761699236,1.0165337856671297,1.4095778077165775e-16,1.0306295757748403,1.0165337856570593,3.5473727602094706e-17
1.365,1.0303108093464821,1.0163652111500159,9.848366529028361e-17,1.0303108089556596,1.0163652111400354,6.260626559020128e-17
1.37,1.0299955055047156,1.0161983965681358,1.7869906427966963e-16,1.029995505118104,1.0161983965582433,4.122020933445953e-17
1.375,1.0296836239847569,1.016033322708018,9.079876810963631e-17,1.029683623602307,1.0160333226982132,1.7510932861830546e-17
1.3800000000000001,1.0293751246679335,1.0158699705831042,2.119723085790408e-16,1.0293751242895974,1.0158699705733865,1.0713759362554774e-16
1.385,1.0290699679682322,1.0157083214307188,1.5440805694679002e-16,1.029069967593962,1.0157083214210871,9.733404623308032e-18
1.3900000000000001,1.0287681148239256,1.0155483567090893,1.1897672550712324e-16,1.0287681144536742,1.0155483566995427,1.1773048457095002e-16
1.395,1.0284695266893555,1.0153900580944095,1.2997417427667996e-16,1.0284695263230763,1.0153900580849478,1.0371073461422852e-16
1.4000000000000001,1.0281741655268735,1.0152334074779534,9.896953611194612e-17,1.0281741651645209,1.0152334074685752,9.533827323155927e-18
1.405,1.0278819937989312,1.0150783869632285,1.6422075222286165e-16,1.0278819934404602,1.0150783869539333,7.880785574636908e-17
1.41,1.027592974460321,1.0149249788631762,1.8663342169662372e-16,1.027592974105686,1.0149249788539634,9.186832189137925e-17
1.415,1.0273070709505563,1.0147731656974153,1.332840096912593e-16,1.0273070705997138,1.014773165688284,8.434971344892043e-17
1.42,1.0270242471864008,1.014622930189527,2.2083077179855133e-16,1.0270242468393072,1.0146229301804768,1.9852175741132535e-17
1.425,1.02674446755453,1.0144742552643826,7.824922845901106e-17,1.0267444672111423,1.014474255255412,1.1804866504978645e-16
1.43,1.0264676969043316,1.0143271240455087,1.3217472614297406e-16,1.0264676965646071,1.014327124036618,1.1024005327885467e-16
1.435,1.0261939005408363,1.0141815198524988,1.3627607571125813e-16,1.0261939002047333,1.0141815198436868,5.984863445219928e-17
1.44,1.0259230442177798,1.0140374261984586,5.153052582578079e-18,1.025923043885257,1.0140374261897245,9.630984213846559e-17
1.445,1.0256550941307907,1.013894826787492,1.3878437274747795e-16,1.0256550938018074,1.0138948267788357,5.066234459724209e-17
1.45,1.0253900169107029,1.0137537055122272,4.577099975645375e-17,1.0253900165852188,1.0137537055036467,1.115846660807522e-16
1.455,1.0251277796169882,1.013614046451374,2.24295712793349e-16,1.0251277792949633,1.0136140464428702,1.6660330540836998e-18
1.46,1.0248683497313094,1.0134758338673278,2.4097465749116244e-16,1.0248683494127047,1.013475833858899,6.141821672306291e-18
1.465,1.0246116951511879,1.0133390522037977,1.7499079084025854e-16,1.0246116948359647,1.0133390521954437,3.5843764220230317e-17
1.47,1.0243577841837865,1.0132036860834812,3.6209594742236414e-17,1.0243577838719062,1.013203686075201,3.25101976655731e-17
1.475,1.024106585539802,1.0130697203057641,2.0629720292405916e-16,1.0241065852312268,1.0130697202975574,6.57354775762328e-17
1.48,1.0238580683274674,1.0129371398444627,1.4611500818089134e-16,1.02385806802216,1.0129371398363283,4.159943762497829e-17
1.485,1.0236122020466616,1.0128059298455927,1.0627578422876216e-17,1.0236122017445852,1.0128059298375305,2.02652326402978e-16
1.49,1.0233689565831219,1.0126760756251763,4.960527969949125e-18,1.02336895628424,1.0126760756171855,6.734432997988058e-18
1.495,1.0231283022027595,1.0125475626670781,1.18659170484403e-16,1.0231283019070365,1.012547562659158,1.3201881824048651e-16
1.5,1.0228902095460755,1.0124203766208757,1.125871812680427e-16,1.0228902092534757,1.0124203766130258,2.3667477723528297e-17
1.5050000000000001,1.0226546496226734,1.0122945032997581,1.6575567410604766e-16,1.0226546493331616,1.0122945032919777,6.169549753443281e-18
1.51,1.022421593805869,1.012169928678459,2.1242636467815643e-17,1.022421593519411,1.0121699286707473,8.773024293756735e-17
1.5150000000000001,1.0221910138273935,1.012046638891216,2.0289735543296893e-16,1.0221910135439551,1.0120466388835727,2.19004454131423e-17
1.52,1.021962881772189,1.0119246202297645,1.1748017987891617e-16,1.0219628814917363,1.0119246202221885,1.9565371053531517e-16
1.5250000000000001,1.0217371700732933,1.011803859141354,1.2067481942662973e-16,1.0217371697957929,1.011803859133845,2.0829401792938203e-17
1.53,1.0215138515068138,1.011684342226801,2.2383306378006706e-16,1.0215138512322326,1.0116843422193587,6.11657746782348e-17
1.5350000000000001,1.0212928991869872,1.0115660562385633,9.530931256458544e-17,1.0212928989152927,1.0115660562311866,4.5368919509030927e-17
1.54,1.0210742865613245,1.011448988078846,2.996829924577122e-17,1.0210742862924849,1.0114489880715345,7.684805998297032e-18
1.545,1.0208579874058388,1.011333124797733,2.333904857681605e-17,1.0208579871398222,1.0113331247904866,3.9532885954550615e-17
1.55,1.0206439758203536,1.0112184535913462,3.8417327885044035e-17,1.0206439755571286,1.011218453584164,2.6387535633984635e-17
1.555,1.0204322262238916,1.0111049618000307,4.823344130942172e-18,1.020432225963427,1.0111049617929118,1.1342956672640432e-16
1.56,1.0202227133501416,1.010992636906565,4.783437641553701e-17,1.020222713092407,1.010992636899509,1.0258485826504175e-16
1.565,1.020015412243001,1.0108814665343986,1.1377616637675086e-16,1.0200154119879663,1.0108814665274053,9.003388727459295e-17
1.57,1.019810298252194,1.0107714384459128,1.3857024594217778e-16,1.0198102979998294,1.0107714384389808,9.271359495985307e-17
1.575,1.0196073470289633,1.010662540540706,1.0536559353980385e-17,1.0196073467792393,1.0106625405338359,6.882146498628553e-19
1.58,1.019406534521833,1.010554760853907,3.4654740156616417e-18,1.0194065342747205,1.010554760847097,6.097631401161832e-17
1.585,1.0192078369724433,1.0104480875545048,5.579709344689466e-17,1.0192078367279136,1.010448087547755,1.9193937981190776e-16
1.59,1.0190112309114525,1.0103425089437097,2.0458773662869443e-18,1.019011230669477,1.0103425089370202,3.400867163748077e-17
1.595,1.0188166931545088,1.0102380134533326,6.575686630223118e-17,1.0188166929150595,1.0102380134467024,1.6198071007315905e-16
1.6,1.0186242007982877,1.0101345896441882,2.397644233701099e-16,1.0186242005613368,1.0101345896376162,8.311436854631723e-17
1.605,1.0184337312165943,1.0100322262045194,1.3668024194824412e-16,1.0184337309821145,1.0100322261980053,1.4480550437781034e-16
1.61,1.0182452620565297,1.0099309119484459,2.221875271325258e-16,1.0182452618244937,1.0099309119419904,1.0069945640252442e-16
1.615,1.0180587712347202,1.0098306358144347,1.8306828777870007e-16,1.0180587710051017,1.0098306358080358,1.0895235790994008e-17
1.62,1.0178742369336085,1.009731386863786,1.695116815284488e-16,1.0178742367063807,1.0097313868574436,1.8650991842899147e-17
1.625,1.0176916375978038,1.0096331542791481,3.3768224327592606e-17,1.0176916373729405,1.0096331542728618,5.87321520418443e-18
1.6300000000000001,1.0175109519304921,1.0095359273630475,8.092504060943819e-17,1.0175109517079677,1.009535927356817,4.739160197586857e-17
1.635,1.0173321588899042,1.0094396955364395,2.0290393363774973e-17,1.017332158669693,1.009439695530264,1.1817486548485814e-16
1.6400000000000001,1.0171552376858404,1.0093444483372827,5.4550882088144986e-17,1.0171552374679171,1.009344448331162,3.552266803069849e-17
1.645,1.016980167776251,1.009250175419126,4.294497135971904e-17,1.016980167560591,1.0092501754130594,4.835188231272854e-17
1.6500000000000001,1.0168069288638721,1.009156866549724,4.370426983326754e-17,1.0168069286504504,1.0091568665437112,2.837751679746727e-17
1.655,1.016635500892914,1.0090645116096615,2.4953460004334115e-16,1.0166355006817067,1.0090645116037018,7.949024445675497e-18
1.6600000000000001,1.016465864045803,1.0089731005910043,1.7414296279563806e-16,1.016465863836786,1.0089731005850968,2.2271658301374405e-17
1.665,1.0162979987399754,1.0088826235959647,2.30167474691193e-16,1.0162979985331246,1.00888262359011,1.1811160547794518e-16
1.67,1.0161318856247201,1.0087930708355861,2.507021534282544e-16,1.0161318854200123,1.0087930708297832,2.4647060703167346e-17
1.675,1.015967505578074,1.0087044326284447,1.8509886330448489e-16,1.0159675053754857,1.008704432622693,3.0055527691698703e-17
1.68,1.0158048397037633,1.008616699399369,4.289747676534687e-17,1.015804839503272,1.0086166993936685,8.840328456339127e-17
1.685,1.0156438693281953,1.0085298616781777,1.396392299276527e-16,1.015643869129778,1.0085298616725276,1.504487056839926e-16
1.69,1.015484575997495,1.0084439100984315,2.599841990743142e-17,1.0154845758011295,1.008443910092831,4.8444874904230445e-17
1.695,1.0153269414745894,1.008358835396205,1.5003007813126166e-16,1.0153269412802535,1.008358835390654,1.9793013327784165e-17
1.7,1.0151709477363355,1.0082746284088728,1.581019089862987e-16,1.0151709475440074,1.008274628403371,1.7958712030342273e-16
1.705,1.015016576970696,1.0081912800739135,2.3815210993903663e-16,1.0150165767803538,1.0081912800684603,5.555328080297604e-18
1.71,1.014863811573954,1.0081087814277263,8.005782684940729e-17,1.0148638113855768,1.0081087814223217,2.165732355238283e-17
1.715,1.0147126341479753,1.0080271236044693,5.5427187213786907e-17,1.0147126339615415,1.0080271235991123,2.0206469905486337e-16
1.72,1.0145630274975086,1.007946297834905,4.142321630579928e-17,1.0145630273129975,1.0079462978295957,1.1783927159082947e-16
1.725,1.0144149746275302,1.007866295445269,5.529836353422296e-17,1.0144149744449211,1.0078662954400066,1.3682242175206074e-16
1.73,1.0142684587406279,1.0077871078561493,1.2876899004889631e-16,1.0142684585599007,1.0077871078509333,1.1433838513945345e-16
1.735,1.0141234632344247,1.0077087265813787,1.040922668040674e-16,1.014123463055559,1.007708726576209,1.578651718867824e-16
1.74,1.0139799716990419,1.0076311432269487,1.5927617030190195e-16,1.0139799715220177,1.0076311432218246,7.590085441836301e-17
1.745,1.0138379679146003,1.0075543494899286,8.743484281407145e-17,1.013837967739398,1.00755434948485,1.3095327426211838e-16
1.75,1.01369743584876,1.0074783371574063,1.1940503498537167e-16,1.01369743567536,1.0074783371523726,4.183073654347602e-17
1.7550000000000001,1.0135583596542959,1.0074030981054385,2.0620405337137846e-16,1.0135583594826791,1.0074030981004494,1.4143524264781563e-17
1.76,1.013420723666711,1.0073286242980157,1.2293649033148217e-17,1.0134207234968582,1.007328624293071,1.400479779688953e-16
1.7650000000000001,1.0132845124018843,1.0072549077860427,2.270562584866908e-16,1.0132845122337768,1.0072549077811412,5.759003513512885e-17
1.77,1.013149710553755,1.0071819407063267,5.925748337192796e-17,1.0131497103873743,1.0071819407014688,1.1736627186552721e-16
1.7750000000000001,1.01301630299204,1.0071097152805872,5.844924602032156e-17,1.0130163028273675,1.0071097152757726,8.543340768306021e-17
1.78,1.0128842747599862,1.00703822381447,1.9112256291155137e-17,1.012884274597004,1.0070382238096975,1.3003884495864367e-16
1.7850000000000001,1.0127536110721553,1.0069674586965784,7.855070162300064e-17,1.012753610910845,1.0069674586918482,4.5521449455749203e-17
1.79,1.0126242973122426,1.0068974123975172,7.922212560214032e-18,1.0126242971525865,1.0068974123928291,2.0390873845237473e-17
1.795,1.0124963190309262,1.0068280774689473,1.6317484132147293e-16,1.0124963188729068,1.0068280774643006,5.548793134920582e-17
1.8,1.0123696619437497,1.0067594465426524,2.020727151731646e-16,1.0123696617873497,1.0067594465380465,3.2089405687131843e-18
1.805,1.0122443119290345,1.0066915123296183,1.3917377589777712e-16,1.0122443117742366,1.0066915123250535,7.20066413336345e-17
1.81,1.0121202550258233,1.0066242676191253,9.210959605730134e-17,1.0121202548726105,1.0066242676146009,3.657949853153651e-17
1.815,1.011997477431853,1.0065577052778485,2.705057764949573e-17,1.0119974772802087,1.0065577052733645,3.3095459299335083e-17
1.82,1.0118759655015586,1.0064918182489742,2.8287252527612333e-17,1.0118759653514662,1.0064918182445295,8.552036158611998e-17
1.825,1.0117557057441038,1.006426599551322,1.3185230679935426e-18,1.0117557055955468,1.006426599546917,1.2913744596625697e-16
1.83,1.0116366848214418,1.006362042278484,1.4418262601915647e-16,1.011636684674404,1.006362042274118,1.466012085146582e-17
1.835,1.0115188895464036,1.00629813959797,1.4650444825156965e-16,1.0115188894008689,1.0062981395936426,8.397838256387108e-17
1.84,1.0114023068808133,1.0062348847503664,8.335527021205154e-17,1.0114023067367661,1.0062348847460771,5.950980296841237e-18
1.845,1.0112869239336322,1.0061722710485044,2.2844545930909834e-16,1.0112869237910564,1.0061722710442533,8.905533118830116e-17
1.85,1.0111727279591263,1.0061102918766387,1.1986547605125053e-16,1.0111727278180067,1.0061102918724252,2.0258198651317866e-16
1.855,1.0110597063550635,1.0060489406896373,1.2151287543904295e-16,1.0110597062153848,1.0060489406854611,1.0140471080090463e-16
1.86,1.010947846660934,1.0059882110121807,1.2785886795433202e-16,1.0109478465226809,1.0059882110080414,3.4315564565380085e-17
1.865,1.010837136556198,1.0059280964379702,2.5516911479853395e-17,1.0108371364193551,1.005928096433868,7.19501518949226e-17
1.87,1.010727563858555,1.0058685906289495,1.602648533605446e-17,1.010727563723108,1.0058685906248834,1.1178329385025634e-16
1.875,1.0106191165222416,1.0058096873145317,5.723264036456393e-17,1.0106191163881757,1.005809687310502,2.618328839980927e-17
1.8800000000000001,1.0105117826363512,1.005751380290839,2.623575264831428e-17,1.010511782503652,1.0057513802868445,1.2869969142177972e-17
1.885,1.0104055504231768,1.0056936634199491,5.963795997931341e-17,1.0104055502918299,1.00569366341599,2.0669322403229712e-17
1.8900000000000001,1.0103004082365783,1.005636530629155,2.13671530000638e-16,1.0103004081065694,1.0056365306252306,5.661896919658321e-17
1.895,1.0101963445603717,1.005579975910229,1.5085057559147057e-16,1.0101963444316868,1.0055799759063397,6.292073527139877e-17
1.9000000000000001,1.0100933480067422,1.0055239933187006,7.613890067795611e-17,1.0100933478793672,1.0055239933148457,1.3353911670515125e-16
1.905,1.0099914073146776,1.0054685769731389,7.473662346709869e-17,1.0099914071885991,1.0054685769693186,1.6561447966797288e-16
1.9100000000000001,1.009890511348425,1.0054137210544478,1.4157420151770525e-17,1.0098905112236292,1.005413721050661,1.5660050504532531e-16
1.915,1.0097906490959678,1.0053594198051659,5.560674182813396e-17,1.0097906489724415,1.0053594198014126,4.5705472797708016e-17
1.92,1.0096918096675247,1.005305667528779,7.426945619912616e-18,1.0096918095452545,1.0053056675250591,1.062399686804234e-16
1.925,1.0095939822940687,1.0052524585890377,9.809308082777972e-17,1.0095939821730415,1.0052524585853506,1.5189804899641505e-17
1.93,1.009497156325867,1.0051997874092853,5.2608609604983815e-17,1.00949715620607,1.0051997874056313,1.0606386067638456e-16
1.935,1.0094013212310404,1.0051476484717932,1.1151359391443604e-16,1.0094013211124606,1.0051476484681712,7.593301570524863e-17
1.94,1.0093064665941434,1.005096036317104,1.0229241081745e-16,1.0093064664767681,1.0050960363135142,1.3047049828676607e-16
1.945,1.009212582114762,1.0050449455433845,1.0281790075349115e-16,1.0092125819985787,1.0050449455398263,7.74587717245655e-17
1.95,1.009119657606133,1.004994370805783,2.1829348178298158e-16,1.0091196574911292,1.0049943708022562,1.720267948253903e-16
1.955,1.00902768299378,1.0049443068157975,1.2517855028032245e-16,1.0090276828799434,1.0049443068123025,1.4460994960059532e-16
1.96,1.0089366483141693,1.0048947483406514,1.3964984437765663e-16,1.0089366482014877,1.0048947483371875,2.338129756347141e-16
1.965,1.0088465437133824,1.004845690202675,3.464559846704595e-17,1.008846543601844,1.004845690199242,2.126213567469525e-16
1.97,1.008757359445809,1.0047971272786955,7.935989643732167e-17,1.0087573593354016,1.0047971272752925,5.3150228842977963e-17
1.975,1.008669085872855,1.0047490544994333,7.915701817294137e-17,1.008669085763567,1.0047490544960604,7.74726770953199e-17
1.98,1.0085817134616697,1.0047014668489076,5.578775968749715e-17,1.0085817133534893,1.0047014668455647,1.3481695563364246e-16
1.985,1.008495232783889,1.004654359363848,7.02774687275165e-17,1.0084952326768049,1.0046543593605348,9.1445123300341e-19
1.99,1.0084096345143956,1.0046077271331129,1.829784635792282e-16,1.0084096344083964,1.0046077271298286,9.241341265104741e-17
1.995,1.008324909430097,1.0045615652971134,1.0554981515251237e-16,1.0083249093251716,1.0045615652938584,4.948257697688417e-17
2.0,1.008241048408718,1.004515869047249,8.491084468988148e-17,1.008241048304855,1.0045158690440232,7.514612692854213e-17
2.005,1.0081580424276104,1.0044706336253442,3.1551550653956e-17,1.0081580423247989,1.0044706336221474,3.7659664371107295e-17
2.0100000000000002,1.0080758825625777,1.004425854323096,3.454159424356547e-17,1.008075882460807,1.004425854319927,1.2425226115607927e-16
2.015,1.007994559986717,1.0043815264815241,3.312353319190097e-17,1.0079945598859759,1.004381526478384,7.064194227621054e-17
2.02,1.0079140659692742,1.0043376454904331,1.1301543388505436e-17,1.0079140658695522,1.0043376454873205,1.0369818405738437e-16
2.025,1.0078343918745152,1.0042942067878753,3.002451431471848e-16,1.0078343917758017,1.0042942067847895,3.190161888206622e-17
2.0300000000000002,1.0077555291606124,1.004251205859623,1.7126458964659215e-16,1.007755529062897,1.004251205856565,6.543400630603323e-17
2.035,1.007677469378545,1.0042086382386473,1.0874051240917482e-17,1.0076774692818176,1.0042086382356163,2.0509073576248469e-16
2.04,1.0076002041710148,1.004166499504602,1.3947730307279554e-16,1.0076002040752652,1.004166499501598,1.6907706287596686e-16
2.045,1.0075237252713747,1.004124785283313,1.0547488577254923e-16,1.0075237251765925,1.0041247852803359,5.3000998529562043e-17
2.05,1.0074480245025725,1.0040834912462755,1.2062573602293731e-16,1.0074480244087478,1.004083491243325,8.701804998936816e-17
2.055,1.0073730937761076,1.004042613110155,1.9649087378496222e-16,1.0073730936832308,1.0040426131072304,2.581803750885901e-17
2.06,1.007298925091002,1.0040021466362963,2.217623622204999e-16,1.007298924999063,1.004002146633398,1.0452346689129633e-16
2.065,1.007225510532784,1.0039620876302373,1.1032614091099753e-16,1.0072255104417733,1.0039620876273643,1.4596826225709918e-18
2.07,1.0071528422724858,1.003922431941227,1.3148829598662375e-16,1.0071528421823939,1.00392243193838,5.1148620743539014e-17
2.075,1.007080912565653,1.0038831754617525,1.14952362486223e-16,1.0070809124764701,1.0038831754589308,2.456827701846854e-17
2.08,1.0070097137513676,1.0038443141270688,9.8343484091672e-17,1.0070097136630844,1.003844314124272,8.017889145715414e-17
2.085,1.006939238251284,1.0038058439147337,2.924519794381745e-17,1.0069392381638915,1.003805843911962,1.0972847057957398e-16
2.09,1.0068694785686763,1.0037677608441513,1.2894630836871261e-16,1.006869478482165,1.003767760841404,1.0010176521397447e-16
2.095,1.006800427287498,1.0037300609761175,8.004252253674236e-17,1.0068004272018591,1.0037300609733946,1.2255055134412883e-17
2.1,1.0067320770714554,1.003692740412372,6.290176022110085e-17,1.00673207698668,1.0036927404096734,1.9513498229717474e-17
2.105,1.0066644206630904,1.0036557952951566,1.327569178788543e-16,1.0066644205791695,1.0036557952924816,1.0893476811771195e-17
2.11,1.0065974508828763,1.0036192218067759,4.097169723164035e-17,1.0065974507998012,1.0036192218041247,1.790932807064571e-16
2.115,1.0065311606283251,1.0035830161691668,4.5851973503154574e-17,1.0065311605460872,1.0035830161665393,2.9004913855710424e-17
2.12,1.0064655428731062,1.0035471746434699,4.9869372349865656e-17,1.0064655427916966,1.0035471746408655,8.461122026213901e-17
2.125,1.0064005906661753,1.0035116935296058,1.9905784963880866e-16,1.0064005905855857,1.0035116935270245,5.3172383851288075e-17
2.13,1.0063362971309158,1.0034765691658591,3.986150464581897e-17,1.0063362970511376,1.0034765691633014,7.556928495179571e-17
2.1350000000000002,1.0062726554642896,1.0034417979284656,2.645725200083395e-16,1.0062726553853145,1.0034417979259298,1.3935099089308684e-16
2.14,1.0062096589360001,1.0034073762312012,1.5129030329760817e-16,1.0062096588578202,1.003407376228688,1.3150953233168928e-16
2.145,1.0061473008876642,1.003373300524982,9.969081608749357e-17,1.006147300810271,1.0033733005224914,7.301738868571605e-17
2.15,1.0060855747319957,1.0033395672974634,6.188028626931751e-17,1.0060855746553812,1.003339567294995,7.363476952996161e-17
2.1550000000000002,1.0060244739519986,1.0033061730726465,1.7398448616267154e-16,1.0060244738761548,1.0033061730701995,1.365689864904053e-16
2.16,1.0059639921001706,1.0032731144104867,1.1041149816966063e-16,1.0059639920250898,1.0032731144080616,2.1305121384341445e-16
2.165,1.0059041227977163,1.0032403879065117,1.4167267810847132e-16,1.0059041227233905,1.0032403879041083,5.736603741259659e-17
2.17,1.005844859733771,1.0032079901914368,3.6376440166475596e-16,1.0058448596601925,1.0032079901890545,1.9845823553389832e-16
2.1750000000000003,1.0057861966646324,1.0031759179307898,1.158814532762749e-16,1.0057861965917938,1.003175917928429,5.3083959016344833e-17
2.18,1.005728127413004,1.00314416782454,7.856322176493318e-17,1.0057281273408976,1.0031441678222004,1.0169284146094932e-16
2.185,1.0056706458672469,1.0031127366067283,6.993873660000334e-17,1.0056706457958653,1.0031127366044092,1.546582731160262e-17
2.19,1.0056137459806398,1.0030816210451035,1.121604376008787e-16,1.0056137459099752,1.003081621042805,1.2108332877974087e-16
2.195,1.0055574217706502,1.0030508179407627,5.236756157809441e-17,1.0055574217006955,1.0030508179384847,6.104658833785285e-17
2.2,1.005501667318213,1.0030203241277957,4.941988607365819e-17,1.0055016672489614,1.003020324125538,2.1965336570904762e-18
2.205,1.0054464767670193,1.0029901364729343,1.869612128205069e-16,1.005446476698463,1.0029901364706966,4.6081736712653766e-17
2.21,1.0053918443228116,1.0029602518752019,2.1117138033513504e-17,1.0053918442549439,1.0029602518729843,5.504442721525541e-18
2.215,1.0053377642526913,1.0029306672655727,1.5237758897850346e-16,1.005337764185505,1.002930667263375,1.0246476009721839e-16
2.22,1.005284230884431,1.0029013796066295,1.0381484292189984e-16,1.005284230817919,1.0029013796044512,1.462089991200995e-16
2.225,1.0052312386057973,1.0028723858922295,5.276733828806883e-17,1.005231238539953,1.0028723858900703,3.6644525966366474e-17
2.23,1.005178781863882,1.0028436831471692,1.2670622243920221e-17,1.0051787817986986,1.0028436831450294,2.849214523104404e-17
2.235,1.0051268551644397,1.0028152684268596,2.9498846132094886e-17,1.0051268550999102,1.002815268424739,3.670392027933556e-17
2.24,1.0050754530712356,1.0027871388169982,1.7468486391048906e-16,1.0050754530073536,1.0027871388148963,4.666479612846444e-17
2.245,1.0050245702053997,1.0027592914332493,6.961336337403812e-17,1.0050245701421585,1.002759291431166,1.3242785456940565e-17
2.25,1.0049742012447895,1.0027317234209252,1.7249131940241765e-16,1.0049742011821825,1.0027317234188609,2.1421546676097884e-17
2.255,1.0049243409233604,1.002704431954674,3.7123609143616894e-17,1.004924340861381,1.0027044319526277,9.913683163807618e-17
2.2600000000000002,1.004874984030543,1.0026774142381667,9.488885131972919e-17,1.0048749839691853,1.0026774142361385,1.854562526793806e-17
2.265,1.0048261254106297,1.0026506675037918,1.0887070102880502e-16,1.004826125349887,1.0026506675017821,6.834484745755724e-17
2.27,1.0047777599621657,1.002624189012351,1.0346989526882288e-16,1.0047777599020318,1.0026241890103593,3.7076580543843986e-18
2.275,1.004729882637351,1.0025979760527597,7.363578166211024e-17,1.0047298825778197,1.0025979760507853,3.0203738741206014e-17
2.2800000000000002,1.0046824884414465,1.002572025941747,1.2301777530430665e-16,1.0046824883825118,1.0025720259397906,1.2044032004170572e-17
2.285,1.0046355724321887,1.0025463360235667,1.0186320456270123e-16,1.0046355723738445,1.0025463360216278,1.1610434702440797e-16
2.29,1.0045891297192113,1.0025209036697036,4.5166705857312015e-17,1.0045891296614515,1.002520903667782,1.26105603212819e-18
2.295,1.0045431554634732,1.0024957262785874,5.828121677547053e-17,1.004543155406292,1.002495726276683,1.1565713312144407e-16
2.3000000000000003,1.0044976448766942,1.0024708012753085,5.3254071552372915e-17,1.0044976448200857,1.0024708012734207,2.509076161633722e-16
2.305,1.0044525932207966,1.0024461261113373,5.311399542251013e-17,1.004452593164755,1.0024461261094664,2.912865750894987e-17
2.31,1.0044079958073533,1.0024216982642462,1.1830732764931215e-16,1.0044079957518728,1.002421698262392,1.6861789538234133e-17
2.315,1.0043638479970438,1.002397515237436,1.2150015420255713e-16,1.0043638479421186,1.0023975152355984,8.989905269275049e-17
2.32,1.004320145199115,1.0023735745598625,7.109937363713002e-17,1.0043201451447399,1.002373574558041,3.573910519100122e-18
2.325,1.00427688287085,1.002349873785769,1.180813392413916e-16,1.004276882817019,1.002349873783964,9.518353909032421e-18
2.33,1.004234056517041,1.0023264104944214,8.885318235034118e-17,1.0042340564637486,1.002326410492632,1.9746588879869e-16
2.335,1.0041916616894708,1.0023031822898432,1.7994265979593405e-17,1.004191661636712,1.0023031822880697,1.4824826615754337e-16
2.34,1.0041496939863996,1.0022801868005582,2.1344276533474528e-17,1.0041496939341685,1.0022801867988003,7.301516566580049e-17
2.345,1.0041081490520567,1.0022574216793312,8.254717884613781e-17,1.004108149000348,1.0022574216775895,2.514184159835968e-16
2.35,1.0040670225761397,1.002234884602916,1.6314880815796062e-16,1.0040670225249484,1.0022348846011901,7.544525972426762e-17
2.355,1.0040263102933187,1.002212573271803,2.810313593828349e-17,1.0040263102426394,1.002212573270092,4.276791769114084e-17
2.36,1.003986007982747,1.0021904854099692,3.521916151600654e-17,1.0039860079325744,1.0021904854082737,4.3584167952933887e-17
2.365,1.0039461114675767,1.0021686187646357,5.99383150192512e-17,1.0039461114179062,1.0021686187629553,1.4710118320585422e-16
2.37,1.0039066166144808,1.0021469711060205,1.1876455975983628e-16,1.0039066165653068,1.002146971104355,1.7355401507713242e-16
2.375,1.0038675193331799,1.0021255402271017,1.2326142508546506e-16,1.0038675192844975,1.002125540225451,8.79875863615583e-17
2.38,1.0038288155759756,1.0021043239433767,2.0379698766711267e-16,1.0038288155277797,1.0021043239417406,6.942758748056841e-17
2.3850000000000002,1.0037905013372885,1.0020833200926285,2.7729194918519604e-17,1.0037905012895747,1.002083320091007,3.5400950339378224e-17
2.39,1.0037525726532022,1.0020625265346927,1.1691445243115206e-16,1.003752572605965,1.002062526533086,4.002434094927534e-17
2.395,1.0037150256010112,1.002041941151227,5.759162453769832e-17,1.003715025554246,1.0020419411496342,8.204428875397575e-17
2.4,1.003677856298776,1.002021561845483,1.842833724202326e-16,1.0036778562524782,1.002021561843905,6.88111149987737e-19
2.4050000000000002,1.0036410609048825,1.002001386542083,1.3585383294690704e-16,1.0036410608590471,1.0020013865405184,8.319046695575625e-17
2.41,1.0036046356176054,1.001981413186794,1.2548997363786017e-16,1.003604635572228,1.0019814131852438,1.0873607251110385e-17
2.415,1.003568576674679,1.001961639746311,1.7408959736856733e-16,1.0035685766297548,1.0019616397447746,6.924567525284241e-17
2.42,1.0035328803528702,1.0019420642080357,1.7654929251273784e-16,1.003532880308395,1.0019420642065129,2.0632348202268613e-16
2.4250000000000003,1.0034975429675597,1.0019226845798637,1.783671945827514e-17,1.0034975429235284,1.0019226845783544,2.7611139187983686e-16
2.43,1.0034625608723238,1.0019034988899693,7.08727492377481e-17,1.0034625608287322,1.0019034988884734,2.569116446261023e-16
2.435,1.0034279304585254,1.0018845051865954,4.3677456084604764e-17,1.003427930415369,1.001884505185113,2.4211412018813788e-17
2.44,1.0033936481549066,1.001865701537845,1.3144845862288037e-16,1.0033936481121812,1.0018657015363757,1.4125365043874386e-16
2.445,1.0033597104271876,1.0018470860314732,1.9267639699296512e-16,1.0033597103848886,1.0018470860300173,4.6964929315278e-17
2.45,1.0033261137776692,1.0018286567746861,8.484588481842255e-17,1.0033261137357923,1.001828656773243,2.9270305313611357e-16
2.455,1.0032928547448405,1.0018104118939366,9.29877069259321e-17,1.0032928547033817,1.0018104118925064,2.609341175555085e-16
2.46,1.003259929902991,1.001792349534724,1.6278893877089002e-16,1.0032599298619458,1.0017923495333063,2.2797767015740086e-16
2.465,1.0032273358618264,1.0017744678613987,1.7500056348019552e-16,1.003227335821191,1.0017744678599938,2.2468622161982026e-16
2.47,1.0031950692660905,1.0017567650569643,8.903202716472573e-17,1.0031950692258607,1.001756765055572,1.9521662875399177e-16
2.475,1.0031631267951893,1.0017392393228868,1.5323352891871502e-16,1.0031631267553607,1.001739239321507,1.6324044161277757e-16
2.48,1.0031315051628205,1.0017218888789001,6.564399101553446e-17,1.0031315051233891,1.0017218888775328,1.2132097317310342e-16
2.485,1.0031002011166075,1.0017047119628197,1.228655062693177e-16,1.0031002010775696,1.0017047119614644,2.377570626477389e-16
2.49,1.0030692114377369,1.0016877068303538,1.5657412298352312e-16,1.0030692113990882,1.0016877068290106,2.1135742309354937e-16
2.495,1.0030385329406002,1.001670871754918,7.885240713060338e-17,1.003038532902337,1.001670871753587,1.7203633513913645e-16
2.5,1.0030081624724398,1.001654205027454,1.3858091594645906e-17,1.0030081624345584,1.0016542050261348,9.66868131226465e-17
2.505,1.0029780969129993,1.0016377049562455,2.1793065025736795e-17,1.0029780968754956,1.001637704954938,1.4267084350458373e-16
2.5100000000000002,1.0029483331741764,1.0016213698667409,7.81113661687375e-17,1.0029483331370468,1.0016213698654448,2.6300809366738324e-16
2.515,1.0029188681996817,1.0016051981013747,1.7173126273149996e-16,1.0029188681629222,1.0016051981000906,1.517835406555644e-16
2.52,1.0028896989646996,1.0015891880193935,6.002719264327086e-17,1.0028896989283065,1.001589188018121,1.1966856500968141e-18
2.525,1.002860822475554,1.001573337996681,1.9503532116479766e-16,1.0028608224395235,1.0015733379954197,7.770448271251255e-18
2.5300000000000002,1.0028322357693773,1.0015576464255862,2.5031768601853616e-17,1.002832235733706,1.0015576464243363,9.641093611905288e-17
2.535,1.002803935913784,1.0015421117147552,4.407903322256999e-17,1.0028039358784682,1.0015421117135161,2.2449754504191055e-16
2.54,1.002775920006546,1.00152673228896,3.406919741745624e-17,1.0027759199715824,1.0015267322877326,1.2046642070938634e-16
2.545,1.0027481851752744,1.001511506588936,1.5529231406490224e-16,1.0027481851406592,1.0015115065877196,5.1551096568501026e-17
2.5500000000000003,1.0027207285771018,1.001496433071213,9.978959017324483e-18,1.0027207285428315,1.0014964330700074,1.294308726007651e-16
2.555,1.0026935473983705,1.0014815102079573,1.3069192325635134e-16,1.0026935473644416,1.0014815102067622,2.831738832077484e-16
2.56,1.0026666388543228,1.0014667364868066,6.756021004202111e-17,1.0026666388207317,1.0014667364856222,2.7427493753946495e-16
2.565,1.002640000188796,1.0014521104107121,1.7896905837735332e-16,1.0026400001555396,1.0014521104095386,1.948515230975456e-16
2.57,1.0026136286739193,1.001437630497782,3.7644942966337895e-17,1.0026136286409941,1.001437630496619,1.398131950519081e-16
2.575,1.0025875216098152,1.0014232952811233,6.852617697706717e-17,1.002587521577218,1.0014232952799706,8.810589460599418e-17
2.58,1.002561676324304,1.0014091033086887,3.670781448258067e-17,1.0025616762920313,1.0014091033075463,1.985149539630938e-16
2.585,1.002536090172611,1.0013950531431246,1.5692875679338573e-16,1.0025360901406597,1.0013950531419924,1.7559678302616245e-16
2.59,1.002510760537078,1.001381143361618,9.872096221768293e-17,1.0025107605054449,1.0013811433604962,1.2536795286608508e-17
2.595,1.0024856848268773,1.0013673725557493,1.0915055690282074e-16,1.002485684795559,1.0013673725546375,2.3291570818996415e-16
2.6,1.0024608604777283,1.0013537393313425,6.183319143615785e-17,1.002460860446722,1.0013537393302405,2.765108567731097e-16
2.605,1.0024362849516189,1.00134024230832,9.413321018712894e-17,1.002436284920921,1.0013402423072277,2.450760458771666e-16
2.61,1.002411955736528,1.0013268801205575,2.1672714225500936e-16,1.0024119557061357,1.0013268801194755,1.4826261571107011e-16
2.615,1.0023878703461535,1.0013136514157404,9.177460098189312e-17,1.002387870316064,1.0013136514146677,3.162594012583139e-17
2.62,1.0023640263196403,1.001300554855223,1.3206313755968105e-16,1.00236402628985,1.0013005548541594,2.6254322876594883e-16
2.625,1.0023404212213138,1.0012875891138868,3.896981854300465e-17,1.00234042119182,1.0012875891128332,2.589292853256911e-16
2.63,1.0023170526404153,1.001274752880004,2.0169913171954743e-16,1.0023170526112148,1.0012747528789592,2.9404265054721014e-16
2.6350000000000002,1.00229391819084,1.0012620448550964,4.9494945914301746e-17,1.0022939181619301,1.001262044854062,2.0465980800326458e-16
2.64,1.002271015510879,1.001249463753805,3.202996982372469e-17,1.002271015482257,1.0012494637527793,2.808593134848512e-16
2.645,1.0022483422629629,1.0012370083037503,1.082022981379414e-16,1.0022483422346258,1.001237008302734,1.6479629326661654e-16
2.65,1.0022258961334094,1.001224677245402,1.314952521232825e-16,1.002225896105354,1.001224677244395,2.1227992241615275e-16
2.6550000000000002,1.0022036748321719,1.0012124693319477,1.362825030625591e-16,1.0022036748043956,1.0012124693309497,3.582246517114312e-17
2.66,1.0021816760925932,1.0012003833291607,1.2777026716535193e-17,1.0021816760650935,1.0012003833281713,8.706047454042332e-17
2.665,1.0021598976711603,1.0011884180152733,3.409818722618162e-17,1.002159897643934,1.0011884180142931,1.3651694559482977e-16
2.67,1.0021383373472619,1.001176572180848,1.142372090200272e-16,1.0021383373203065,1.0011765721798764,2.544311527514307e-16
2.6750000000000003,1.002116992922949,1.0011648446286519,1.0708237626158817e-16,1.0021169928962617,1.0011648446276888,1.566304286616006e-17
2.68,1.0020958622226988,1.0011532341735312,4.4231954250763774e-17,1.002095862196277,1.001153234172577,8.668849177075294e-17
2.685,1.0020749430931792,1.0011417396422886,8.539087446078093e-18,1.0020749430670202,1.001141739641343,3.2679253950345615e-16
2.69,1.0020542334030187,1.0011303598735608,1.4410465839722144e-16,1.0020542333771199,1.0011303598726236,6.27095290897475e-17
2.695,1.0020337310425753,1.0011190937176964,1.7166031163208608e-17,1.0020337310169338,1.0011190937167678,8.203994806159902e-17
2.7,1.0020134339237112,1.0011079400366387,1.4121746863147381e-16,1.0020134338983246,1.0011079400357183,1.6126371900531356e-17
2.705,1.0019933399795682,1.0010968977038046,4.330539163596108e-17,1.001993339954434,1.0010968977028925,2.780309373062455e-16
2.71,1.0019734471643456,1.0010859656039692,1.1512579715073037e-18,1.0019734471394617,1.001085965603065,1.9808746919761584e-16
2.715,1.0019537534530814,1.001075142633149,6.335731949691854e-17,1.0019537534284446,1.0010751426322528,1.801325449848403e-16
2.72,1.0019342568414347,1.0010644276984872,2.3165652809958382e-17,1.0019342568170428,1.0010644276975993,1.9734121576527172e-16
2.725,1.0019149553454711,1.0010538197181411,1.1736487274452887e-16,1.001914955321322,1.0010538197172612,1.010610866158369e-16
2.73,1.0018958470014516,1.0010433176211682,4.965886356283868e-17,1.0018958469775423,1.001043317620296,1.880310989115451e-16
2.735,1.0018769298656203,1.0010329203474162,4.638199582988219e-17,1.0018769298419485,1.0010329203465522,2.102638064653879e-16
2.74,1.0018582020139983,1.0010226268474127,8.436706986754449e-19,1.001858201990562,1.0010226268465563,1.7949958420179428e-16
2.745,1.0018396615421785,1.0010124360822559,3.55635397860539e-17,1.0018396615189749,1.001012436081407,1.6242846043008649e-16
2.75,1.001821306565121,1.0010023470235074,1.274134733843783e-16,1.0018213065421477,1.0010023470226659,3.1360149495115396e-16
2.755,1.0018031352169523,1.0009923586530851,1.449835497737714e-17,1.0018031351942076,1.0009923586522513,2.936884420430274e-16
2.7600000000000002,1.0017851456507678,1.0009824699631584,1.712607458016699e-16,1.001785145628249,1.000982469962332,1.6082034785080566e-16
2.765,1.0017673360384332,1.0009726799560428,8.135986638285793e-18,1.0017673360161379,1.0009726799552243,1.4907084751890579e-16
2.77,1.0017497045703905,1.0009629876440975,3.5681080942190595e-17,1.0017497045483168,1.0009629876432864,1.8746927958867148e-16
2.775,1.0017322494554661,1.0009533920496227,1.5540685000591887e-16,1.0017322494336118,1.000953392048819,5.596528366427162e-17
2.7800000000000002,1.0017149689206792,1.000943892204759,8.560508741184665e-17,1.0017149688990419,1.000943892203962,2.7005991012534614e-17
2.785,1.0016978612110543,1.000934487151385,9.228337803173462e-17,1.001697861189632,1.000934487150595,3.3780667907366097e-16
2.79,1.0016809245894343,1.0009251759410223,1.7870459495143293e-16,1.001680924568225,1.0009251759402396,1.2312157561614055e-16
2.795,1.0016641573362959,1.0009159576347333,1.8645007468171947e-17,1.0016641573152973,1.0009159576339575,2.6667273008311355e-16
2.8000000000000003,1.0016475577495678,1.0009068313030272,2.0425278395467288e-16,1.0016475577287778,1.0009068313022582,2.32400131583698e-16
2.805,1.0016311241444495,1.0008977960257617,8.850539873968615e-17,1.001631124123866,1.0008977960249996,1.188963810482055e-16
2.81,1.0016148548532335,1.0008888508920495,7.613545936967067e-17,1.0016148548328545,1.0008888508912943,1.7684583361882872e-16
2.815,1.001598748225128,1.0008799950001643,1.7539473619211505e-16,1.0015987482049513,1.000879994999416,1.7138363779190777e-16
2.82,1.0015828026260825,1.000871227457446,2.0435495872361246e-16,1.0015828026061062,1.0008712274567046,8.002615330123667e-18
2.825,1.0015670164386146,1.0008625473802104,1.028179989848031e-16,1.0015670164188366,1.0008625473794757,8.359463870476486e-17
2.83,1.0015513880616393,1.000853953893658,1.212775142009744e-16,1.001551388042058,1.0008539538929297,2.2429290701298125e-16
2.835,1.0015359159103001,1.0008454461317817,1.0522175946313223e-16,1.0015359158909132,1.0008454461310603,1.3833159696163054e-16
2.84,1.0015205984158007,1.0008370232372805,4.641275740071487e-17,1.0015205983966062,1.0008370232365653,1.8340201802773487e-16
2.845,1.0015054340252398,1.0008286843614684,6.324146397445125e-17,1.0015054340062362,1.0008286843607597,2.2089060629782658e-16
2.85,1.0014904212014477,1.000820428664189,6.273773546806889e-17,1.0014904211826325,1.000820428663487,2.0865028180409425e-16
2.855,1.0014755584228237,1.0008122553137284,7.42077800466685e-17,1.0014755584041952,1.0008122553130323,1.156670936631099e-16
2.86,1.0014608441831754,1.0008041634867282,9.290726284612335e-17,1.0014608441647317,1.0008041634860383,2.6067015075695925e-16
2.865,1.0014462769915606,1.0007961523681024,7.778875116055025e-18,1.0014462769733001,1.0007961523674185,2.858443848327721e-16
2.87,1.0014318553721306,1.0007882211509536,5.711996172077325e-17,1.0014318553540515,1.0007882211502757,2.992235597052062e-16
2.875,1.001417577863974,1.0007803690364883,8.922120288684237e-17,1.0014175778460743,1.0007803690358168,1.1688661605087472e-16
2.88,1.0014034430209633,1.0007725952339366,2.0394623249864716e-16,1.0014034430032412,1.0007725952332711,2.1701130228173075e-16
2.8850000000000002,1.0013894494116031,1.00076489896047,1.0719522566500325e-16,1.0013894493940572,1.0007648989598106,2.0104962127540667e-16
2.89,1.00137559561888,1.0007572794411201,1.8011434253944006e-17,1.001375595601508,1.000757279440467,2.9415048614224763e-16
2.895,1.0013618802401125,1.0007497359087016,1.493936276053965e-16,1.001361880222913,1.0007497359080544,2.655287929181828e-16
2.9,1.001348301886805,1.00074226760373,1.3266497426666025e-16,1.0013483018697762,1.0007422676030882,1.4917350603930368e-16
2.9050000000000002,1.0013348591845017,1.0007348737743462,2.565830482116623e-16,1.0013348591676419,1.0007348737737103,6.921155302649951e-17
2.91,1.0013215507726423,1.0007275536762381,1.8339953841580094e-16,1.0013215507559496,1.0007275536756077,9.959974060256124e-17
2.915,1.0013083753044192,1.0007203065725647,1.2963682178960823e-16,1.0013083752878922,1.00072030657194,2.393871735720809e-16
2.92,1.0012953314466366,1.0007131317338802,1.1020807572014333e-16,1.0012953314302737,1.0007131317332612,2.0633324287291987e-16
2.9250000000000003,1.0012824178795714,1.0007060284380598,1.2920414961917346e-16,1.0012824178633708,1.0007060284374463,1.8307232103482868e-16
2.93,1.0012696332968338,1.0006989959702237,3.3211737410961463e-17,1.0012696332807938,1.0006989959696158,3.1686955895695967e-16
2.935,1.0012569764052315,1.0006920336226661,1.3093114560007947e-16,1.0012569763893509,1.000692033622064,2.3818740758324633e-16
2.94,1.0012444459246341,1.0006851406947823,1.7262353979861075e-16,1.001244445908911,1.0006851406941852,2.763711476692102e-16
2.945,1.0012320405878397,1.0006783164929944,3.324406193008974e-17,1.0012320405722726,1.0006783164924034,1.690770212773811e-16
2.95,1.0012197591404417,1.0006715603306842,2.8256142015520773e-16,1.001219759125029,1.000671560330098,2.556466009956474e-16
2.955,1.0012076003406982,1.0006648715281186,6.39408963049878e-17,1.0012076003254384,1.0006648715275377,2.8390105323766984e-16
2.96,1.0011955629594025,1.0006582494123837,4.4268443884558284e-17,1.001195562944294,1.0006582494118084,1.7502981259939886e-16
2.965,1.0011836457797545,1.000651693317314,5.0301909040819033e-17,1.0011836457647958,1.0006516933167435,1.1036361667066593e-16
2.97,1.0011718475972335,1.0006452025834236,1.4633893710649463e-16,1.0011718475824234,1.0006452025828583,2.6508765539585993e-16
2.975,1.0011601672194737,1.0006387765578408,6.06717096592723e-17,1.0011601672048103,1.0006387765572808,2.4551492326800063e-16
2.98,1.001148603466138,1.000632414594239,2.1811235204652027e-17,1.0011486034516204,1.000632414593684,2.2574275548105817e-16
2.985,1.0011371551687973,1.0006261160527727,2.668414269043162e-16,1.0011371551544237,1.0006261160522225,2.3600475127330647e-16
2.99,1.0011258211708067,1.0006198803000097,1.7111648520273375e-16,1.0011258211565754,1.0006198802994644,1.255210133872177e-16
2.995,1.0011146003271865,1.0006137067088687,1.453958521376329e-16,1.0011146003130964,1.0006137067083283,2.5895779602320015e-16
3.0,1.001103491504502,1.0006075946585535,3.619739269385389e-16,1.0011034914905517,1.000607594658018,2.306776804177917e-16
3.005,1.0010924935807468,1.0006015435344904,3.8573828422277834e-16,1.0010924935669347,1.0006015435339595,4.185131144866967e-16
3.0100000000000002,1.0010816054452245,1.0005955527282646,3.117334610714724e-16,1.0010816054315494,1.0005955527277388,2.817811613426263e-16
3.015,1.0010708259984349,1.0005896216375598,4.084923841836735e-16,1.0010708259848955,1.0005896216370385,7.364174476021524e-17
3.02,1.0010601541519584,1.0005837496660936,1.8729103872619096e-16,1.001060154138553,1.0005837496655772,2.5951386918463716e-16
3.025,1.0010495888283437,1.0005779362235603,2.4394185345263374e-16,1.0010495888150714,1.0005779362230482,3.4293731267184896e-16
3.0300000000000002,1.001039128960996,1.000572180725567,3.4712710528953844e-16,1.0010391289478553,1.0005721807250603,2.7594455779044914e-16
3.035,1.0010287734940653,1.0005664825935774,3.277579720028585e-16,1.0010287734810548,1.000566482593075,1.3571577800571677e-16
3.04,1.0010185213823382,1.000560841254849,3.7283650378219267e-16,1.001018521369457,1.0005608412543512,2.216564250320624e-16
3.045,1.0010083715911284,1.0005552561423787,3.478449429141695e-16,1.0010083715783749,1.0005552561418856,1.8187760290311956e-16
3.0500000000000003,1.00099832309617,1.0005497266948418,3.0195648719080515e-16,1.000998323083543,1.000549726694353,2.7301000476814266e-16
3.055,1.0009883748835113,1.0005442523565358,3.0077007437072594e-16,1.0009883748710093,1.0005442523560513,2.327301662777758e-16
3.06,1.000978525949409,1.000538832577324,2.86875744347127e-16,1.000978525937031,1.0005388325768443,1.5855181806453497e-16
3.065,1.0009687753002254,1.0005334668125796,3.414167465641793e-16,1.0009687752879701,1.0005334668121035,3.0946549338243716e-16
3.0700000000000003,1.0009591219523246,1.000528154523129,4.760443599078079e-16,1.0009591219401908,1.0005281545226574,3.6151172182668746e-16
3.075,1.0009495649319713,1.0005228951751985,4.689421105775405e-16,1.0009495649199578,1.0005228951747311,6.1451021900554e-17
3.08,1.0009401032752294,1.0005176882403573,2.6552603547362506e-16,1.0009401032633347,1.0005176882398943,1.5188091247785399e-16
3.085,1.0009307360278628,1.0005125331954676,2.584716400169227e-16,1.0009307360160862,1.0005125331950093,1.4691011239594082e-16
3.09,1.0009214622452365,1.0005074295226282,4.318192727748686e-16,1.0009214622335765,1.0005074295221734,1.0749278670301642e-16
3.095,1.000912280992219,1.0005023767091215,4.963523382480303e-16,1.0009122809806748,1.0005023767086707,2.717154622497807e-16
3.1,1.0009031913430861,1.0004973742473635,5.217125077545955e-16,1.0009031913316562,1.000497374246917,3.0424035012967584e-16
3.105,1.0008941923814243,1.0004924216348505,4.3780654279620345e-16,1.0008941923701076,1.0004924216344084,3.557261030701728e-16
3.11,1.0008852832000368,1.0004875183741098,4.006950207421657e-16,1.0008852831888324,1.0004875183736712,3.219399622981561e-16
3.115,1.0008764629008498,1.0004826639726456,4.517360311879055e-16,1.0008764628897564,1.0004826639722113,2.1517479027956568e-16
3.12,1.00086773059482,1.0004778579428926,4.749072493933479e-16,1.0008677305838365,1.000477857942462,2.0166987696591275e-16
3.125,1.000859085401842,1.0004730998021638,6.174649732845199e-16,1.0008590853909674,1.000473099801737,2.923848893078311e-16
3.13,1.0008505264506589,1.0004683890726032,3.3517872499967034e-16,1.000850526439892,1.0004683890721802,3.5621206423086485e-16
3.1350000000000002,1.0008420528787711,1.0004637252811357,4.745306462018116e-16,1.000842052868111,1.0004637252807167,3.553056982549203e-16
3.14,1.0008336638323485,1.00045910795942,2.8020082989047987e-16,1.000833663821794,1.0004591079590048,3.356973259450932e-16
3.145,1.0008253584661417,1.0004545366438011,3.616182761688004e-16,1.0008253584556916,1.00045453664339,2.639466925629554e-16
3.15,1.0008171359433953,1.0004500108752619,2.874869294720731e-16,1.0008171359330489,1.0004500108748544,2.296150608075027e-16
3.1550000000000002,1.0008089954357615,1.0004455301993775,3.716279680190278e-16,1.0008089954255177,1.0004455301989734,3.538278551383067e-16
3.16,1.0008009361232153,1.0004410941662694,3.8612262913298455e-16,1.000800936113073,1.0004410941658692,2.7295991363909515e-16
3.165,1.0007929571939693,1.0004367023305587,4.429811317957701e-16,1.0007929571839274,1.000436702330162,3.4389781824226316e-16
3.17,1.000785057844391,1.0004323542513218,3.490622789926973e-16,1.0007850578344488,1.0004323542509286,2.2839939042760194e-16
3.1750000000000003,1.0007772372789199,1.000428049492045,4.3500183303937495e-16,1.000777237269076,1.0004280494916553,3.695987841951852e-16
3.18,1.000769494709985,1.0004237876205804,3.040087060717823e-16,1.0007694947002388,1.000423787620194,2.866596857463879e-16
3.185,1.0007618293579248,1.0004195682091017,3.937604699029446e-16,1.0007618293482752,1.0004195682087194,2.8712846877879453e-16
3.19,1.0007542404509064,1.0004153908340618,2.7712102574048516e-16,1.0007542404413523,1.0004153908336828,3.1248185745861035e-16
3.1950000000000003,1.000746727224847,1.000411255076149,3.934423041350391e-16,1.0007467272153874,1.0004112550757736,1.5760876993544797e-16
3.2,1.000739288923334,1.0004071605202434,2.56480934582688e-16,1.0007392889139681,1.0004071605198712,2.0328507742164212e-16
3.205,1.0007319247975492,1.0004031067553771,2.298024363055117e-16,1.0007319247882762,1.0004031067550085,2.147157685957052e-16
3.21,1.0007246341061904,1.000399093374691,3.986419717389652e-16,1.000724634097009,1.0003990933743256,2.5422359626643425e-16
3.215,1.000717416115396,1.0003951199753929,2.9535818688189076e-16,1.0007174161063055,1.0003951199750307,2.662230058776276e-16
3.22,1.0007102700986694,1.0003911861587187,3.539078091276414e-16,1.000710270089669,1.0003911861583599,1.9242534135264594e-16
3.225,1.0007031953368046,1.0003872915298897,2.312289985011089e-16,1.0007031953278933,1.0003872915295344,2.9985613352803067e-16
3.23,1.0006961911178127,1.0003834356980752,3.630809674035242e-16,1.0006961911089896,1.0003834356977228,2.5209493264592494e-16
3.235,1.0006892567368482,1.0003796182763496,1.575426332785593e-16,1.0006892567281125,1.0003796182760003,2.4209646090441017e-16
3.24,1.0006823914961371,1.0003758388816557,4.027984255419941e-16,1.000682391487488,1.0003758388813095,3.233144403178332e-16
3.245,1.000675594704906,1.000372097134765,3.033558831571555e-16,1.0006755946963424,1.0003720971344219,3.547781598524334e-16
3.25,1.0006688656793101,1.0003683926602391,3.138658484923728e-16,1.0006688656708314,1.0003683926598994,4.0956571168629313e-16
3.255,1.000662203742364,1.0003647250863925,3.0800802531720857e-16,1.0006622037339694,1.0003647250860557,3.1801863572750724e-16
3.2600000000000002,1.0006556082238725,1.0003610940452534,2.2795096903558003e-16,1.0006556082155609,1.0003610940449197,3.3460894696717787e-16
3.265,1.0006490784603608,1.0003574991725277,2.385943630658676e-16,1.0006490784521314,1.0003574991721969,4.268475357949215e-16
3.27,1.0006426137950082,1.000353940107562,3.25333442004958e-16,1.0006426137868603,1.000353940107234,2.0511922465464728e-16
3.275,1.0006362135775795,1.0003504164933061,2.165610921473486e-16,1.0006362135695122,1.0003504164929815,2.5042489479097917e-16
3.2800000000000002,1.0006298771643591,1.0003469279762784,4.533262620191865e-16,1.0006298771563717,1.0003469279759565,3.822264664304486e-16
3.285,1.0006236039180856,1.000343474206528,3.217786526554399e-16,1.0006236039101772,1.0003434742062092,2.5453367673625154e-16
3.29,1.0006173932078852,1.0003400548376018,2.986052335035087e-16,1.0006173932000553,1.0003400548372856,3.090666545367334e-16
3.295,1.0006112444092088,1.0003366695265072,3.595604525140133e-16,1.0006112444014563,1.000336669526194,2.794710148835693e-16
3.3000000000000003,1.000605156903767,1.0003333179336786,2.541047586254997e-16,1.0006051568960914,1.0003333179333684,3.4476377770751224e-16
3.305,1.0005991300794677,1.000329999722943,2.729629101157473e-16,1.000599130071868,1.0003299997226351,3.8056889043431057e-16
3.31,1.0005931633303526,1.0003267145614845,1.940623996693264e-17,1.0005931633228284,1.0003267145611796,2.7555234865170934e-16
3.315,1.0005872560565365,1.0003234621198132,1.7542806442230863e-16,1.0005872560490867,1.0003234621195116,3.2174741420954675e-16
3.3200000000000003,1.000581407664145,1.00032024207173,1.1547015665442098e-16,1.000581407656769,1.000320242071431,3.4605050044537635e-16
3.325,1.0005756175652543,1.0003170540942943,1.9623022712198759e-16,1.0005756175579512,1.0003170540939978,2.439236999599564e-16
3.33,1.0005698851778309,1.00031389786779,2.757896320454721e-16,1.0005698851706002,1.0003138978674961,2.6563518575870674e-16
3.335,1.0005642099256729,1.0003107730756948,8.762115116217532e-18,1.0005642099185137,1.000310773075404,2.5462891019985575e-16
3.34,1.0005585912383501,1.000307679404649,6.273589357391822e-17,1.0005585912312618,1.0003076794043606,1.9808622083015442e-16
3.345,1.0005530285511468,1.0003046165444207,2.0665946494465094e-16,1.0005530285441286,1.000304616544135,2.841886675780449e-16
3.35,1.0005475213050032,1.0003015841878768,2.5785511091157634e-17,1.0005475212980546,1.0003015841875937,3.00652330472737e-16
3.355,1.0005420689464597,1.0002985820309513,1.4184565228964614e-16,1.0005420689395799,1.0002985820306711,3.430945540377056e-16
3.36,1.0005366709275991,1.0002956097726152,3.537676961147256e-16,1.0005366709207875,1.0002956097723372,3.0847171643063455e-16
3.365,1.0005313267059914,1.000292667114844,2.7215195934348736e-16,1.000531326699247,1.0002926671145687,2.023737963387976e-16
3.37,1.0005260357446386,1.0002897537625905,3.011751860764568e-16,1.000526035737961,1.0002897537623174,2.030988371909382e-16
3.375,1.0005207975119195,1.000286869423753,3.266439917270295e-16,1.000520797505308,1.0002868694234823,2.789008476912246e-16
3.38,1.0005156114815361,1.0002840138091462,5.111416868285464e-16,1.0005156114749902,1.000284013808878,1.2415145528208733e-16
3.3850000000000002,1.0005104771324596,1.000281186632472,3.009371395748289e-16,1.0005104771259783,1.0002811866322063,3.174970344008071e-16
3.39,1.000505393948877,1.0002783876102908,2.335709324064738e-16,1.00050539394246,1.0002783876100274,4.191161822873571e-16
3.395,1.0005003614201398,1.0002756164619935,5.193003211125575e-16,1.0005003614137862,1.0002756164617321,4.0551056683257876e-16
3.4,1.0004953790407103,1.0002728729097705,2.8510403758503216e-16,1.0004953790344195,1.0002728729095116,3.3225320785848097e-16
3.4050000000000002,1.0004904463101114,1.0002701566785872,2.496614553550609e-16,1.000490446303883,1.000270156678331,3.21417462143647e-16
3.41,1.0004855627328755,1.0002674674961545,2.805152574281573e-16,1.0004855627267089,1.0002674674959007,3.2481583758263745e-16
3.415,1.0004807278184933,1.0002648050929006,3.4255091965248443e-16,1.0004807278123877,1.0002648050926488,3.1132846597087784e-16
3.42,1.0004759410813648,1.000262169201945,4.1974600194729037e-16,1.0004759410753197,1.0002621692016955,2.638818199709145e-16
3.4250000000000003,1.0004712020407494,1.0002595595590704,4.708422478982733e-16,1.0004712020347641,1.0002595595588228,4.1788907732384824e-16
3.43,1.000466510220717,1.0002569759026978,3.547754514380682e-16,1.000466510214791,1.0002569759024529,3.928522669882495e-16
3.435,1.0004618651501,1.0002544179738582,4.2525118406334185e-16,1.0004618651442325,1.0002544179736155,3.5662760542399383e-16
3.44,1.0004572663624447,1.000251885516168,4.1594364487003654e-16,1.0004572663566351,1.0002518855159277,3.9568325884067784e-16
3.4450000000000003,1.0004527133959642,1.0002493782758015,3.1793693938217366e-16,1.0004527133902124,1.0002493782755633,3.043681062138029e-16
3.45,1.000448205793492,1.0002468960014672,4.743952453255864e-16,1.000448205787797,1.0002468960012314,3.485090572761995e-16
3.455,1.000443743102435,1.0002444384443805,3.2114428387540097e-16,1.0004437430967963,1.000244438444147,2.9363695304658464e-16
3.46,1.0004393248747268,1.0002420053582401,3.9590406729703195e-16,1.000439324869144,1.0002420053580083,3.140344532087035e-16
3.465,1.0004349506667838,1.0002395964992026,4.0976516410180054e-16,1.0004349506612564,1.0002395964989728,5.007721088239481e-16
3.47,1.000430620039459,1.0002372116258575,4.0055526808016495e-16,1.0004306200339863,1.00023721162563,3.439648085346692e-16
3.475,1.0004263325579976,1.0002348504992036,3.1255716986932915e-16,1.000426332552579,1.0002348504989782,3.901887997262209e-16
3.48,1.0004220877919927,1.0002325128826244,2.6540721507001877e-16,1.000422087786628,1.000232512882401,4.1886830764789924e-16
3.485,1.0004178853153423,1.0002301985418645,3.54957458717578e-16,1.0004178853100307,1.0002301985416433,2.393251021204318e-16
3.49,1.0004137247062048,1.0002279072450058,4.0512442659308774e-16,1.0004137247009457,1.0002279072447864,1.1796806538220784e-16
3.495,1.0004096055469578,1.0002256387624435,3.8433197532180246e-16,1.0004096055417508,1.0002256387622264,2.911395897806726e-16
3.5,1.0004055274241541,1.0002233928668651,4.2060931464220516e-16,1.0004055274189987,1.0002233928666495,3.545216853678989e-16
3.505,1.000401489928481,1.0002211693332248,5.624393635343713e-16,1.0004014899233766,1.0002211693330114,2.4694040918568743e-16
3.5100000000000002,1.0003974926547177,1.000218967938722,4.611624643914259e-16,1.0003974926496637,1.0002189679385103,2.815279004503643e-16
3.515,1.000393535201695,1.0002167884627793,4.540882050418115e-16,1.000393535196691,1.00021678846257,2.7013165544585177e-16
3.52,1.0003896171722546,1.00021463068702,4.633741522592669e-16,1.0003896171673001,1.0002146306868123,3.41701153059187e-16
3.525,1.000385738173208,1.0002124943952453,4.362369314852391e-16,1.0003857381683026,1.0002124943950395,2.261267268049075e-16
3.5300000000000002,1.0003818978152974,1.0002103793734134,3.2533621742393775e-16,1.0003818978104406,1.0002103793732096,2.658386640537561e-16
3.535,1.0003780957131563,1.000208285409618,4.521563880081001e-16,1.0003780957083475,1.0002082854094159,3.907216450127575e-16
3.54,1.0003743314852698,1.0002062122940658,3.2295123390918323e-16,1.0003743314805087,1.0002062122938657,3.0119403359621904e-16
3.545,1.0003706047539362,1.0002041598190572,4.627341969610369e-16,1.0003706047492225,1.000204159818859,1.4743978057818207e-16
3.5500000000000003,1.0003669151452292,1.0002021277789634,4.2809195042567626e-16,1.000366915140562,1.0002021277787667,2.8174145386263455e-16
3.555,1.000363262288959,1.0002001159702072,2.594524076026047e-16,1.0003632622843381,1.0002001159700125,3.0767054747712464e-16
3.56,1.0003596458186361,1.0001981241912414,4.876578755349485e-16,1.0003596458140607,1.0001981241910483,5.253176094440914e-16
3.565,1.0003560653714327,1.0001961522425298,3.340183135446738e-16,1.0003560653669026,1.0001961522423384,3.1268245478520105e-16
3.5700000000000003,1.000352520588147,1.0001941999265256,3.6670047619061005e-16,1.0003525205836619,1.0001941999263362,2.8483375288742645e-16
3.575,1.0003490111131663,1.0001922670476526,4.412178894303591e-16,1.0003490111087254,1.0001922670474643,2.662551597484295e-16
3.58,1.0003455365944318,1.0001903534122845,3.4265333159021125e-16,1.000345536590035,1.0001903534120984,2.9363261593458e-16
3.585,1.0003420966834018,1.0001884588287273,4.482807181379443e-16,1.0003420966790484,1.0001884588285423,5.051186671278208e-16
3.59,1.000338691035017,1.0001865831071974,5.243818811298988e-16,1.0003386910307066,1.0001865831070142,4.1504485657739423e-16
3.595,1.0003353193076654,1.0001847260598042,2.9694645343432076e-16,1.000335319303398,1.000184726059623,2.8070590372067398e-16
3.6,1.0003319811631484,1.0001828875005316,4.2046044881245683e-16,1.0003319811589229,1.0001828875003522,2.5685162189010647e-16
3.605,1.0003286762666452,1.0001810672452178,5.378095877057766e-16,1.0003286762624617,1.0001810672450395,4.378089724039634e-16
3.61,1.0003254042866805,1.000179265111537,3.9502092468133844e-16,1.0003254042825382,1.0001792651113608,3.8966990653760404e-16
3.615,1.0003221648950895,1.0001774809189823,2.8769790635847025e-16,1.0003221648909884,1.0001774809188078,2.639551281727241e-16
3.62,1.0003189577669858,1.0001757144888466,3.7086300299662854e-16,1.0003189577629252,1.0001757144886736,3.2705694828205603e-16
3.625,1.0003157825807278,1.0001739656442044,4.498098462673168e-16,1.0003157825767075,1.0001739656440325,4.515892558327333e-16
3.63,1.000312639017887,1.0001722342098942,4.225478421499632e-16,1.0003126390139063,1.000172234209724,5.490988738513686e-16
3.6350000000000002,1.0003095267632145,1.0001705200125013,2.754058212497183e-16,1.0003095267592732,1.0001705200123328,4.059913240444736e-16
3.64,1.0003064455046105,1.0001688228803407,4.3353477520656943e-16,1.000306445500708,1.0001688228801735,3.9862574453868436e-16
3.645,1.0003033949330917,1.000167142643437,2.647215073702308e-16,1.000303394929228,1.000167142643272,4.05923825623987e-16
3.65,1.0003003747427608,1.000165479133513,3.942016925792159e-16,1.0003003747389352,1.0001654791333492,2.518659075840802e-16
3.6550000000000002,1.000297384630775,1.0001638321839659,4.249475757180109e-16,1.0002973846269871,1.0001638321838033,2.9586462625896357e-16
3.66,1.0002944242973157,1.0001622016298555,4.546774557599768e-16,1.0002944242935654,1.0001622016296943,3.4087935924603677e-16
3.665,1.0002914934455582,1.0001605873078856,3.6075945203357324e-16,1.000291493441845,1.000160587307726,3.9590781815002706e-16
3.67,1.0002885917816418,1.0001589890563884,4.0945852276863536e-16,1.0002885917779654,1.0001589890562306,3.753459729451059e-16
3.6750000000000003,1.0002857190146395,1.0001574067153074,3.450808743054363e-16,1.0002857190109995,1.0001574067151504,4.617538519415199e-16
3.68,1.0002828748565293,1.0001558401261812,3.576186306684057e-16,1.0002828748529253,1.0001558401260264,3.8702257853432637e-16
3.685,1.000280059022165,1.0001542891321296,4.560749857659076e-16,1.0002800590185967,1.0001542891319757,3.105967147506173e-16
3.69,1.000277271229247,1.0001527535778347,2.6956947208313726e-16,1.000277271225714,1.0001527535776826,4.537170874042337e-16
3.6950000000000003,1.0002745111982938,1.0001512333095282,4.151926107666155e-16,1.0002745111947957,1.000151233309377,4.821597513031975e-16
3.7,1.0002717786526145,1.0001497281749732,4.301337400157642e-16,1.000271778649151,1.0001497281748235,3.756145005696988e-16
3.705,1.00026907331828,1.0001482380234512,4.533807701281602e-16,1.000269073314851,1.000148238023303,4.798256646022269e-16
3.71,1.0002663949240957,1.0001467627057465,3.8609459438056506e-16,1.0002663949207007,1.0001467627055998,3.794904991351967e-16
3.715,1.0002637432015744,1.0001453020741298,2.862405064747797e-16,1.0002637431982129,1.0001453020739843,3.832460110625584e-16
3.72,1.0002611178849083,1.0001438559823443,3.116577676743247e-16,1.0002611178815801,1.0001438559822002,3.422416924978675e-16
3.725,1.0002585187109434,1.0001424242855923,4.297555539442475e-16,1.0002585187076483,1.000142424285449,6.45068767053884e-16
3.73,1.000255945419152,1.0001410068405177,4.320570233579054e-16,1.0002559454158895,1.0001410068403762,3.9912953404275464e-16
3.735,1.0002533977516064,1.0001396035051942,2.2633475922758704e-16,1.000253397748376,1.000139603505054,2.6189424498724094e-16
3.74,1.0002508754529535,1.0001382141391097,3.53080057806246e-16,1.0002508754497552,1.000138214138971,2.9040426013462253e-16
3.745,1.0002483782703888,1.0001368386031526,2.8844862032669815e-16,1.0002483782672222,1.0001368386030147,5.52404044628141e-16
3.75,1.0002459059536306,1.0001354767595985,4.750116960314907e-16,1.0002459059504953,1.0001354767594621,5.166018312089199e-16
3.755,1.000243458254895,1.0001341284720942,4.0480821441732963e-16,1.0002434582517907,1.0001341284719591,2.671525956481203e-16
3.7600000000000002,1.0002410349288704,1.0001327936056463,2.978075550995959e-16,1.0002410349257969,1.0001327936055124,4.345815014028916e-16
3.765,1.0002386357326938,1.000131472026607,3.5228675280840457e-16,1.0002386357296507,1.0001314720264745,5.729767462260431e-16
3.77,1.0002362604259254,1.0001301636026603,3.535387453640508e-16,1.0002362604229125,1.0001301636025288,5.034243263093045e-16
3.775,1.0002339087705248,1.000128868202808,4.663248449177842e-16,1.0002339087675418,1.0001288682026779,3.7055669714821325e-16
3.7800000000000002,1.0002315805308264,1.0001275856973584,4.145085858407306e-16,1.0002315805278728,1.000127585697229,4.677092278084372e-16
3.785,1.0002292754735165,1.0001263159579108,3.4496793227094456e-16,1.0002292754705921,1.000126315957783,5.44965159052579e-16
3.79,1.0002269933676091,1.000125058857347,4.0906331907753227e-16,1.0002269933647137,1.0001250588572201,4.313800821405806e-16
3.795,1.0002247339844228,1.0001238142698121,4.690508197424292e-16,1.000224733981556,1.0001238142696862,4.506302190479667e-16
3.8000000000000003,1.000222497097558,1.0001225820707071,2.3868570933592626e-16,1.0002224970947193,1.000122582070583,3.3804180054195764e-16
3.805,1.0002202824828736,1.0001213621366754,5.067847186438229e-16,1.0002202824800632,1.0001213621365521,4.953558646500257e-16
3.81,1.000218089918465,1.0001201543455875,5.165700022880742e-16,1.0002180899156823,1.0001201543454652,5.353999650241911e-16
3.815,1.000215919184641,1.0001189585765322,3.6841980240453557e-16,1.0002159191818858,1.000118958576411,3.6839353190438192e-16
3.8200000000000003,1.0002137700639022,1.0001177747098031,4.31270550425387e-16,1.0002137700611744,1.000117774709683,5.029098276077595e-16
3.825,1.0002116423409193,1.0001166026268864,3.3226010074911517e-16,1.0002116423382184,1.0001166026267676,3.394753069561573e-16
3.83,1.0002095358025105,1.0001154422104492,3.7822303946723293e-16,1.0002095357998362,1.0001154422103316,3.388497530717998e-16
3.835,1.0002074502376206,1.0001142933443277,4.4306183368332775e-16,1.0002074502349727,1.000114293344211,4.525663393093301e-16
3.84,1.0002053854372999,1.0001131559135152,3.94945409376592e-16,1.0002053854346784,1.0001131559134,3.7517950231441116e-16
3.845,1.000203341194683,1.0001120298041515,5.069289058215963e-16,1.0002033411920872,1.000112029804037,4.650547018641999e-16
3.85,1.0002013173049675,1.0001109149035106,4.638727640509477e-16,1.0002013173023976,1.0001109149033969,3.637961724592423e-16
3.855,1.0001993135653944,1.0001098110999893,4.654832502550684e-16,1.00019931356285,1.0001098110998772,3.887116888495025e-16
3.86,1.0001973297752265,1.0001087182830972,5.192472976163506e-16,1.0001973297727074,1.000108718282986,2.8995112150889054e-16
3.865,1.0001953657357288,1.0001076363434438,4.257144418869033e-16,1.0001953657332345,1.0001076363433334,4.100099964505645e-16
3.87,1.0001934212501487,1.000106565172729,4.712888236981475e-16,1.000193421247679,1.0001065651726195,5.135830051627296e-16
3.875,1.0001914961236953,1.0001055046637315,4.591457305372774e-16,1.0001914961212501,1.0001055046636234,4.574258782357001e-16
3.88,1.000189590163521,1.0001044547102982,3.493133285168951e-16,1.0001895901611002,1.000104454710191,6.170878880364847e-16
3.8850000000000002,1.0001877031787012,1.0001034152073343,5.463979962613121e-16,1.0001877031763042,1.0001034152072277,4.653415321429753e-16
3.89,1.0001858349802153,1.0001023860507903,4.037417312759578e-16,1.0001858349778419,1.0001023860506848,4.91478794610455e-16
3.895,1.0001839853809276,1.0001013671376553,5.522450053282896e-16,1.0001839853785779,1.0001013671375507,6.163551225088855e-16
3.9,1.0001821541955689,1.000100358365943,4.861734643097794e-16,1.0001821541932423,1.0001003583658397,4.432866317861292e-16
3.9050000000000002,1.000180341240717,1.0000993596346843,5.405537346184673e-16,1.0001803412384134,1.0000993596345817,3.627224847397078e-16
3.91,1.0001785463347794,1.0000983708439148,3.944002290898681e-16,1.0001785463324984,1.0000983708438134,7.295453515116414e-16
3.915,1.0001767692979737,1.0000973918946674,5.475357492875354e-16,1.0001767692957153,1.000097391894567,6.262394984585583e-16
3.92,1.0001750099523106,1.00009642268896,5.67221579111085e-16,1.0001750099500748,1.00009642268886,4.185121070937294e-16
3.9250000000000003,1.0001732681215754,1.0000954631297858,3.842223783225165e-16,1.0001732681193616,1.000095463129687,7.228635221624481e-16
3.93,1.0001715436313106,1.000094513121106,5.082430074276065e-16,1.0001715436291185,1.0000945131210082,5.538464094144743e-16
3.935,1.0001698363087979,1.0000935725678377,3.392182552999099e-16,1.0001698363066278,1.0000935725677405,5.491521548809292e-16
3.94,1.0001681459830414,1.0000926413758446,4.1765003435258603e-16,1.0001681459808927,1.0000926413757487,4.972465803938728e-16
3.9450000000000003,1.0001664724847497,1.0000917194519294,4.498972489044224e-16,1.0001664724826222,1.000091719451834,7.134624022133467e-16
3.95,1.0001648156463196,1.000090806703822,6.200818543720924e-16,1.0001648156442133,1.0000908067037277,5.698038751792853e-16
3.955,1.000163175301819,1.000089903040172,4.205072010514624e-16,1.0001631752997335,1.0000899030400787,7.055687172063738e-16
3.96,1.0001615512869695,1.0000890083705385,3.6091924068167896e-16,1.0001615512849045,1.0000890083704461,7.57787040996845e-16
3.9650000000000003,1.000159943439131,1.0000881226053824,6.206249435004166e-16,1.0001599434370865,1.0000881226052905,6.51717610213178e-16
3.97,1.0001583515972847,1.0000872456560552,5.005806448363833e-16,1.0001583515952606,1.000087245655964,6.507528130548656e-16
3.975,1.000156775602017,1.000086377434792,5.788941564436499e-16,1.0001567756000127,1.000086377434702,6.222690611680485e-16
3.98,1.0001552152955036,1.0000855178547023,5.4849718983073535e-16,1.0001552152935191,1.0000855178546129,6.264833194407495e-16
3.985,1.000153670521493,1.0000846668297607,5.026121323302411e-16,1.0001536705195284,1.0000846668296723,5.791531538735185e-16
3.99,1.0001521411252923,1.0000838242747994,3.7776582291518014e-16,1.000152141123347,1.0000838242747119,6.590031335232646e-16
3.995,1.0001506269537497,1.0000829901054977,4.700537342611982e-16,1.0001506269518234,1.0000829901054107,7.158610009899132e-16
4.0,1.0001491278552403,1.0000821642383753,3.1131801853553456e-16,1.0001491278533332,1.0000821642382896,5.87239410564925e-16
4.005,1.000147643679651,1.000081346590784,3.4824116014072234e-16,1.0001476436777628,1.0000813465906988,5.47437618924413e-16
4.01,1.0001461742783646,1.0000805370808978,5.392922220229285e-16,1.000146174276495,1.0000805370808132,7.523825980976172e-16
4.015,1.0001447195042454,1.000079735627706,5.751648041858622e-16,1.0001447195023943,1.000079735627622,6.948172396381989e-16
4.0200000000000005,1.0001432792116243,1.0000789421510048,5.446974619326523e-16,1.0001432792097913,1.000078942150922,4.800453309608794e-16
4.025,1.000141853256284,1.0000781565713892,4.1541564004280177e-16,1.0001418532544692,1.0000781565713068,4.445894486011576e-16
4.03,1.000140441495445,1.000077378810245,3.374503248481581e-16,1.000140441493648,1.0000773788101638,4.730691575326251e-16
4.035,1.0001390437877502,1.0000766087897415,5.213422298177355e-16,1.000139043785971,1.0000766087896609,5.331488286243564e-16
4.04,1.000137659993252,1.0000758464328219,4.244735755045347e-16,1.0001376599914906,1.0000758464327417,5.412915365380206e-16
4.045,1.0001362899733979,1.0000750916631977,4.056534613540796e-16,1.0001362899716537,1.0000750916631187,7.807793630780351e-16
4.05,1.0001349335910152,1.0000743444053406,4.1774761621630816e-16,1.0001349335892882,1.0000743444052622,6.709808553130113e-16
4.055,1.0001335907102993,1.0000736045844734,3.159854339908688e-16,1.0001335907085893,1.0000736045843956,6.080053118374548e-16
4.0600000000000005,1.0001322611967984,1.0000728721265646,5.222677226127871e-16,1.0001322611951053,1.0000728721264869,8.398355627981096e-16
4.065,1.0001309449174012,1.0000721469583187,6.258493216023824e-16,1.0001309449157247,1.000072146958242,4.910157530135765e-16
4.07,1.0001296417403225,1.0000714290071715,4.976155198010601e-16,1.0001296417386627,1.0000714290070958,6.502646696360117e-16
4.075,1.0001283515350907,1.000070718201281,4.562022481881241e-16,1.0001283515334474,1.0000707182012059,5.984627167050898e-16
4.08,1.0001270741725345,1.00007001446952,5.316033050960625e-16,1.0001270741709074,1.0000700144694459,5.201838506779566e-16
4.085,1.0001258095247696,1.000069317741471,3.1367212219621375e-16,1.0001258095231587,1.0000693177413973,5.733773439052325e-16
4.09,1.0001245574651862,1.000068627947416,3.6358959198956364e-16,1.000124557463591,1.000068627947343,7.907344376632249e-16
4.095,1.0001233178684363,1.000067945018333,2.0720933574548782e-16,1.000123317866857,1.0000679450182608,5.792587877360728e-16
4.1,1.0001220906104207,1.0000672688858863,3.5835241587764035e-16,1.000122090608857,1.0000672688858145,6.238677511364748e-16
4.105,1.0001208755682771,1.0000665994824205,5.823049695234379e-16,1.0001208755667288,1.0000665994823494,6.483745371853366e-16
4.11,1.0001196726203674,1.0000659367409548,3.3421935367798706e-16,1.0001196726188344,1.0000659367408842,6.512229983179136e-16
4.115,1.0001184816462656,1.0000652805951749,3.9476520694347656e-16,1.0001184816447477,1.000065280595105,7.443101193534085e-16
4.12,1.0001173025267456,1.0000646309794268,3.291483475165546e-16,1.0001173025252426,1.0000646309793575,4.931675036062099e-16
4.125,1.000116135143769,1.0000639878287103,2.8985992717498832e-16,1.000116135142281,1.000063987828642,5.867742286757162e-16
4.13,1.0001149793804744,1.0000633510786732,3.900623844710087e-16,1.000114979379001,1.0000633510786048,6.823234472815675e-16
4.135,1.000113835121164,1.0000627206656025,3.9920861885651277e-16,1.000113835119705,1.0000627206655353,5.754738500377679e-16
4.14,1.000112702251293,1.0000620965264215,4.2369045304846176e-16,1.0001127022498484,1.0000620965263547,7.234399628782432e-16
4.1450000000000005,1.000111580657458,1.00006147859868,3.050294288810629e-16,1.0001115806560277,1.0000614785986142,7.488858472133111e-16
4.15,1.0001104702273855,1.0000608668205508,3.2544004052579065e-16,1.0001104702259693,1.0000608668204856,5.547614289506335e-16
4.155,1.0001093708499205,1.0000602611308218,2.921392193767882e-16,1.0001093708485185,1.000060261130757,7.416944997316558e-16
4.16,1.0001082824150156,1.0000596614688904,3.8434279547203606e-16,1.0001082824136274,1.000059661468826,7.737197736118882e-16
4.165,1.0001072048137198,1.0000590677747576,4.566312927048436e-16,1.0001072048123454,1.000059067774694,6.037281795283193e-16
4.17,1.0001061379381675,1.0000584799890218,4.396065814518964e-16,1.0001061379368066,1.0000584799889585,6.456675974837745e-16
4.175,1.0001050816815678,1.0000578980528725,3.348326157789527e-16,1.0001050816802206,1.0000578980528099,7.565404762260599e-16
4.18,1.0001040359381939,1.0000573219080857,3.302656205813134e-16,1.0001040359368598,1.0000573219080235,7.627185008936617e-16
4.1850000000000005,1.000103000603372,1.0000567514970162,4.587574244204648e-16,1.000103000602051,1.0000567514969547,6.546536183033371e-16
4.19,1.0001019755734712,1.0000561867625932,2.7698632014317694e-16,1.0001019755721634,1.0000561867625324,5.956768543932209e-16
4.195,1.0001009607458933,1.0000556276483141,3.2191657968162056e-16,1.0001009607445983,1.000055627648254,7.187064320521469e-16
4.2,1.0000999560190618,1.0000550740982388,2.934559025360057e-16,1.0000999560177795,1.000055074098179,7.050469887281993e-16
4.205,1.0000989612924123,1.0000545260569844,3.5066549805389933e-16,1.0000989612911426,1.000054526056925,7.442746670868408e-16
4.21,1.0000979764663822,1.000053983469719,4.368198973819949e-16,1.0000979764651254,1.00005398346966,8.305676250932693e-16
4.215,1.000097001442401,1.000053446282157,2.946574470598634e-16,1.0000970014411565,1.000053446282099,8.268085747998185e-16
4.22,1.00009603612288,1.0000529144405534,3.576235042457523e-16,1.0000960361216478,1.000052914440496,7.842698090347434e-16
4.225,1.000095080411202,1.0000523878916983,4.1563507285382003e-16,1.0000950804099822,1.0000523878916412,8.316704264984707e-16
4.23,1.0000941342117136,1.0000518665829115,5.312400582153236e-16,1.0000941342105056,1.0000518665828546,6.416666072016391e-16
4.235,1.000093197429713,1.0000513504620363,4.826864925012618e-16,1.000093197428517,1.0000513504619806,7.445375352219901e-16
4.24,1.000092269971442,1.000050839477437,3.0003159713007623e-16,1.0000922699702581,1.0000508394773815,7.285649585390054e-16
4.245,1.0000913517440773,1.000050333577991,3.0208291062634904e-16,1.0000913517429049,1.000050333577936,6.566022898991052e-16
4.25,1.000090442655719,1.0000498327130851,4.680668078316107e-16,1.000090442654558,1.0000498327130307,8.105978045940386e-16
4.255,1.000089542615383,1.0000493368326093,3.2790466095394165e-16,1.0000895426142338,1.0000493368325558,6.340029037183925e-16
4.26,1.000088651532992,1.0000488458869536,3.4628025013275098e-16,1.0000886515318541,1.0000488458869004,7.165518348785678e-16
4.265,1.0000877693193655,1.0000483598270011,3.935218794633294e-16,1.0000877693182388,1.0000483598269485,7.130415289622764e-16
4.2700000000000005,1.000086895886211,1.0000478786041245,4.508132345329287e-16,1.0000868958850955,1.0000478786040718,8.326842433185733e-16
4.275,1.0000860311461162,1.0000474021701795,4.792975533509163e-16,1.0000860311450115,1.0000474021701273,7.531051182866113e-16
4.28,1.0000851750125388,1.0000469304775021,4.1041032576634917e-16,1.000085175011445,1.0000469304774506,7.708976160448648e-16
4.285,1.0000843273997988,1.000046463478903,5.176481544404592e-16,1.0000843273987157,1.0000464634788522,7.224638345299729e-16
4.29,1.0000834882230696,1.000046001127662,4.842008908341718e-16,1.000083488221997,1.0000460011276118,6.099902373410096e-16
4.295,1.0000826573983694,1.0000455433775246,5.303293064438934e-16,1.0000826573973076,1.0000455433774746,7.596122590053962e-16
4.3,1.0000818348425529,1.0000450901826963,4.012437182548412e-16,1.0000818348415015,1.000045090182647,8.187864672243119e-16
4.305,1.0000810204733028,1.0000446414978386,3.739967046616823e-16,1.0000810204722619,1.00004464149779,5.292771934440945e-16
4.3100000000000005,1.000080214209122,1.0000441972780654,5.04925609787117e-16,1.0000802142080916,1.0000441972780165,7.077416846780313e-16
4.315,1.000079415969325,1.0000437574789354,4.0092964075815593e-16,1.0000794159683046,1.0000437574788874,7.230094800910505e-16
4.32,1.0000786256740295,1.0000433220564515,4.3408918484721886e-16,1.0000786256730192,1.0000433220564038,7.568853325614208e-16
4.325,1.0000778432441493,1.0000428909670542,5.729123172322047e-16,1.0000778432431492,1.0000428909670067,9.131253723799387e-16
4.33,1.0000770686013856,1.0000424641676173,4.921873622234341e-16,1.0000770686003955,1.0000424641675705,7.297999515083361e-16
4.335,1.0000763016682195,1.0000420416154439,2.6760595271942744e-16,1.0000763016672392,1.0000420416153977,6.609291708492453e-16
4.34,1.0000755423679042,1.0000416232682627,5.819240093334564e-16,1.0000755423669336,1.0000416232682166,9.600411201602584e-16
4.345,1.000074790624457,1.0000412090842226,5.567630273306352e-16,1.000074790623496,1.000041209084177,8.159779776447593e-16
4.3500000000000005,1.0000740463626518,1.0000407990218896,5.634222473808803e-16,1.0000740463617004,1.0000407990218445,6.151794569911632e-16
4.355,1.0000733095080125,1.0000403930402417,4.015784562351185e-16,1.0000733095070704,1.0000403930401973,7.026254310685983e-16
4.36,1.0000725799868038,1.000039991098666,3.3557878217917815e-16,1.0000725799858712,1.0000399910986215,9.733481699547486e-16
4.365,1.000071857726025,1.0000395931569535,7.052477168601066e-16,1.0000718577251018,1.0000395931569095,9.702643740707855e-16
4.37,1.0000711426534028,1.0000391991752946,5.373394075760463e-16,1.0000711426524886,1.0000391991752513,5.745731029342823e-16
4.375,1.0000704346973832,1.0000388091142778,4.443340628455358e-16,1.000070434696478,1.0000388091142345,9.58154609815668e-16
4.38,1.0000697337871247,1.0000384229348822,5.52548911934317e-16,1.0000697337862283,1.0000384229348396,9.741671618063125e-16
4.385,1.0000690398524916,1.000038040598477,5.637735404351825e-16,1.0000690398516041,1.0000380405984348,6.461872858452319e-16
4.39,1.0000683528240466,1.000037662066814,4.008008625628648e-16,1.000068352823168,1.0000376620667724,8.618648123694693e-16
4.3950000000000005,1.0000676726330437,1.000037287302028,4.791432674913045e-16,1.0000676726321736,1.0000372873019867,7.851336358900764e-16
4.4,1.0000669992114215,1.000036916266629,4.1531420158805364e-16,1.0000669992105602,1.000036916266588,8.783638283367192e-16
4.405,1.0000663324917967,1.0000365489235006,4.3719834033043607e-16,1.0000663324909436,1.00003654892346,6.578545038838098e-16
4.41,1.0000656724074566,1.000036185235896,4.920667190622583e-16,1.000065672406612,1.0000361852358557,9.695708376383174e-16
4.415,1.000065018892353,1.0000358251674346,5.9181830595831e-16,1.0000650188915168,1.0000358251673949,7.472028811362564e-16
4.42,1.0000643718810953,1.0000354686820976,7.564860108596765e-16,1.0000643718802673,1.000035468682058,7.782849130376895e-16
4.425,1.0000637313089444,1.000035115744224,5.022954432259889e-16,1.0000637313081246,1.0000351157441851,7.962154670296234e-16
4.43,1.0000630971118054,1.0000347663185096,4.866828524419883e-16,1.0000630971109936,1.0000347663184705,9.781763919033227e-16
4.4350000000000005,1.000062469226222,1.0000344203699998,6.484924044892327e-16,1.0000624692254185,1.0000344203699612,9.172903061142624e-16
4.44,1.0000618475893697,1.0000340778640886,4.960269315960182e-16,1.000061847588574,1.0000340778640504,7.763047943402048e-16
4.445,1.0000612321390494,1.0000337387665152,6.354127088084618e-16,1.0000612321382616,1.0000337387664775,1.0035033543759404e-15
4.45,1.0000606228136815,1.0000334030433586,5.533196035671264e-16,1.0000606228129012,1.0000334030433211,9.674662578196226e-16
4.455,1.0000600195522993,1.0000330706610365,5.524201543723263e-16,1.000060019551527,1.0000330706609992,9.977665289349682e-16
4.46,1.0000594222945438,1.0000327415863004,6.207953369504996e-16,1.0000594222937789,1.0000327415862635,9.73123899985888e-16
4.465,1.0000588309806564,1.0000324157862321,5.642200103863635e-16,1.000058830979899,1.0000324157861953,9.3487268012506e-16
4.47,1.0000582455514737,1.000032093228243,6.313968476185821e-16,1.0000582455507239,1.0000320932282067,8.166023032586581e-16
4.4750000000000005,1.0000576659484215,1.0000317738800664,4.2622165798550415e-16,1.000057665947679,1.0000317738800308,8.570400459164354e-16
4.48,1.0000570921135088,1.0000314577097587,4.526152414609043e-16,1.0000570921127738,1.0000314577097233,1.0496995542489979e-15
4.485,1.000056523989322,1.000031144685694,5.347142781357808e-16,1.0000565239885943,1.0000311446856587,1.0685237461033892e-15
4.49,1.0000559615190192,1.00003083477656,7.294582133479965e-16,1.0000559615182987,1.0000308347765254,8.271721458930815e-16
4.495,1.0000554046463244,1.000030527951357,4.3011874021824183e-16,1.000055404645611,1.0000305279513229,8.563648354028568e-16
4.5,1.0000548533155218,1.0000302241793946,4.415776969527372e-16,1.0000548533148155,1.0000302241793604,1.04514098756537e-15
4.505,1.0000543074714507,1.000029923430286,5.027509532026803e-16,1.0000543074707513,1.0000299234302525,1.008882608381004e-15
4.51,1.0000537670594993,1.000029625673949,4.752809494079359e-16,1.000053767058807,1.0000296256739152,1.0273808576329027e-15
4.515,1.0000532320255997,1.000029330880598,3.426228856978551e-16,1.0000532320249143,1.0000293308805652,8.522564386476641e-16
4.5200000000000005,1.0000527023162225,1.0000290390207476,5.529377456666784e-16,1.0000527023155437,1.0000290390207143,1.0551325141199034e-15
4.525,1.0000521778783706,1.0000287500652025,5.054460847541357e-16,1.0000521778776985,1.00002875006517,8.806965702683507e-16
4.53,1.0000516586595756,1.00002846398506,6.445225896374775e-16,1.00005165865891,1.0000284639850276,9.651585695964988e-16
4.535,1.0000511446078904,1.0000281807517042,4.97499621351462e-16,1.0000511446072313,1.0000281807516722,1.137096436248919e-15
4.54,1.000050635671886,1.0000279003368047,4.866307351874052e-16,1.0000506356712335,1.000027900336773,1.0253495972730822e-15
4.545,1.0000501318006447,1.0000276227123122,6.064985296237797e-16,1.0000501317999988,1.0000276227122806,1.0530120921525976e-15
4.55,1.0000496329437565,1.0000273478504575,4.553766038233082e-16,1.0000496329431168,1.0000273478504262,9.866921665747855e-16
4.555,1.0000491390513127,1.000027075723747,4.947056127527891e-16,1.0000491390506794,1.0000270757237164,9.722780902017106e-16
4.5600000000000005,1.0000486500739016,1.0000268063049618,6.144691248142093e-16,1.0000486500732744,1.0000268063049311,1.1708790025999197e-15
4.565,1.0000481659626037,1.0000265395671524,5.949530196047188e-16,1.0000481659619826,1.000026539567122,1.0910831265146023e-15
4.57,1.0000476866689862,1.0000262754836389,6.113617651970347e-16,1.0000476866683714,1.0000262754836091,9.33240596668843e-16
4.575,1.0000472121450987,1.0000260140280068,6.300621302046345e-16,1.00004721214449,1.0000260140279769,1.1335929281934754e-15
4.58,1.0000467423434682,1.0000257551741034,6.091674311420782e-16,1.0000467423428658,1.0000257551740734,1.2027061796552193e-15
4.585,1.0000462772170944,1.000025498896037,5.70409477024956e-16,1.0000462772164977,1.0000254988960078,1.0661443316040461e-15
4.59,1.0000458167194446,1.0000252451681746,4.3261199813145745e-16,1.000045816718854,1.0000252451681455,9.865001639214675e-16
4.595,1.0000453608044497,1.0000249939651367,5.854822992934433e-16,1.000045360803865,1.0000249939651078,9.623417016149486e-16
4.6000000000000005,1.0000449094264992,1.0000247452617972,6.401559854864281e-16,1.00004490942592,1.0000247452617688,1.0274091307638566e-15
4.605,1.0000444625404363,1.0000244990332803,5.974537187161181e-16,1.000044462539863,1.0000244990332519,1.1943378224516905e-15
4.61,1.0000440201015544,1.0000242552549568,5.217723523158107e-16,1.0000440201009866,1.000024255254929,1.0713959478234672e-15
4.615,1.0000435820655913,1.0000240139024443,5.294475336035638e-16,1.000043582065029,1.0000240139024166,1.0449021170059057e-15
4.62,1.0000431483887258,1.0000237749516014,5.288054798477379e-16,1.0000431483881693,1.000023774951574,1.0704591229799079e-15
4.625,1.0000427190275731,1.0000235383785276,5.584295821060885e-16,1.0000427190270222,1.0000235383785006,1.2365839152897294e-15
4.63,1.00004229393918,1.0000233041595608,4.789936034476749e-16,1.0000422939386344,1.0000233041595339,1.1451856696570855e-15
4.635,1.0000418730810212,1.000023072271274,5.983522555804487e-16,1.000041873080481,1.0000230722712473,1.1688717973743955e-15
4.64,1.0000414564109945,1.000022842690473,5.852125372713765e-16,1.0000414564104596,1.0000228426904463,1.158707592431785e-15
4.6450000000000005,1.0000410438874168,1.0000226153941945,5.704946281060276e-16,1.0000410438868872,1.0000226153941683,1.1313031004623562e-15
4.65,1.0000406354690201,1.0000223903597047,5.080796974175957e-16,1.0000406354684959,1.000022390359679,1.1426253059701881e-15
4.655,1.0000402311149474,1.0000221675644951,4.14498351350282e-16,1.0000402311144283,1.0000221675644698,1.1135914326936093e-15
4.66,1.0000398307847482,1.0000219469862817,5.393801931385988e-16,1.0000398307842342,1.0000219469862566,1.1362395138699607e-15
4.665,1.0000394344383747,1.0000217286030018,5.222163079341419e-16,1.0000394344378656,1.0000217286029771,1.0834922013210341e-15
4.67,1.0000390420361778,1.0000215123928131,6.073643742436546e-16,1.0000390420356737,1.0000215123927885,1.1646925779871511e-15
4.675,1.000038653538903,1.00002129833409,5.358845185152055e-16,1.0000386535384038,1.0000212983340653,9.472085851549245e-16
4.68,1.0000382689076865,1.0000210864054218,5.513397131048534e-16,1.0000382689071925,1.000021086405397,1.1974130770250757e-15
4.6850000000000005,1.000037888104052,1.000020876585612,4.805507951449369e-16,1.0000378881035628,1.0000208765855876,1.1982908076456052e-15
4.69,1.0000375110899054,1.000020668853674,3.690624859194282e-16,1.0000375110894208,1.00002066885365,1.2104676738160568e-15
4.695,1.0000371378275323,1.0000204631888312,5.07141382276657e-16,1.0000371378270525,1.0000204631888072,1.2199186046486025e-15
4.7,1.0000367682795936,1.0000202595705128,5.314902272813881e-16,1.0000367682791187,1.000020259570489,1.0247358217751308e-15
4.705,1.000036402409122,1.0000200579783527,6.237783247534664e-16,1.0000364024086517,1.0000200579783294,1.2042039121458634e-15
4.71,1.0000360401795179,1.0000198583921884,5.408335111465631e-16,1.0000360401790522,1.0000198583921651,1.3586709987913717e-15
4.715,1.0000356815545464,1.0000196607920573,4.571710963399871e-16,1.0000356815540852,1.0000196607920342,1.1766733385561639e-15
4.72,1.000035326498333,1.0000194651581957,4.2270965446777165e-16,1.0000353264978765,1.000019465158173,1.1878308984594206e-15
4.7250000000000005,1.0000349749753605,1.0000192714710368,5.158685910272226e-16,1.0000349749749085,1.0000192714710145,1.1240718784031584e-15
4.73,1.0000346269504652,1.0000190797112083,4.871844133351445e-16,1.0000346269500178,1.0000190797111854,1.1948782017758647e-15
4.735,1.0000342823888335,1.0000188898595306,5.769236955076622e-16,1.0000342823883905,1.0000188898595084,1.1300539315308049e-15
4.74,1.0000339412559982,1.000018701897015,5.739436331739225e-16,1.0000339412555594,1.000018701896993,1.1142149871736898e-15
4.745,1.0000336035178352,1.0000185158048622,5.151750873899604e-16,1.0000336035174007,1.0000185158048402,1.2972095621015173e-15
4.75,1.0000332691405602,1.0000183315644595,5.466798910155381e-16,1.00003326914013,1.000018331564438,1.0903861249043077e-15
4.755,1.0000329380907251,1.0000181491573799,5.070585515629001e-16,1.000032938090299,1.0000181491573583,1.282021952255907e-15
4.76,1.0000326103352148,1.0000179685653792,5.245457413956611e-16,1.000032610334793,1.0000179685653579,1.2367460610829575e-15
4.765,1.0000322858412438,1.0000177897703957,7.1854772157751555e-16,1.000032285840826,1.0000177897703744,1.1187511774259698e-15
4.7700000000000005,1.000031964576353,1.000017612754546,5.399619754277425e-16,1.000031964575939,1.0000176127545253,1.227425749220582e-15
4.775,1.000031646508406,1.000017437500126,4.594317872515879e-16,1.0000316465079964,1.0000174375001056,1.1138185778151747e-15
4.78,1.000031331605587,1.0000172639896077,4.024063184681863e-16,1.0000313316051814,1.0000172639895877,1.143055421686421e-15
4.785,1.0000310198363966,1.0000170922056368,6.072630557348504e-16,1.000031019835995,1.0000170922056169,1.081243537362437e-15
4.79,1.0000307111696487,1.0000169221310324,6.044100538341904e-16,1.000030711169251,1.0000169221310122,1.330937030620543e-15
4.795,1.0000304055744678,1.0000167537487834,5.546353755282957e-16,1.000030405574074,1.0000167537487639,1.186574410715935e-15
4.8,1.0000301030202856,1.0000165870420505,6.647026169814207e-16,1.0000301030198957,1.0000165870420306,1.542399899087688e-15
4.805,1.0000298034768385,1.000016421994159,6.795369989667469e-16,1.0000298034764525,1.0000164219941392,1.1098912454815345e-15
4.8100000000000005,1.0000295069141636,1.0000162585886019,5.268081992227517e-16,1.0000295069137815,1.0000162585885823,1.315323401196651e-15
4.815,1.0000292133025965,1.000016096809036,4.639300304237282e-16,1.0000292133022182,1.000016096809017,1.2600715296206635e-15
4.82,1.000028922612768,1.0000159366392813,5.304141586735436e-16,1.0000289226123935,1.000015936639262,1.3644205439221897e-15
4.825,1.0000286348156016,1.0000157780633179,3.3151097478867053e-16,1.0000286348152307,1.000015778063299,1.3458828610583354e-15
4.83,1.0000283498823095,1.0000156210652864,4.772793106957409e-16,1.0000283498819422,1.0000156210652673,1.6803414158126563e-15
4.835,1.000028067784391,1.0000154656294837,4.0120335811960027e-16,1.0000280677840272,1.000015465629465,1.4192351121327265e-15
4.84,1.0000277884936286,1.000015311740365,5.93367951445218e-16,1.0000277884932687,1.0000153117403465,1.2752891951349702e-15
4.845,1.0000275119820865,1.0000151593825384,4.889866196652187e-16,1.00002751198173,1.0000151593825202,1.2043524191716906e-15
4.8500000000000005,1.000027238222106,1.000015008540766,5.637472108854585e-16,1.0000272382217532,1.0000150085407482,1.4058318798463897e-15
4.855,1.0000269671863045,1.0000148591999618,5.829753777502871e-16,1.000026967185955,1.0000148591999438,1.3294154626896028e-15
4.86,1.0000266988475712,1.000014711345189,5.070933956680507e-16,1.0000266988472255,1.0000147113451712,1.4346970591769309e-15
4.865,1.0000264331790658,1.0000145649616605,6.364266037000979e-16,1.0000264331787234,1.000014564961643,1.2820600068169943e-15
4.87,1.0000261701542148,1.0000144200347358,4.736397290652789e-16,1.0000261701538757,1.0000144200347185,1.4403621426742943e-15
4.875,1.0000259097467092,1.0000142765499203,6.473676557236485e-16,1.0000259097463735,1.0000142765499032,1.395344507600286e-15
4.88,1.000025651930502,1.0000141344928632,5.443541031639469e-16,1.0000256519301696,1.0000141344928462,1.4223508052902554e-15
4.885,1.0000253966798054,1.0000139938493573,5.905446567561891e-16,1.0000253966794763,1.0000139938493404,1.477082341121282e-15
4.89,1.0000251439690881,1.0000138546053359,4.4145172897981267e-16,1.0000251439687624,1.0000138546053194,1.3793348359296209e-15
4.8950000000000005,1.0000248937730734,1.000013716746873,4.868500968253126e-16,1.000024893772751,1.0000137167468568,1.3106326458975053e-15
4.9,1.0000246460667355,1.0000135802601813,6.137028115245002e-16,1.0000246460664162,1.0000135802601648,1.2553022857678526e-15
4.905,1.000024400825298,1.0000134451316094,5.962460457573884e-16,1.000024400824982,1.0000134451315932,1.4014692275309212e-15
4.91,1.0000241580242315,1.0000133113476437,5.718824370429873e-16,1.0000241580239184,1.0000133113476273,1.5206588180297703e-15
4.915,1.0000239176392502,1.0000131788949032,5.529148371857299e-16,1.0000239176389403,1.000013178894887,1.4636192495181752e-15
4.92,1.0000236796463102,1.0000130477601414,6.473609653335377e-16,1.0000236796460034,1.0000130477601255,1.5882249709373528e-15
4.925,1.000023444021607,1.000012917930243,5.165233506397527e-16,1.0000234440213032,1.0000129179302275,1.45340309091747e-15
4.93,1.0000232107415727,1.0000127893922237,5.131024345363101e-16,1.000023210741272,1.0000127893922077,1.6276569536382879e-15
4.9350000000000005,1.0000229797828744,1.0000126621332277,4.502192220565148e-16,1.0000229797825766,1.0000126621332122,1.4964032254833988e-15
4.94,1.0000227511224111,1.000012536140528,6.529409371522145e-16,1.0000227511221165,1.0000125361405126,1.4412107971792252e-15
4.945,1.000022524737312,1.0000124114015234,4.639862857911079e-16,1.0000225247370202,1.0000124114015085,1.4887318053004025e-15
4.95,1.0000223006049338,1.0000122879037385,5.459287808898002e-16,1.000022300604645,1.0000122879037232,1.4971309283933731e-15
4.955,1.0000220787028584,1.0000121656348224,6.132278255773265e-16,1.0000220787025724,1.0000121656348073,1.4110124415233714e-15
4.96,1.0000218590088912,1.0000120445825462,4.070174453862504e-16,1.0000218590086078,1.0000120445825313,1.4463895810399915e-15
4.965,1.000021641501058,1.0000119247348038,4.539140892118943e-16,1.0000216415007777,1.0000119247347894,1.5952410728070727e-15
4.97,1.000021426157604,1.0000118060796088,3.7811677967267356e-16,1.0000214261573261,1.0000118060795942,1.4475019345707303e-15
4.9750000000000005,1.0000212129569899,1.0000116886050945,5.197463483412135e-16,1.0000212129567148,1.0000116886050798,1.4534016088585177e-15
4.98,1.0000210018778917,1.0000115722995115,5.608239238730882e-16,1.0000210018776197,1.000011572299497,1.4650270851298258e-15
4.985,1.0000207928991973,1.0000114571512289,5.240929201123089e-16,1.0000207928989278,1.0000114571512144,1.6448029844518206e-15
4.99,1.0000205860000049,1.0000113431487294,4.924931947596867e-16,1.000020585999738,1.0000113431487152,1.5815763701882068e-15
4.995,1.0000203811596202,1.0000112302806123,4.506723315853207e-16,1.000020381159356,1.0000112302805986,1.5767897822492388e-15
5.0,1.0000201783575555,1.0000111185355895,3.2944981269639446e-16,1.0000201783572937,1.000011118535576,1.5753980311542677e-15
5.005,1.0000199775735266,1.0000110079024853,5.509387003417929e-16,1.0000199775732677,1.0000110079024718,1.5962645101424353e-15
5.01,1.0000197787874512,1.000010898370235,4.648723427450381e-16,1.0000197787871947,1.0000108983702214,1.5875045345785002e-15
5.015,1.000019581979447,1.000010789927884,4.3946222629180375e-16,1.0000195819791933,1.0000107899278707,1.7371401768096838e-15
5.0200000000000005,1.0000193871298297,1.0000106825645876,4.3540329056111837e-16,1.0000193871295784,1.0000106825645743,1.589185374623252e-15
5.025,1.0000191942191108,1.0000105762696077,5.893635492312409e-16,1.0000191942188619,1.0000105762695946,1.7114641952258428e-15
5.03,1.0000190032279956,1.0000104710323139,4.547986188148613e-16,1.0000190032277492,1.0000104710323012,1.7234148982730159e-15
5.035,1.0000188141373816,1.0000103668421814,4.537880515566556e-16,1.0000188141371376,1.0000103668421687,1.4060630745233837e-15
5.04,1.0000186269283562,1.0000102636887902,5.272008093479347e-16,1.0000186269281146,1.0000102636887775,1.480179462050349e-15
5.045,1.0000184415821953,1.0000101615618238,5.735281189864023e-16,1.000018441581956,1.000010161561811,1.752214206350266e-15
5.05,1.0000182580803612,1.0000100604510684,6.410299415809298e-16,1.0000182580801242,1.000010060451056,1.5854018382391135e-15
5.055,1.0000180764045001,1.000009960346412,6.034740370401907e-16,1.0000180764042657,1.0000099603463999,1.5996539465493326e-15
5.0600000000000005,1.0000178965364417,1.0000098612378434,5.946379031385685e-16,1.0000178965362094,1.0000098612378312,1.7560191856485885e-15
5.065,1.000017718458196,1.0000097631154508,6.11796254862472e-16,1.0000177184579662,1.0000097631154388,1.5447241407934606e-15
5.07,1.0000175421519522,1.0000096659694202,6.137703968855558e-16,1.0000175421517246,1.0000096659694082,1.5427498510968007e-15
5.075,1.0000173676000765,1.0000095697900366,5.413592945196476e-16,1.0000173675998512,1.000009569790025,1.587372991344755e-15
5.08,1.0000171947851113,1.0000094745676813,4.3493723959047206e-16,1.0000171947848882,1.0000094745676695,1.6222723778378332e-15
5.085,1.0000170236897719,1.0000093802928314,4.075487975273249e-16,1.000017023689551,1.0000093802928198,1.8543771048247215e-15
5.09,1.000016854296946,1.0000092869560582,5.246352510263853e-16,1.0000168542967274,1.0000092869560469,1.7095027008375823e-15
5.095,1.0000166865896918,1.000009194548027,5.211676380145863e-16,1.000016686589475,1.0000091945480158,1.6181439913708836e-15
5.1000000000000005,1.0000165205512357,1.0000091030594962,5.16143389536966e-16,1.0000165205510214,1.000009103059485,1.7135101324250056e-15
5.105,1.0000163561649713,1.0000090124813164,4.933055094286869e-16,1.0000163561647593,1.000009012481305,1.8883611956830853e-15
5.11,1.0000161934144576,1.0000089228044284,4.970449017440816e-16,1.0000161934142473,1.0000089228044178,1.5196523521817977e-15
5.115,1.0000160322834166,1.0000088340198647,4.925786096704636e-16,1.0000160322832086,1.0000088340198539,1.6904672152001572e-15
5.12,1.0000158727557331,1.000008746118745,4.1275329397296537e-16,1.000015872755527,1.0000087461187344,1.6754662222937644e-15
5.125,1.0000157148154518,1.0000086590922794,5.419884981428609e-16,1.0000157148152478,1.0000086590922688,1.7697666838775481e-15
5.13,1.0000155584467763,1.0000085729317636,3.8158584630337843e-16,1.0000155584465742,1.0000085729317532,1.978388078510047e-15
5.135,1.0000154036340674,1.0000084876285813,4.0179189283224437e-16,1.0000154036338673,1.000008487628571,1.715826562907371e-15
5.14,1.0000152503618414,1.0000084031742011,4.082157653400579e-16,1.0000152503616433,1.0000084031741907,1.9517578756164076e-15
5.1450000000000005,1.000015098614769,1.0000083195601777,3.915091305595952e-16,1.0000150986145728,1.0000083195601674,1.740444547322483e-15
5.15,1.0000149483776732,1.000008236778148,5.080140545126419e-16,1.0000149483774792,1.0000082367781375,1.7804367772835433e-15
5.155,1.0000147996355282,1.0000081548198336,4.91412986562416e-16,1.0000147996353361,1.0000081548198236,1.9167791259776248e-15
5.16,1.0000146523734577,1.0000080736770378,4.866573051395087e-16,1.0000146523732676,1.0000080736770278,1.845528082654116e-15
5.165,1.0000145065767334,1.0000079933416457,4.35286177340192e-16,1.0000145065765451,1.0000079933416357,1.97290566518709e-15
5.17,1.0000143622307736,1.0000079138056233,4.600986893559866e-16,1.0000143622305868,1.0000079138056137,1.9247893761171315e-15
5.175,1.0000142193211417,1.0000078350610164,5.086201937794112e-16,1.0000142193209567,1.0000078350610067,1.876267740022372e-15
5.18,1.0000140778335447,1.0000077570999497,5.443662280880293e-16,1.0000140778333617,1.00000775709994,1.8932244962963667e-15
5.1850000000000005,1.000013937753832,1.0000076799146262,3.5807363834136355e-16,1.0000139377536508,1.0000076799146167,1.83716168606789e-15
5.19,1.0000137990679936,1.0000076034973275,5.484294431360469e-16,1.0000137990678142,1.0000076034973178,1.889161012729856e-15
5.195,1.0000136617621593,1.0000075278404108,5.82851344342012e-16,1.0000136617619817,1.0000075278404008,2.021087685173092e-15
5.2,1.0000135258225966,1.0000074529363099,5.879172489416318e-16,1.0000135258224205,1.0000074529363003,1.8263692996634414e-15
5.205,1.0000133912357096,1.0000073787775334,4.0287061144543528e-16,1.0000133912355353,1.0000073787775243,1.9648085194009457e-15
5.21,1.000013257988038,1.000007305356666,5.39917829411495e-16,1.0000132579878658,1.000007305356657,1.756238642160914e-15
5.215,1.0000131260662555,1.000007232666364,5.777064880473037e-16,1.000013126066085,1.0000072326663547,1.941985437662988e-15
5.22,1.0000129954571682,1.0000071606993581,4.670441564421227e-16,1.0000129954569992,1.0000071606993488,1.9954607681573213e-15
5.2250000000000005,1.0000128661477132,1.0000070894484514,4.3481134386507135e-16,1.000012866147546,1.0000070894484423,1.9095636371348307e-15
5.23,1.0000127381249584,1.0000070189065182,4.857990826306581e-16,1.000012738124793,1.000007018906509,1.881879419111729e-15
5.235,1.0000126113760996,1.0000069490665033,5.963123742585544e-16,1.0000126113759358,1.0000069490664942,1.842888536318095e-15
5.24,1.0000124858884607,1.0000068799214228,4.244798522989535e-16,1.0000124858882982,1.000006879921414,1.9681136492836327e-15
5.245,1.0000123616494911,1.0000068114643614,5.521568528263581e-16,1.0000123616493304,1.0000068114643528,1.9879655531373707e-15
5.25,1.0000122386467656,1.0000067436884732,4.447850499422653e-16,1.0000122386466064,1.0000067436884645,2.0193307444106068e-15
5.255,1.0000121168679823,1.0000066765869797,4.481486773521302e-16,1.0000121168678244,1.0000066765869715,1.96935971157915e-15
5.26,1.000011996300962,1.0000066101531708,5.01475862625652e-16,1.0000119963008056,1.0000066101531624,1.9393360542296797e-15
5.265,1.0000118769336463,1.0000065443804018,4.552673000614244e-16,1.0000118769334918,1.0000065443803936,1.9667247996596965e-15
5.2700000000000005,1.0000117587540975,1.000006479262096,5.446994361441771e-16,1.0000117587539445,1.0000064792620875,1.9721187197754997e-15
5.275,1.0000116417504963,1.0000064147917407,3.9709471929346304e-16,1.0000116417503448,1.0000064147917325,2.02041321198376e-15
5.28,1.0000115259111406,1.0000063509628883,5.319322319993172e-16,1.0000115259109905,1.00000635096288,1.961582045824726e-15
5.285,1.0000114112244456,1.0000062877691558,4.456608628105591e-16,1.000011411224297,1.0000062877691476,2.0290335780806926e-15
5.29,1.000011297678941,1.000006225204223,3.4045701112907394e-16,1.000011297678794,1.0000062252042148,2.2290634858631433e-15
5.295,1.0000111852632712,1.0000061632618336,4.0935008921832223e-16,1.0000111852631257,1.0000061632618253,2.3076992648603303e-15
5.3,1.0000110739661934,1.0000061019357924,4.111945902190303e-16,1.0000110739660493,1.000006101935784,2.3246743784526446e-15
5.305,1.0000109637765766,1.0000060412199667,4.022194834468521e-16,1.0000109637764338,1.0000060412199585,2.1439970198883137e-15
5.3100000000000005,1.0000108546834008,1.0000059811082844,5.013801517437488e-16,1.0000108546832593,1.0000059811082764,2.215668842371192e-15
5.315,1.0000107466757553,1.000005921594734,3.688927782890153e-16,1.0000107466756152,1.0000059215947261,2.0020070026931e-15
5.32,1.0000106397428383,1.0000058626733637,4.465250105274285e-16,1.0000106397426995,1.000005862673356,2.0530838654235622e-15
5.325,1.0000105338739553,1.0000058043382813,6.122506440412366e-16,1.000010533873818,1.0000058043382731,2.342669237580811e-15
5.33,1.0000104290585186,1.0000057465836525,4.179641380999336e-16,1.0000104290583829,1.000005746583645,2.2479932231711533e-15
5.335,1.0000103252860453,1.0000056894037017,4.917927273381446e-16,1.0000103252859107,1.0000056894036944,2.060518583161099e-15
5.34,1.0000102225461571,1.000005632792711,5.264722755579955e-16,1.0000102225460241,1.0000056327927032,2.2154912730365045e-15
5.345,1.0000101208285792,1.0000055767450182,4.873663588947121e-16,1.0000101208284473,1.0000055767450104,2.3261196098650445e-15
5.3500000000000005,1.0000100201231386,1.0000055212550185,4.943363822296999e-16,1.0000100201230082,1.000005521255011,2.2958458328137177e-15
5.355,1.0000099204197639,1.0000054663171627,4.908127932052905e-16,1.0000099204196347,1.0000054663171554,2.1285367473986395e-15
5.36,1.0000098217084836,1.0000054119259565,5.553706974595617e-16,1.0000098217083557,1.0000054119259492,2.4056438632723373e-15
5.365,1.000009723979426,1.0000053580759607,5.451585959842074e-16,1.0000097239792993,1.0000053580759534,2.3210296792551254e-15
5.37,1.0000096272228167,1.00000530476179,4.3005032664383787e-16,1.0000096272226915,1.0000053047617827,2.43165399149953e-15
5.375,1.0000095314289796,1.0000052519781122,3.379916447157915e-16,1.0000095314288555,1.0000052519781055,2.3107565750919807e-15
5.38,1.0000094365883343,1.0000051997196493,3.4131703594720066e-16,1.0000094365882115,1.0000051997196426,2.302947240886875e-15
5.385,1.0000093426913956,1.000005147981175,5.0569579673902945e-16,1.000009342691274,1.000005147981168,2.309400923462528e-15
5.39,1.0000092497287731,1.0000050967575147,5.366270223621871e-16,1.0000092497286528,1.0000050967575076,2.449302134398467e-15
5.3950000000000005,1.0000091576911698,1.0000050460435461,3.258201658050757e-16,1.0000091576910508,1.0000050460435397,2.2003139999782828e-15
5.4,1.000009066569381,1.0000049958341977,4.547249407705596e-16,1.0000090665692631,1.0000049958341912,2.3182480148523167e-15
5.405,1.0000089763542936,1.000004946124448,2.703777859370993e-16,1.0000089763541768,1.0000049461244416,2.3272787209092518e-15
5.41,1.0000088870368855,1.0000048969093263,3.975257879635437e-16,1.0000088870367698,1.0000048969093198,2.2761369729783902e-15
5.415,1.000008798608224,1.00000484818391,4.598901978979968e-16,1.0000087986081094,1.0000048481839034,2.2370761108144243e-15
5.42,1.0000087110594655,1.0000047999433266,3.6419136134135326e-16,1.000008711059352,1.0000047999433201,2.3094712079807e-15
5.425,1.0000086243818544,1.0000047521827522,4.2061710010341187e-16,1.0000086243817419,1.0000047521827458,2.4005742423721145e-15
5.43,1.0000085385667221,1.0000047048974101,3.269528282795637e-16,1.0000085385666106,1.0000047048974035,2.4415357282006775e-15
5.4350000000000005,1.0000084536054863,1.0000046580825714,3.8629456611300477e-16,1.000008453605376,1.000004658082565,2.5109029127131748e-15
5.44,1.0000083694896502,1.0000046117335548,3.6247011359784557e-16,1.0000083694895412,1.0000046117335488,2.3361073265977053e-15
5.445,1.0000082862108017,1.0000045658457248,3.899697803151701e-16,1.0000082862106936,1.0000045658457186,2.313091360723549e-15
5.45,1.0000082037606122,1.000004520414493,3.562012227620798e-16,1.000008203760505,1.000004520414487,2.3995624999807516e-15
5.455,1.0000081221308357,1.000004475435315,3.3656229148689204e-16,1.0000081221307298,1.0000044754353092,2.419201335532723e-15
5.46,1.0000080413133088,1.0000044309036937,5.033717076254257e-16,1.000008041313204,1.0000044309036877,2.494746842723792e-15
5.465,1.000007961299949,1.0000043868151751,3.787235724251811e-16,1.0000079612998451,1.0000043868151691,2.62387865866256e-15
5.47,1.0000078820827545,1.0000043431653507,4.766582371553223e-16,1.0000078820826515,1.000004343165345,2.569679006668111e-15
5.4750000000000005,1.0000078036538027,1.0000042999498548,5.301371313426408e-16,1.0000078036537006,1.0000042999498486,2.4912847744211028e-15
5.48,1.0000077260052502,1.0000042571643655,3.2727007696392225e-16,1.000007726005149,1.0000042571643597,2.652028214437252e-15
5.485,1.0000076491293315,1.0000042148046047,4.2331740019646627e-16,1.0000076491292313,1.000004214804599,2.7268132653681756e-15
5.49,1.0000075730183584,1.0000041728663356,4.820376685764862e-16,1.0000075730182592,1.00000417286633,2.568782961534273e-15
5.495,1.0000074976647193,1.0000041313453645,3.159034560653827e-16,1.000007497664621,1.0000041313453591,2.6400909043864347e-15
5.5,1.0000074230608782,1.0000040902375391,3.797788538384765e-16,1.000007423060781,1.0000040902375333,2.595035301564024e-15
5.505,1.0000073491993742,1.0000040495387486,4.442378564505715e-16,1.000007349199278,1.0000040495387428,2.5350599615269758e-15
5.51,1.0000072760728205,1.0000040092449225,5.687413857224527e-16,1.0000072760727252,1.0000040092449167,2.576905046285838e-15
5.515,1.000007203673904,1.000003969352031,5.861095898330784e-16,1.0000072036738095,1.0000039693520257,2.7597681923005348e-15
5.5200000000000005,1.0000071319953843,1.0000039298560859,5.346873701765157e-16,1.0000071319952908,1.0000039298560806,2.635874123616244e-15
5.525,1.0000070610300928,1.0000038907531363,5.461516889425781e-16,1.0000070610300003,1.000003890753131,2.624409715688446e-15
5.53,1.0000069907709328,1.000003852039272,6.371975398586207e-16,1.000006990770841,1.0000038520392667,2.609370044693152e-15
5.535,1.0000069212108778,1.0000038137106215,6.441107949513403e-16,1.0000069212107867,1.0000038137106162,2.6506755861557577e-15
5.54,1.000006852342971,1.0000037757633518,6.51018432240133e-16,1.000006852342881,1.0000037757633466,2.6437678594561695e-15
5.545,1.0000067841603255,1.0000037381936682,4.406363588353916e-16,1.0000067841602365,1.0000037381936626,2.801447228856902e-15
5.55,1.0000067166561224,1.000003700997813,4.2068072669246206e-16,1.000006716656034,1.000003700997808,2.631750426219245e-15
5.555,1.0000066498236106,1.000003664172067,6.035154431297475e-16,1.0000066498235232,1.0000036641720624,2.6724506645694016e-15
5.5600000000000005,1.0000065836561067,1.0000036277127475,5.798180303734108e-16,1.0000065836560201,1.0000036277127429,2.767670519573906e-15
5.565,1.0000065181469935,1.0000035916162082,5.346067163609476e-16,1.0000065181469076,1.0000035916162033,2.6886566105263674e-15
5.57,1.0000064532897195,1.0000035558788392,4.932732229424094e-16,1.0000064532896347,1.0000035558788338,2.924126084469544e-15
5.575,1.0000063890777986,1.0000035204970668,6.888894142918475e-16,1.0000063890777144,1.0000035204970616,2.7579087619420222e-15
5.58,1.000006325504809,1.0000034854673525,6.124925033962129e-16,1.0000063255047258,1.0000034854673476,2.6634731696588986e-15
5.585,1.0000062625643933,1.0000034507861935,4.3926883400616937e-16,1.000006262564311,1.000003450786189,2.5665544602592337e-15
5.59,1.000006200250257,1.0000034164501213,5.590652519108514e-16,1.0000062002501753,1.0000034164501164,2.8644290192932825e-15
5.595,1.000006138556168,1.0000033824557022,6.31884607800765e-16,1.0000061385560872,1.000003382455697,2.8676158106428023e-15
5.6000000000000005,1.0000060774759567,1.0000033487995363,5.114247268262126e-16,1.0000060774758768,1.0000033487995315,2.912069374696913e-15
5.605,1.0000060170035148,1.0000033154782586,5.521340890542285e-16,1.0000060170034357,1.0000033154782542,2.824752640773604e-15
5.61,1.0000059571327944,1.000003282488536,4.72909341201756e-16,1.000005957132716,1.0000032824885314,2.9988034808650316e-15
5.615,1.0000058978578084,1.0000032498270703,6.387808828837355e-16,1.0000058978577309,1.0000032498270657,3.0519831415336396e-15
5.62,1.0000058391726285,1.0000032174905946,5.37757528641626e-16,1.0000058391725517,1.0000032174905904,2.811341622312742e-15
5.625,1.0000057810713863,1.0000031854758753,7.044444995075648e-16,1.0000057810713103,1.0000031854758709,3.057841889537454e-15
5.63,1.000005723548271,1.000003153779711,6.7990723584397e-16,1.0000057235481958,1.0000031537797067,2.987552896308036e-15
5.635,1.00000566659753,1.0000031223989314,6.545681086418616e-16,1.0000056665974557,1.000003122398927,3.036195586475314e-15
5.64,1.000005610213468,1.000003091330399,7.382695420150036e-16,1.0000056102133945,1.0000030913303946,3.176029024492735e-15
5.6450000000000005,1.0000055543904462,1.0000030605710062,5.381193622381518e-16,1.0000055543903734,1.0000030605710022,2.962991823135735e-15
5.65,1.000005499122882,1.0000030301176774,5.83947725147404e-16,1.00000549912281,1.0000030301176732,2.9171633815288937e-15
5.655,1.0000054444052482,1.0000029999673672,6.959894659673053e-16,1.000005444405177,1.000002999967363,3.1001790315083612e-15
5.66,1.000005390232073,1.0000029701170603,6.020600707983641e-16,1.000005390232002,1.000002970117056,3.118102143836501e-15
5.665,1.0000053365979382,1.0000029405637714,6.992292982310797e-16,1.0000053365978683,1.0000029405637672,3.1202426807630493e-15
5.67,1.0000052834974806,1.0000029113045452,6.819521781132497e-16,1.0000052834974116,1.000002911304541,2.9855073274336674e-15
5.675,1.0000052309253897,1.0000028823364555,5.150870284484834e-16,1.0000052309253213,1.0000028823364517,3.1102487776879298e-15
5.68,1.0000051788764082,1.0000028536566061,5.213658729903104e-16,1.0000051788763404,1.000002853656602,3.217616014506824e-15
5.6850000000000005,1.0000051273453305,1.000002825262128,6.039650457545592e-16,1.0000051273452635,1.000002825262124,3.2682091638440912e-15
5.69,1.0000050763270036,1.0000027971501821,6.725762763641946e-16,1.0000050763269372,1.0000027971501781,3.199597854177449e-15
5.695,1.0000050258163253,1.0000027693179572,4.702694481661595e-16,1.0000050258162594,1.0000027693179534,3.007537340491196e-15
5.7,1.000004975808244,1.0000027417626696,5.466695374555048e-16,1.000004975808179,1.000002741762666,3.078665894725238e-15
5.705,1.000004926297759,1.0000027144815642,5.067831484185304e-16,1.0000049262976944,1.0000027144815604,3.194558392922882e-15
5.71,1.0000048772799188,1.0000026874719128,5.974348838690485e-16,1.0000048772798547,1.0000026874719086,3.3462614691572577e-15
5.715,1.0000048287498213,1.0000026607310135,6.168458923649152e-16,1.0000048287497578,1.0000026607310097,3.137198035492701e-15
5.72,1.0000047807026133,1.0000026342561932,6.830959782043562e-16,1.0000047807025503,1.0000026342561892,3.4314325757877736e-15
5.7250000000000005,1.0000047331334898,1.0000026080448035,6.470727485547064e-16,1.0000047331334274,1.0000026080448,3.1784935620618436e-15
5.73,1.0000046860376937,1.0000025820942238,5.907915427669453e-16,1.000004686037632,1.00000258209422,3.3296008698545216e-15
5.735,1.000004639410515,1.0000025564018582,5.158557929570549e-16,1.000004639410454,1.0000025564018546,3.2292205639140946e-15
5.74,1.0000045932472912,1.0000025309651384,6.994580603535481e-16,1.0000045932472306,1.0000025309651346,3.5392952499610585e-15
5.745,1.0000045475434052,1.0000025057815198,6.747550754882581e-16,1.0000045475433452,1.0000025057815158,3.3449469324561577e-15
5.75,1.0000045022942867,1.0000024808484842,7.020460872891863e-16,1.0000045022942274,1.0000024808484806,3.3380874583958094e-15
5.755,1.0000044574954106,1.0000024561635381,5.12888255228717e-16,1.0000044574953517,1.000002456163535,3.2848903530284606e-15
5.76,1.0000044131422965,1.0000024317242138,7.482778903004049e-16,1.0000044131422383,1.0000024317242102,3.443867837722016e-15
5.765,1.0000043692305092,1.000002407528066,6.573402889369201e-16,1.0000043692304517,1.0000024075280627,3.3872766780344587e-15
5.7700000000000005,1.0000043257556572,1.0000023835726757,6.13933593144317e-16,1.0000043257556002,1.0000023835726723,3.502205835562661e-15
5.775,1.0000042827133928,1.0000023598556476,6.920778526202946e-16,1.0000042827133362,1.000002359855644,3.5188876825702058e-15
5.78,1.0000042400994116,1.0000023363746093,7.442988868799638e-16,1.0000042400993554,1.0000023363746056,3.6374989084713775e-15
5.785,1.0000041979094518,1.0000023131272129,7.237468487026168e-16,1.0000041979093963,1.0000023131272093,3.582044726509237e-15
5.79,1.0000041561392945,1.0000022901111332,6.61618636281443e-16,1.0000041561392397,1.0000022901111303,3.336390703444214e-15
5.795,1.0000041147847623,1.0000022673240692,6.146148758629095e-16,1.000004114784708,1.000002267324066,3.473736956208949e-15
5.8,1.0000040738417195,1.000002244763742,6.859381019187146e-16,1.0000040738416658,1.000002244763739,3.573245987724954e-15
5.805,1.0000040333060718,1.000002222427895,6.694511964308691e-16,1.0000040333060187,1.0000022224278922,3.4760866230695294e-15
5.8100000000000005,1.0000039931737654,1.0000022003142948,6.946406071697882e-16,1.000003993173713,1.0000022003142919,3.4697171791101006e-15
5.815,1.000003953440787,1.0000021784207305,6.305980653220553e-16,1.000003953440735,1.0000021784207274,3.605282188648452e-15
5.82,1.000003914103163,1.000002156745012,6.083703304659127e-16,1.0000039141031114,1.0000021567450088,3.608689825259319e-15
5.825,1.0000038751569593,1.0000021352849717,6.642321297629161e-16,1.0000038751569085,1.000002135284969,3.5250407115027675e-15
5.83,1.0000038365982815,1.0000021140384638,6.427139816460408e-16,1.000003836598231,1.0000021140384607,3.7684820026270446e-15
5.835,1.0000037984232732,1.000002093003364,7.12856747126938e-16,1.000003798423223,1.000002093003361,3.451500729214614e-15
5.84,1.000003760628117,1.0000020721775673,5.629949418074983e-16,1.0000037606280674,1.0000020721775644,3.654064963240118e-15
5.845,1.0000037232090329,1.000002051558993,5.386708356840685e-16,1.000003723208984,1.00000205155899,3.507556701913565e-15
5.8500000000000005,1.0000036861622792,1.0000020311455775,6.771642568691834e-16,1.0000036861622308,1.0000020311455748,3.691907786143049e-15
5.855,1.0000036494841509,1.0000020109352805,5.404179366359273e-16,1.000003649484103,1.0000020109352779,3.634518096092509e-15
5.86,1.00000361317098,1.0000019909260804,5.689711000902638e-16,1.0000036131709327,1.0000019909260776,3.795617221772793e-15
5.865,1.0000035772191351,1.0000019711159764,6.814185873797467e-16,1.0000035772190883,1.0000019711159736,3.7546922051800645e-15
5.87,1.000003541625021,1.0000019515029872,5.8453057049757e-16,1.0000035416249746,1.0000019515029843,3.727355151826155e-15
5.875,1.0000035063850778,1.0000019320851516,5.040747102202714e-16,1.0000035063850319,1.0000019320851492,3.913215910960131e-15
5.88,1.0000034714957817,1.0000019128605282,6.203426960875491e-16,1.0000034714957362,1.0000019128605255,3.896257630049823e-15
5.885,1.0000034369536435,1.000001893827194,5.188989467742266e-16,1.0000034369535984,1.000001893827191,3.765199372090253e-15
5.89,1.0000034027552087,1.0000018749832458,6.850618720784142e-16,1.000003402755164,1.0000018749832429,3.921880921125828e-15
5.8950000000000005,1.0000033688970575,1.0000018563267987,7.303133734504224e-16,1.0000033688970136,1.0000018563267958,3.929331834065508e-15
5.9,1.000003335375804,1.0000018378559872,5.022659320204272e-16,1.0000033353757605,1.0000018378559847,3.9105408113376845e-15
5.905,1.0000033021880959,1.0000018195689648,6.9880669943543435e-16,1.0000033021880528,1.000001819568962,3.9269559823526074e-15
5.91,1.0000032693306142,1.000001801463902,5.938493702794804e-16,1.0000032693305714,1.0000018014638994,4.0175767752355885e-15
5.915,1.000003236800073,1.000001783538989,6.014301391741355e-16,1.000003236800031,1.0000017835389867,3.887382550024236e-15
5.92,1.0000032045932195,1.0000017657924323,5.109246243266355e-16,1.0000032045931777,1.0000017657924298,4.0727141845528025e-15
5.925,1.0000031727068324,1.0000017482224584,7.249975747045374e-16,1.0000031727067908,1.0000017482224557,3.953467354406241e-15
5.93,1.0000031411377233,1.0000017308273088,6.477177976475939e-16,1.0000031411376822,1.0000017308273061,4.011927009242467e-15
5.9350000000000005,1.0000031098827349,1.000001713605245,5.110108240284948e-16,1.0000031098826943,1.0000017136052426,4.030504108841253e-15
5.94,1.0000030789387417,1.0000016965545446,6.884577898477345e-16,1.0000030789387016,1.000001696554542,3.971186907635062e-15
5.945,1.0000030483026494,1.0000016796735023,5.79073388288662e-16,1.0000030483026094,1.0000016796734998,3.833732874156887e-15
5.95,1.000003017971394,1.00000166296043,5.732057436509845e-16,1.0000030179713544,1.000001662960428,3.887819354847558e-15
5.955,1.0000029879419423,1.0000016464136563,4.818893332873944e-16,1.000002987941903,1.0000016464136539,4.225974090997828e-15
5.96,1.0000029582112913,1.0000016300315266,5.528715155204502e-16,1.0000029582112524,1.0000016300315242,4.106772969604178e-15
5.965,1.0000029287764678,1.000001613812403,5.411708504238347e-16,1.0000029287764294,1.0000016138124004,4.042467484848598e-15
5.97,1.0000028996345283,1.0000015977546628,6.867376583964422e-16,1.0000028996344903,1.0000015977546606,4.025609176489054e-15
5.9750000000000005,1.0000028707825583,1.0000015818567007,6.518202316597658e-16,1.0000028707825206,1.000001581856698,4.231358821898648e-15
5.98,1.0000028422176728,1.0000015661169266,6.890035307826508e-16,1.0000028422176357,1.0000015661169241,3.947337106251053e-15
5.985,1.000002813937015,1.0000015505337663,6.500979246620427e-16,1.000002813936978,1.0000015505337643,4.105984080415235e-15
5.99,1.000002785937757,1.0000015351056621,6.544059825612562e-16,1.0000027859377205,1.00000153510566,4.053457086400915e-15
5.995,1.0000027582170985,1.0000015198310706,5.168934629443001e-16,1.0000027582170623,1.0000015198310683,4.167665913198062e-15
6.0,1.0000027307722674,1.0000015047084647,5.247329545321013e-16,1.0000027307722315,1.0000015047084623,4.277956192378272e-15
6.005,1.0000027036005192,1.0000014897363319,6.329730265798319e-16,1.0000027036004837,1.0000014897363296,4.250205718903848e-15
6.01,1.0000026766991366,1.0000014749131747,5.34449172549434e-16,1.0000026766991015,1.0000014749131725,4.496258141805429e-15
6.015000000000001,1.0000026500654293,1.0000014602375116,6.33686545990586e-16,1.0000026500653945,1.0000014602375096,4.202884812722324e-15
6.0200000000000005,1.0000026236967339,1.000001445707874,6.997876777330556e-16,1.0000026236966995,1.0000014457078716,4.4257457117155095e-15
6.025,1.0000025975904134,1.0000014313228092,5.596145024376648e-16,1.0000025975903795,1.0000014313228072,4.300260403636361e-15
6.03,1.0000025717438572,1.0000014170808793,6.667454084983977e-16,1.0000025717438235,1.000001417080877,4.387265352113943e-15
6.035,1.0000025461544806,1.0000014029806594,5.797728871754407e-16,1.0000025461544473,1.0000014029806572,4.298922017046457e-15
6.04,1.0000025208197245,1.0000013890207393,6.465967485683387e-16,1.0000025208196912,1.0000013890207373,4.384110272011298e-15
6.045,1.0000024957370552,1.0000013751997234,4.812703522079299e-16,1.0000024957370224,1.0000013751997212,4.4967341852189034e-15
6.05,1.0000024709039645,1.0000013615162295,5.31615414081374e-16,1.000002470903932,1.0000013615162278,4.4042653374417605e-15
6.055,1.000002446317969,1.0000013479688894,5.304273072774082e-16,1.0000024463179369,1.0000013479688876,4.400969850963397e-15
6.0600000000000005,1.0000024219766102,1.000001334556348,5.656553237704265e-16,1.0000024219765784,1.000001334556346,4.441747866466869e-15
6.065,1.0000023978774535,1.000001321277264,5.055106853142264e-16,1.000002397877422,1.000001321277262,4.449190027722246e-15
6.07,1.0000023740180892,1.0000013081303099,4.73323112929021e-16,1.0000023740180581,1.0000013081303076,4.552900087064786e-15
6.075,1.0000023503961313,1.0000012951141706,5.397586528439533e-16,1.0000023503961004,1.0000012951141688,4.4488243013605164e-15
6.08,1.0000023270092173,1.0000012822275446,4.858343690769432e-16,1.000002327009187,1.0000012822275428,4.426742467198088e-15
6.085,1.0000023038550088,1.000001269469143,4.91456551047607e-16,1.0000023038549786,1.0000012694691411,4.58746894749815e-15
6.09,1.00000228093119,1.00000125683769,4.468825059643392e-16,1.0000022809311602,1.0000012568376884,4.636526489398717e-15
6.095,1.0000022582354684,1.0000012443319228,5.473185208654885e-16,1.0000022582354389,1.0000012443319208,4.607612961698173e-15
6.1000000000000005,1.0000022357655747,1.0000012319505907,5.80917746068031e-16,1.0000022357655456,1.0000012319505889,4.626716118200515e-15
6.105,1.0000022135192617,1.0000012196924548,5.45230486604628e-16,1.0000022135192328,1.000001219692453,4.704527084796367e-15
6.11,1.0000021914943047,1.0000012075562903,6.020482047642181e-16,1.000002191494276,1.0000012075562885,4.795237922328403e-15
6.115,1.000002169688501,1.000001195540883,7.011310648590694e-16,1.0000021696884729,1.000001195540881,4.772161085596692e-15
6.12,1.0000021480996701,1.000001183645031,4.853817720778721e-16,1.0000021480996422,1.000001183645029,4.840381738672813e-15
6.125,1.0000021267256531,1.0000011718675457,5.981712353629388e-16,1.0000021267256254,1.0000011718675437,4.875120828725698e-15
6.13,1.0000021055643125,1.0000011602072483,5.030315912330418e-16,1.0000021055642851,1.0000011602072467,4.856614143948097e-15
6.135,1.000002084613532,1.0000011486629734,5.307711542703115e-16,1.000002084613505,1.0000011486629719,4.847694650177707e-15
6.140000000000001,1.0000020638712166,1.0000011372335664,5.511823403764285e-16,1.0000020638711897,1.0000011372335649,4.827283422373832e-15
6.1450000000000005,1.0000020433352919,1.0000011259178843,4.704761901381367e-16,1.0000020433352652,1.0000011259178827,4.93129317538875e-15
6.15,1.0000020230037043,1.0000011147147956,6.362279166014055e-16,1.000002023003678,1.0000011147147938,4.8415474681956815e-15
6.155,1.0000020028744208,1.0000011036231795,7.257987678333838e-16,1.0000020028743946,1.000001103623178,4.728672931595799e-15
6.16,1.000001982945428,1.0000010926419274,6.254124580876394e-16,1.000001982945402,1.0000010926419256,4.995407906352035e-15
6.165,1.0000019632147332,1.000001081769941,6.965391634986795e-16,1.0000019632147077,1.0000010817699392,5.076293275727086e-15
6.17,1.0000019436803633,1.0000010710061331,7.645131146525041e-16,1.0000019436803378,1.0000010710061313,5.008319282849461e-15
6.175,1.0000019243403648,1.0000010603494267,5.94114660413768e-16,1.0000019243403397,1.0000010603494252,5.079407995709889e-15
6.18,1.0000019051928035,1.0000010497987573,7.197021864473486e-16,1.0000019051927787,1.0000010497987557,5.1013490157130925e-15
6.1850000000000005,1.0000018862357647,1.0000010393530687,7.135861652703986e-16,1.00000188623574,1.0000010393530672,5.202291171383055e-15
6.19,1.0000018674673528,1.000001029011317,9.710830919563542e-16,1.000001867467328,1.0000010290113153,5.263155017773817e-15
6.195,1.0000018488856905,1.0000010187724675,8.637921006549298e-16,1.0000018488856663,1.000001018772466,5.1807936178625455e-15
6.2,1.00000183048892,1.0000010086354967,7.858237675719927e-16,1.000001830488896,1.0000010086354951,5.2775820330146174e-15
6.205,1.0000018122752015,1.0000009985993907,6.313722109188916e-16,1.0000018122751777,1.0000009985993894,5.094852617793517e-15
6.21,1.0000017942427133,1.000000988663146,6.947579539620155e-16,1.0000017942426898,1.0000009886631447,5.174511898082892e-15
6.215,1.0000017763896525,1.0000009788257689,6.432882053040077e-16,1.0000017763896292,1.0000009788257678,5.225981608608228e-15
6.22,1.0000017587142336,1.0000009690862757,7.634476955969773e-16,1.0000017587142105,1.0000009690862743,5.2006482555456986e-15
6.2250000000000005,1.0000017412146889,1.0000009594436923,9.472095092048857e-16,1.000001741214666,1.000000959443691,5.487259303831091e-15
6.23,1.0000017238892684,1.0000009498970543,8.614162232643566e-16,1.0000017238892458,1.000000949897053,5.349517923709032e-15
6.235,1.0000017067362397,1.0000009404454073,8.094872261912109e-16,1.0000017067362172,1.0000009404454058,5.325440835811183e-15
6.24,1.0000016897538873,1.0000009310878062,1.0073868823113169e-15,1.0000016897538653,1.000000931087805,5.3322556372040525e-15
6.245,1.000001672940513,1.000000921823315,8.5529997147472e-16,1.000001672940491,1.0000009218233137,5.332330418349276e-15
6.25,1.0000016562944354,1.0000009126510072,8.542658405982186e-16,1.0000016562944136,1.000000912651006,5.556899132769476e-15
6.255,1.00000163981399,1.0000009035699655,9.973264168865847e-16,1.0000016398139684,1.0000009035699642,5.43714216257885e-15
6.26,1.0000016234975284,1.0000008945792822,9.599040992504631e-16,1.000001623497507,1.0000008945792809,5.617609504479371e-15
6.265000000000001,1.0000016073434193,1.0000008856780576,6.800629510060412e-16,1.000001607343398,1.0000008856780565,5.631792222812258e-15
6.2700000000000005,1.0000015913500468,1.0000008768654023,9.778310217014302e-16,1.0000015913500258,1.0000008768654007,5.6989921941023516e-15
6.275,1.0000015755158118,1.0000008681404342,7.060921685517354e-16,1.0000015755157912,1.0000008681404333,5.681768974687654e-15
6.28,1.000001559839131,1.0000008595022813,8.256440241382985e-16,1.0000015598391103,1.0000008595022805,5.490694552066569e-15
6.285,1.0000015443184362,1.00000085095008,1.0172269003201223e-15,1.0000015443184158,1.000000850950079,5.6129889170604155e-15
6.29,1.0000015289521758,1.0000008424829747,1.044423525138141e-15,1.0000015289521555,1.0000008424829734,5.756624470638284e-15
6.295,1.000001513738813,1.0000008341001185,1.0614412052602445e-15,1.000001513738793,1.0000008341001176,5.545470896341741e-15
6.3,1.0000014986768262,1.0000008258006732,9.546982097479834e-16,1.0000014986768064,1.000000825800672,5.846349713755031e-15
6.305,1.0000014837647093,1.000000817583809,1.0351196398029195e-15,1.0000014837646898,1.000000817583808,5.917940323218943e-15
6.3100000000000005,1.0000014690009713,1.0000008094487045,9.65811371909236e-16,1.000001469000952,1.0000008094487034,5.811932836691999e-15
6.315,1.0000014543841356,1.0000008013945454,1.0918029743331064e-15,1.0000014543841165,1.0000008013945445,5.932779447014596e-15
6.32,1.0000014399127404,1.000000793420527,1.0154786218538787e-15,1.0000014399127215,1.0000007934205262,5.89097394469235e-15
6.325,1.0000014255853387,1.0000007855258515,9.505097609349068e-16,1.0000014255853198,1.0000007855258504,5.993583049932274e-15
6.33,1.0000014114004976,1.0000007777097297,8.856280674890237e-16,1.000001411400479,1.0000007777097288,5.9448183940765694e-15
6.335,1.0000013973567985,1.0000007699713798,1.259873399642018e-15,1.00000139735678,1.0000007699713787,6.0830696545804646e-15
6.34,1.0000013834528372,1.0000007623100275,1.1585594104737038e-15,1.000001383452819,1.0000007623100267,6.00906789745365e-15
6.345,1.0000013696872232,1.0000007547249075,1.0376218858906689e-15,1.000001369687205,1.0000007547249068,6.030695711181956e-15
6.3500000000000005,1.0000013560585799,1.0000007472152608,1.1628252127034426e-15,1.0000013560585619,1.00000074721526,5.9814983834741775e-15
6.355,1.0000013425655443,1.0000007397803363,8.692476668028984e-16,1.0000013425655268,1.0000007397803354,6.051541301819648e-15
6.36,1.0000013292067673,1.0000007324193911,1.1200064792244906e-15,1.0000013292067498,1.00000073241939,6.294458931817491e-15
6.365,1.000001315980913,1.0000007251316883,1.012882209072709e-15,1.0000013159808956,1.0000007251316876,6.2074473186060244e-15
6.37,1.0000013028866586,1.0000007179164998,1.0840420116322072e-15,1.0000013028866412,1.000000717916499,6.159591127202158e-15
6.375,1.0000012899226947,1.0000007107731037,1.2483607080204298e-15,1.0000012899226776,1.0000007107731028,6.2188069880422945e-15
6.38,1.000001277087725,1.0000007037007854,8.46753536971236e-16,1.0000012770877078,1.0000007037007848,6.297569864072136e-15
6.385,1.0000012643804657,1.0000006966988384,1.1387482781841514e-15,1.0000012643804486,1.0000006966988377,6.229109679125368e-15
6.390000000000001,1.0000012517996462,1.0000006897665619,1.1302643797998849e-15,1.0000012517996293,1.0000006897665612,6.33241972035276e-15
6.3950000000000005,1.0000012393440083,1.000000682903263,1.180634833363376e-15,1.0000012393439917,1.0000006829032622,6.381358906350017e-15
6.4,1.0000012270123066,1.0000006761082552,1.1483671733405974e-15,1.0000012270122904,1.0000006761082543,6.394806386174081e-15
6.405,1.000001214803308,1.0000006693808587,1.1820235170046253e-15,1.0000012148032917,1.000000669380858,6.35666651492671e-15
6.41,1.0000012027157912,1.0000006627204014,1.2521847831267836e-15,1.0000012027157754,1.0000006627204008,6.43403377413022e-15
6.415,1.0000011907485478,1.0000006561262167,1.0792027320471404e-15,1.000001190748532,1.0000006561262162,6.341357418380247e-15
6.42,1.0000011789003809,1.0000006495976455,1.0363052854029925e-15,1.0000011789003653,1.0000006495976448,6.312732303335142e-15
6.425,1.0000011671701055,1.0000006431340345,1.0568388564330122e-15,1.0000011671700901,1.0000006431340338,6.463030901129204e-15
6.43,1.0000011555565487,1.0000006367347378,1.2100459205191558e-15,1.0000011555565336,1.0000006367347372,6.4806560051974446e-15
6.4350000000000005,1.0000011440585492,1.0000006303991156,1.272816006800621e-15,1.0000011440585341,1.0000006303991147,6.664724109743568e-15
6.44,1.0000011326749572,1.0000006241265338,1.3099467522202878e-15,1.000001132674942,1.0000006241265331,6.6042896887986776e-15
6.445,1.000001121404634,1.0000006179163652,1.1564383964533678e-15,1.0000011214046192,1.0000006179163645,6.586965816046626e-15
6.45,1.000001110246453,1.000000611767989,1.0345089509894214e-15,1.0000011102464383,1.0000006117679883,6.732198875194684e-15
6.455,1.000001099199298,1.0000006056807902,1.1036531479840959e-15,1.0000010991992834,1.0000006056807893,6.663054648126884e-15
6.46,1.0000010882620645,1.00000059965416,1.0512136025035029e-15,1.00000108826205,1.0000005996541594,6.787016694757788e-15
6.465,1.0000010774336585,1.0000005936874963,1.2046840006604785e-15,1.000001077433644,1.0000005936874956,6.85708083912957e-15
6.47,1.0000010667129973,1.0000005877802018,1.201966430124653e-15,1.000001066712983,1.000000587780201,6.807096003550462e-15
6.4750000000000005,1.0000010560990087,1.0000005819316857,1.1074326482114132e-15,1.0000010560989947,1.0000005819316853,6.873842623342383e-15
6.48,1.0000010455906314,1.0000005761413637,1.1740528383147317e-15,1.0000010455906176,1.000000576141363,6.887711912123383e-15
6.485,1.0000010351868147,1.0000005704086568,1.2557792081553985e-15,1.000001035186801,1.0000005704086559,6.9008116880731606e-15
6.49,1.0000010248865179,1.0000005647329908,1.2349087744410585e-15,1.0000010248865043,1.0000005647329904,6.8983784488252585e-15
6.495,1.000001014688711,1.0000005591137993,1.3291401335735745e-15,1.000001014688698,1.0000005591137984,7.14581144687151e-15
6.5,1.0000010045923744,1.0000005535505192,1.2164458436392915e-15,1.0000010045923613,1.0000005535505185,7.083190028589294e-15
6.505,1.0000009945964983,1.0000005480425949,1.1193979399726348e-15,1.0000009945964854,1.0000005480425944,7.10871537328319e-15
6.51,1.0000009847000833,1.0000005425894756,1.2897994669869758e-15,1.0000009847000704,1.0000005425894751,7.0715056934877146e-15
6.515000000000001,1.0000009749021395,1.0000005371906158,1.2244344563343e-15,1.0000009749021266,1.0000005371906153,7.132387190093409e-15
6.5200000000000005,1.000000965201687,1.0000005318454757,1.1799793917626793e-15,1.0000009652016746,1.0000005318454748,7.071437483070408e-15
6.525,1.000000955597756,1.0000005265535206,1.252689415791608e-15,1.0000009555977436,1.00000052655352,7.298268009332465e-15
6.53,1.000000946089386,1.0000005213142213,1.0976779157226783e-15,1.0000009460893735,1.0000005213142207,7.26362713155876e-15
6.535,1.000000936675626,1.0000005161270542,1.253450246215861e-15,1.0000009366756137,1.0000005161270535,7.225984592510842e-15
6.54,1.0000009273555348,1.0000005109915004,1.2679584944063775e-15,1.0000009273555228,1.0000005109914996,7.35452137884544e-15
6.545,1.0000009181281804,1.000000505907046,1.2452190073654266e-15,1.0000009181281684,1.0000005059070454,7.358440677720537e-15
6.55,1.0000009089926398,1.0000005008731832,1.2996589862575546e-15,1.000000908992628,1.0000005008731825,7.299517189101102e-15
6.555,1.0000008999479997,1.0000004958894078,1.2483343173301237e-15,1.000000899947988,1.0000004958894073,7.498370375544826e-15
6.5600000000000005,1.0000008909933555,1.0000004909552225,1.445544984515614e-15,1.000000890993344,1.0000004909552218,7.476475351257511e-15
6.565,1.0000008821278117,1.0000004860701328,1.389115805189531e-15,1.0000008821278004,1.0000004860701321,7.608910515840517e-15
6.57,1.0000008733504817,1.0000004812336507,1.384257539667603e-15,1.0000008733504706,1.0000004812336498,7.708594929143613e-15
6.575,1.0000008646604879,1.0000004764452923,1.411022507105246e-15,1.000000864660477,1.0000004764452912,7.629127567203621e-15
6.58,1.0000008560569613,1.000000471704579,1.389962948572785e-15,1.0000008560569504,1.0000004717045785,7.702889466642723e-15
6.585,1.0000008475390414,1.000000467011037,1.494396676054709e-15,1.0000008475390305,1.000000467011036,7.76928789865885e-15
6.59,1.0000008391058763,1.000000462364196,1.3926839166960701e-15,1.0000008391058657,1.0000004623641954,7.700168445984992e-15
6.595,1.000000830756623,1.0000004577635921,1.3393732350017555e-15,1.0000008307566124,1.0000004577635917,7.48782074162604e-15
6.6000000000000005,1.0000008224904464,1.0000004532087654,1.4196249026468935e-15,1.000000822490436,1.0000004532087647,7.725929774344369e-15
6.605,1.0000008143065198,1.0000004486992602,1.6080083465264537e-15,1.0000008143065093,1.0000004486992593,7.807688142844014e-15
6.61,1.0000008062040247,1.0000004442346246,1.6066369228012845e-15,1.0000008062040144,1.0000004442346242,7.861761905562385e-15
6.615,1.000000798182151,1.0000004398144136,1.5134346196714187e-15,1.0000007981821408,1.000000439814413,7.874474695719743e-15
6.62,1.0000007902400965,1.000000435438184,1.5249324405927689e-15,1.0000007902400863,1.0000004354381833,8.114298519118388e-15
6.625,1.000000782377067,1.0000004311054986,1.4839904865094433e-15,1.000000782377057,1.000000431105498,8.003228430818445e-15
6.63,1.0000007745922759,1.0000004268159248,1.6405833852966587e-15,1.000000774592266,1.0000004268159242,7.998647522642378e-15
6.635,1.000000766884945,1.0000004225690327,1.5832326966169414e-15,1.0000007668849353,1.0000004225690318,8.07930182988123e-15
6.640000000000001,1.0000007592543037,1.0000004183643978,1.4731978703077831e-15,1.000000759254294,1.000000418364397,8.507697351282648e-15
6.6450000000000005,1.0000007516995886,1.0000004142016,1.5703453666212208e-15,1.000000751699579,1.0000004142015992,8.239717647458235e-15
6.65,1.0000007442200443,1.000000410080223,1.6439207672365033e-15,1.000000744220035,1.0000004100802218,8.265451872428334e-15
6.655,1.0000007368149229,1.0000004059998537,1.5911753843123553e-15,1.0000007368149137,1.000000405999853,8.290410110820768e-15
6.66,1.0000007294834838,1.0000004019600852,1.6013780315063847e-15,1.0000007294834747,1.0000004019600846,8.356213445031679e-15
6.665,1.000000722224994,1.0000003979605132,1.5696494050505491e-15,1.0000007222249852,1.0000003979605128,8.293115871880529e-15
6.67,1.0000007150387276,1.0000003940007378,1.6937062521522434e-15,1.0000007150387187,1.0000003940007371,8.339891180747931e-15
6.675,1.000000707923966,1.0000003900803625,1.5248742942736568e-15,1.000000707923957,1.0000003900803618,8.513206588334349e-15
6.68,1.0000007008799974,1.0000003861989961,1.6298027424867326e-15,1.0000007008799887,1.000000386198995,8.427098285848642e-15
6.6850000000000005,1.0000006939061177,1.0000003823562496,1.6209676131076752e-15,1.000000693906109,1.0000003823562489,8.511939395756478e-15
6.69,1.0000006870016294,1.000000378551739,1.5564860352765353e-15,1.0000006870016207,1.0000003785517384,8.553117305527401e-15
6.695,1.0000006801658419,1.0000003747850843,1.531412833777727e-15,1.0000006801658332,1.0000003747850834,8.677500131226964e-15
6.7,1.0000006733980717,1.0000003710559082,1.6078295968615861e-15,1.0000006733980635,1.0000003710559073,8.695909519317858e-15
6.705,1.0000006666976422,1.0000003673638385,1.7011983296161464e-15,1.000000666697634,1.0000003673638374,8.750069297254616e-15
6.71,1.0000006600638833,1.000000363708505,1.925783965433273e-15,1.0000006600638751,1.0000003637085044,8.74901817486902e-15
6.715,1.0000006534961314,1.000000360089543,1.82098295321023e-15,1.0000006534961234,1.0000003600895424,8.77781316037535e-15
6.72,1.00000064699373,1.0000003565065902,1.8866663000653802e-15,1.000000646993722,1.0000003565065894,8.887445439187516e-15
6.7250000000000005,1.0000006405560287,1.0000003529592885,1.7671161604145862e-15,1.000000640556021,1.0000003529592878,8.888865736068926e-15
6.73,1.0000006341823837,1.000000349447283,1.800705579030938e-15,1.0000006341823757,1.0000003494472824,8.874096466968739e-15
6.735,1.0000006278721576,1.000000345970223,1.8043667867372973e-15,1.0000006278721496,1.0000003459702222,8.94644123798335e-15
6.74,1.0000006216247195,1.00000034252776,1.8375703596100455e-15,1.0000006216247117,1.0000003425277593,8.894417468553368e-15
6.745,1.0000006154394445,1.00000033911955,1.8929314538655596e-15,1.0000006154394367,1.0000003391195493,8.857876525034185e-15
6.75,1.000000609315714,1.0000003357452523,1.7804168928721945e-15,1.0000006093157066,1.0000003357452514,8.97487453347021e-15
6.755,1.000000603252916,1.0000003324045297,1.8120951300143727e-15,1.0000006032529083,1.000000332404529,8.862706803289761e-15
6.76,1.000000597250444,1.0000003290970476,1.7380815833161972e-15,1.0000005972504362,1.0000003290970467,9.183558503962107e-15
6.765000000000001,1.0000005913076975,1.0000003258224757,1.8821158317675666e-15,1.00000059130769,1.0000003258224754,9.068922945422582e-15
6.7700000000000005,1.0000005854240823,1.0000003225804865,1.857730585920058e-15,1.0000005854240748,1.0000003225804857,9.287443988071645e-15
6.775,1.0000005795990103,1.0000003193707552,1.7497402077464108e-15,1.000000579599003,1.0000003193707545,9.296124700294184e-15
6.78,1.0000005738318989,1.0000003161929616,1.904317583191277e-15,1.0000005738318916,1.0000003161929614,9.217553302561352e-15
6.785,1.0000005681221713,1.0000003130467876,1.892001268042484e-15,1.000000568122164,1.000000313046787,9.305875595160217e-15
6.79,1.0000005624692565,1.0000003099319186,1.7816732813447335e-15,1.0000005624692492,1.000000309931918,9.435023736086804e-15
6.795,1.0000005568725892,1.000000306848043,1.9103945314831396e-15,1.000000556872582,1.0000003068480425,9.382308463358217e-15
6.8,1.0000005513316097,1.0000003037948526,1.8666534143190827e-15,1.0000005513316026,1.0000003037948522,9.407229382696524e-15
6.805,1.000000545845764,1.000000300772042,1.9142090278157504e-15,1.000000545845757,1.0000003007720417,9.502718809681362e-15
6.8100000000000005,1.0000005404145034,1.000000297779309,2.000980306273295e-15,1.0000005404144965,1.000000297779308,9.686089325213288e-15
6.815,1.000000535037285,1.000000294816354,2.0999850767784985e-15,1.0000005350372783,1.0000002948163536,9.639786887079488e-15
6.82,1.0000005297135708,1.0000002918828808,2.1491213518249984e-15,1.0000005297135641,1.00000029188288,9.689960232290302e-15
6.825,1.0000005244428285,1.0000002889785964,2.1768135028668836e-15,1.0000005244428218,1.000000288978596,9.586262062454953e-15
6.83,1.0000005192245311,1.0000002861032102,2.2434051496579148e-15,1.0000005192245245,1.0000002861032093,9.614496569667138e-15
6.835,1.0000005140581567,1.0000002832564345,2.2303497454142365e-15,1.0000005140581503,1.0000002832564336,9.874390122015751e-15
6.84,1.0000005089431887,1.0000002804379848,2.23009380820383e-15,1.0000005089431825,1.0000002804379837,1.0102664028429472e-14
6.845,1.0000005038791155,1.0000002776475791,2.1427432932257418e-15,1.0000005038791093,1.0000002776475785,9.919872709903211e-15
6.8500000000000005,1.0000004988654307,1.0000002748849384,2.1749486792410995e-15,1.0000004988654245,1.0000002748849377,1.0130022005318195e-14
6.855,1.0000004939016331,1.0000002721497865,2.2739808163959905e-15,1.000000493901627,1.0000002721497858,1.0030989847374517e-14
6.86,1.0000004889872263,1.0000002694418497,2.0578199971927844e-15,1.00000048898722,1.000000269441849,1.0004795944191405e-14
6.865,1.0000004841217185,1.0000002667608572,2.1674766104352494e-15,1.0000004841217125,1.0000002667608565,1.0213500008068888e-14
6.87,1.0000004793046235,1.0000002641065413,2.3012527355149834e-15,1.0000004793046176,1.0000002641065406,1.017455003759671e-14
6.875,1.0000004745354594,1.0000002614786363,2.3180780416908574e-15,1.0000004745354534,1.0000002614786356,1.030973670182992e-14
6.88,1.0000004698137492,1.0000002588768795,2.305970164198318e-15,1.0000004698137432,1.000000258876879,1.0222534919801342e-14
6.885,1.000000465139021,1.0000002563010104,2.3095852600327553e-15,1.0000004651390153,1.0000002563010097,1.0394235437852088e-14
6.890000000000001,1.0000004605108073,1.0000002537507717,2.233216005369158e-15,1.0000004605108015,1.0000002537507713,1.0347991389534182e-14
6.8950000000000005,1.000000455928645,1.0000002512259085,2.192873414732857e-15,1.0000004559286393,1.0000002512259079,1.0501980315859701e-14
6.9,1.0000004513920762,1.000000248726168,2.346340992987887e-15,1.0000004513920704,1.0000002487261677,1.0523828350928582e-14
6.905,1.000000446900647,1.0000002462513005,2.203750996949554e-15,1.0000004469006414,1.0000002462512998,1.0571592152420337e-14
6.91,1.0000004424539082,1.000000243801058,2.2132928473242773e-15,1.0000004424539028,1.0000002438010573,1.0661359920684488e-14
6.915,1.0000004380514154,1.0000002413751958,2.1950501694808167e-15,1.0000004380514098,1.0000002413751954,1.0755608572931301e-14
6.92,1.0000004336927282,1.000000238973472,2.2005314306369646e-15,1.0000004336927226,1.0000002389734712,1.0745643829768842e-14
6.925,1.0000004293774107,1.0000002365956455,2.374108340486909e-15,1.0000004293774052,1.0000002365956446,1.089491105612597e-14
6.93,1.0000004251050314,1.0000002342414784,2.2946024202928893e-15,1.000000425105026,1.0000002342414778,1.0902894426071264e-14
6.9350000000000005,1.000000420875163,1.0000002319107362,2.402886357719974e-15,1.0000004208751576,1.0000002319107357,1.0766823363332769e-14
6.94,1.0000004166873824,1.0000002296031851,2.517822106716907e-15,1.0000004166873773,1.0000002296031845,1.0970248287214268e-14
6.945,1.0000004125412711,1.0000002273185944,2.3607572488021698e-15,1.000000412541266,1.0000002273185935,1.1055790595277758e-14
6.95,1.0000004084364145,1.000000225056736,2.4880286880015e-15,1.0000004084364094,1.0000002250567352,1.1152053653309833e-14
6.955,1.0000004043724018,1.0000002228173832,2.4388706477974964e-15,1.0000004043723967,1.0000002228173823,1.1220031857252103e-14
6.96,1.0000004003488268,1.0000002206003122,2.4971639587285734e-15,1.0000004003488216,1.0000002206003114,1.1313750512153339e-14
6.965,1.000000396365287,1.0000002184053016,2.3805140043860388e-15,1.000000396365282,1.0000002184053012,1.1084252652715095e-14
6.97,1.0000003924213843,1.0000002162321322,2.6504824086188738e-15,1.0000003924213792,1.0000002162321313,1.1331264191914077e-14
6.9750000000000005,1.000000388516724,1.0000002140805857,2.458773037270552e-15,1.000000388516719,1.000000214080585,1.1404843725740302e-14
6.98,1.0000003846509158,1.0000002119504476,2.6168412027049696e-15,1.0000003846509107,1.0000002119504472,1.1318298072935021e-14
6.985,1.0000003808235731,1.0000002098415046,2.516431200147506e-15,1.000000380823568,1.0000002098415042,1.1323881882395778e-14
6.99,1.000000377034313,1.0000002077535461,2.4362537290190335e-15,1.0000003770343082,1.0000002077535457,1.166971767676663e-14
6.995,1.000000373282757,1.0000002056863633,2.7163374198642524e-15,1.000000373282752,1.0000002056863626,1.173578176020516e-14
7.0,1.0000003695685293,1.0000002036397488,2.504292608741495e-15,1.0000003695685244,1.0000002036397484,1.1606162221370358e-14
7.005,1.000000365891259,1.000000201613499,2.4803843307192e-15,1.0000003658912542,1.0000002016134986,1.162558702186491e-14
7.01,1.0000003622505782,1.0000001996074108,2.6223774357511702e-15,1.0000003622505735,1.0000001996074104,1.1725948595947369e-14
7.015000000000001,1.0000003586461228,1.0000001976212831,2.6841509246640406e-15,1.000000358646118,1.0000001976212824,1.2010322880030623e-14
7.0200000000000005,1.0000003550775323,1.000000195654918,2.542732087066756e-15,1.0000003550775276,1.0000001956549176,1.180559391008428e-14
7.025,1.00000035154445,1.0000001937081187,2.7964911582808437e-15,1.0000003515444453,1.0000001937081182,1.1828071679139362e-14
7.03,1.0000003480465225,1.0000001917806898,2.5857217477445278e-15,1.0000003480465178,1.0000001917806893,1.2066628175518191e-14
7.035,1.0000003445834,1.0000001898724393,2.612770857387518e-15,1.0000003445833954,1.000000189872439,1.2111101579539833e-14
7.04,1.0000003411547362,1.0000001879831768,2.72547332591542e-15,1.0000003411547314,1.0000001879831764,1.1998399093924094e-14
7.045,1.0000003377601883,1.0000001861127124,2.709643391662904e-15,1.0000003377601834,1.000000186112712,1.2166240990384748e-14
7.05,1.0000003343994166,1.0000001842608592,2.6924082851716796e-15,1.0000003343994117,1.0000001842608592,1.2136868791726035e-14
7.055,1.000000331072085,1.0000001824274325,2.6967508068379435e-15,1.0000003310720804,1.0000001824274323,1.2326662061524289e-14
7.0600000000000005,1.000000327777861,1.000000180612249,2.7175153167611143e-15,1.0000003277778566,1.0000001806122487,1.2476729698898003e-14
7.065,1.0000003245164153,1.0000001788151265,2.6498852038196304e-15,1.0000003245164109,1.000000178815126,1.2548843253122776e-14
7.07,1.0000003212874216,1.0000001770358857,2.687507771716286e-15,1.0000003212874171,1.0000001770358857,1.2426247763686401e-14
7.075,1.0000003180905568,1.0000001752743486,2.636132614463637e-15,1.0000003180905523,1.0000001752743484,1.2558112351292862e-14
7.08,1.0000003149255015,1.0000001735303394,2.8604228773595002e-15,1.000000314925497,1.0000001735303394,1.245804694756408e-14
7.085,1.000000311791939,1.0000001718036833,2.696664415185138e-15,1.0000003117919343,1.000000171803683,1.2545799404989758e-14
7.09,1.000000308689556,1.0000001700942076,2.7760876342477428e-15,1.0000003086895513,1.000000170094207,1.2831344140663511e-14
7.095,1.0000003056180422,1.0000001684017414,2.8340121962303513e-15,1.0000003056180375,1.0000001684017412,1.2883307708208551e-14
7.1000000000000005,1.0000003025770905,1.0000001667261158,3.0232378546813816e-15,1.000000302577086,1.0000001667261156,1.2812211852498915e-14
7.105,1.0000002995663968,1.0000001650671628,2.9046775719044007e-15,1.0000002995663924,1.0000001650671628,1.2888648288056554e-14
7.11,1.00000029658566,1.0000001634247166,2.9781878058743344e-15,1.0000002965856556,1.0000001634247164,1.2909964212966498e-14
7.115,1.0000002936345822,1.0000001617986134,2.9855506348614284e-15,1.0000002936345775,1.000000161798613,1.2925905012095313e-14
7.12,1.000000290712868,1.0000001601886896,2.982799261495687e-15,1.0000002907128636,1.0000001601886894,1.3223713406709723e-14
7.125,1.0000002878202254,1.0000001585947853,3.110749571230756e-15,1.000000287820221,1.0000001585947849,1.3247775056047384e-14
7.13,1.0000002849563652,1.0000001570167403,2.984644491219644e-15,1.0000002849563607,1.00000015701674,1.3198564501343876e-14
7.135,1.0000002821210008,1.0000001554543974,2.9991420322317748e-15,1.0000002821209963,1.0000001554543974,1.3336078919241353e-14
7.140000000000001,1.0000002793138487,1.0000001539075998,2.9322592899029506e-15,1.0000002793138443,1.0000001539075998,1.3402961645933914e-14
7.1450000000000005,1.0000002765346283,1.0000001523761934,3.2082366558255907e-15,1.000000276534624,1.000000152376193,1.3491952232555045e-14
7.15,1.0000002737830616,1.0000001508600245,3.141722545330545e-15,1.0000002737830576,1.0000001508600243,1.3459156696549938e-14
7.155,1.0000002710588736,1.0000001493589417,2.8832410196609512e-15,1.0000002710588693,1.0000001493589417,1.3527985856963933e-14
7.16,1.0000002683617917,1.0000001478727956,3.2107192465253154e-15,1.0000002683617875,1.0000001478727951,1.339015996493083e-14
7.165,1.000000265691546,1.0000001464014359,3.161866113871174e-15,1.0000002656915419,1.000000146401436,1.3643727398174033e-14
7.17,1.00000026304787,1.0000001449447171,3.2364090030961034e-15,1.000000263047866,1.0000001449447167,1.3782140487807401e-14
7.175,1.000000260430499,1.0000001435024926,3.06683801326182e-15,1.000000260430495,1.0000001435024923,1.3780879301316033e-14
7.18,1.0000002578391711,1.0000001420746187,3.1787046851974678e-15,1.0000002578391671,1.0000001420746185,1.3964069648900766e-14
7.1850000000000005,1.0000002552736276,1.0000001406609522,3.1114682273272876e-15,1.0000002552736236,1.0000001406609522,1.4031306091943243e-14
7.19,1.0000002527336116,1.0000001392613518,3.2223685343416895e-15,1.0000002527336076,1.000000139261352,1.392040577024868e-14
7.195,1.0000002502188692,1.0000001378756782,3.4326900304211454e-15,1.0000002502188654,1.0000001378756782,1.4171489999184783e-14
7.2,1.000000247729149,1.000000136503792,3.399319062209808e-15,1.000000247729145,1.0000001365037918,1.422816459685758e-14
7.205,1.0000002452642018,1.0000001351455563,3.1747688974264836e-15,1.000000245264198,1.0000001351455565,1.4163752767472125e-14
7.21,1.0000002428237813,1.000000133800835,3.3057641244463265e-15,1.0000002428237775,1.0000001338008353,1.4136550610554723e-14
7.215,1.0000002404076433,1.0000001324694943,3.2204704501046345e-15,1.0000002404076398,1.0000001324694945,1.4440895317962826e-14
7.22,1.0000002380155464,1.0000001311514006,3.3876435367732214e-15,1.0000002380155428,1.0000001311514009,1.434524474799246e-14
7.2250000000000005,1.0000002356472513,1.0000001298464223,3.593970661814712e-15,1.0000002356472477,1.0000001298464223,1.4404575944120303e-14
7.23,1.000000233302521,1.0000001285544282,3.35725757034335e-15,1.0000002333025177,1.0000001285544282,1.4550946300829483e-14
7.235,1.0000002309811213,1.0000001272752903,3.501558296158621e-15,1.0000002309811182,1.0000001272752903,1.4653483706179864e-14
7.24,1.00000022868282,1.0000001260088798,3.481046394189484e-15,1.0000002286828167,1.0000001260088798,1.4745518125020007e-14
7.245,1.000000226407387,1.0000001247550703,3.567676096631919e-15,1.000000226407384,1.00000012475507,1.482972056854732e-14
7.25,1.000000224154595,1.0000001235137361,3.4936530891529536e-15,1.000000224154592,1.0000001235137361,1.514609825286998e-14
7.255,1.0000002219242188,1.0000001222847539,3.4484792234914224e-15,1.000000221924216,1.000000122284754,1.4902310125968315e-14
7.26,1.0000002197160351,1.0000001210679998,3.533460260764519e-15,1.0000002197160323,1.000000121068,1.498816123470345e-14
7.265000000000001,1.0000002175298233,1.0000001198633528,3.4567955587161104e-15,1.0000002175298204,1.000000119863353,1.506930937680434e-14
7.2700000000000005,1.0000002153653647,1.0000001186706926,3.5029968340026184e-15,1.000000215365362,1.0000001186706924,1.530758661296214e-14
7.275,1.0000002132224428,1.000000117489899,3.3467551746084687e-15,1.0000002132224401,1.0000001174898994,1.5398400780228524e-14
7.28,1.0000002111008435,1.000000116320855,3.573918070673619e-15,1.0000002111008408,1.0000001163208552,1.5418076014335655e-14
7.285,1.0000002090003544,1.000000115163443,3.5209191803253335e-15,1.0000002090003517,1.0000001151634428,1.5365670211090613e-14
7.29,1.0000002069207654,1.0000001140175472,3.455619197827134e-15,1.0000002069207625,1.0000001140175474,1.561238084465555e-14
7.295,1.0000002048618688,1.0000001128830536,3.637446945437369e-15,1.0000002048618661,1.0000001128830533,1.5576470000027903e-14
7.3,1.0000002028234585,1.0000001117598485,3.787533147494301e-15,1.0000002028234558,1.0000001117598483,1.5721440814495784e-14
7.305,1.0000002008053308,1.000000110647819,3.714128052925327e-15,1.0000002008053281,1.000000110647819,1.5700019720895813e-14
7.3100000000000005,1.0000001988072837,1.0000001095468547,3.75357538092276e-15,1.000000198807281,1.0000001095468547,1.56838760239038e-14
7.315,1.0000001968291177,1.000000108456845,3.642251506152918e-15,1.000000196829115,1.000000108456845,1.5847902225350656e-14
7.32,1.0000001948706347,1.0000001073776814,3.658963011633212e-15,1.000000194870632,1.0000001073776814,1.5854494351052243e-14
7.325,1.0000001929316389,1.0000001063092556,3.7759945664522235e-15,1.0000001929316362,1.0000001063092554,1.5984300925462323e-14
7.33,1.0000001910119365,1.0000001052514607,3.759304934439543e-15,1.0000001910119338,1.0000001052514602,1.6171822703092334e-14
7.335,1.0000001891113355,1.000000104204191,3.812603626613978e-15,1.0000001891113328,1.000000104204191,1.6242748868384256e-14
7.34,1.0000001872296458,1.0000001031673418,3.7248017075197296e-15,1.0000001872296431,1.0000001031673416,1.6111499729683575e-14
7.345,1.0000001853666791,1.0000001021408094,3.7519596831518815e-15,1.0000001853666765,1.0000001021408094,1.6231870255672623e-14
7.3500000000000005,1.0000001835222494,1.0000001011244912,3.833924024310605e-15,1.0000001835222467,1.000000101124491,1.6468266574191868e-14
7.355,1.000000181696172,1.0000001001182854,3.908043220431214e-15,1.0000001816961694,1.000000100118285,1.666428915070234e-14
7.36,1.0000001798882645,1.0000000991220919,3.761800432896455e-15,1.0000001798882618,1.0000000991220912,1.6806048473716876e-14
7.365,1.0000001780983458,1.0000000981358106,4.015521438439723e-15,1.0000001780983432,1.0000000981358101,1.672315961373952e-14
7.37,1.0000001763262372,1.0000000971593426,3.996543919398525e-15,1.0000001763262347,1.0000000971593423,1.6894149086138826e-14
7.375,1.0000001745717613,1.0000000961925908,3.977969325650844e-15,1.0000001745717588,1.0000000961925906,1.6817897492631845e-14
7.38,1.0000001728347427,1.0000000952354586,4.0461186100886386e-15,1.0000001728347405,1.0000000952354582,1.6996586336340376e-14
7.385,1.000000171115008,1.00000009428785,4.08995372619297e-15,1.0000001711150055,1.0000000942878495,1.6952751208063995e-14
7.390000000000001,1.0000001694123848,1.00000009334967,4.214264474314208e-15,1.0000001694123823,1.0000000933496693,1.7193408406943537e-14
7.3950000000000005,1.000000167726703,1.000000092420825,3.957030245115659e-15,1.0000001677267005,1.0000000924208248,1.7161680647601186e-14
7.4,1.000000166057794,1.0000000915012222,3.949522707669999e-15,1.0000001660577915,1.000000091501222,1.7392722668832725e-14
7.405,1.000000164405491,1.0000000905907696,3.9950282404712624e-15,1.0000001644054886,1.0000000905907693,1.736603731681004e-14
7.41,1.0000001627696287,1.0000000896893764,4.04723358801438e-15,1.0000001627696262,1.0000000896893764,1.7366534295726237e-14
7.415,1.0000001611500433,1.000000088796952,4.131883068300587e-15,1.0000001611500409,1.0000000887969516,1.766567295495027e-14
7.42,1.0000001595465733,1.0000000879134074,3.9938395381807064e-15,1.0000001595465708,1.0000000879134074,1.7590760479425545e-14
7.425,1.000000157959058,1.0000000870386545,3.949069545735539e-15,1.0000001579590556,1.0000000870386543,1.7734840086460787e-14
7.43,1.0000001563873389,1.0000000861726053,4.2027651236097e-15,1.0000001563873362,1.0000000861726048,1.7822808811034317e-14
7.4350000000000005,1.0000001548312585,1.0000000853151734,4.1599201110882075e-15,1.000000154831256,1.0000000853151731,1.8013182324911863e-14
7.44,1.0000001532906613,1.0000000844662733,4.187240450552088e-15,1.0000001532906588,1.0000000844662726,1.816117758176163e-14
7.445,1.0000001517653934,1.0000000836258194,3.998762404106823e-15,1.000000151765391,1.0000000836258192,1.8155519815955937e-14
7.45,1.0000001502553022,1.0000000827937288,4.179891612107671e-15,1.0000001502552998,1.0000000827937283,1.8240048928375166e-14
7.455,1.0000001487602366,1.0000000819699173,4.317216270404639e-15,1.0000001487602344,1.0000000819699169,1.827355641550137e-14
7.46,1.0000001472800473,1.000000081154303,4.231972614691734e-15,1.000000147280045,1.0000000811543024,1.835880006005579e-14
7.465,1.000000145814586,1.000000080346804,4.142635383488389e-15,1.0000001458145835,1.0000000803468034,1.8542963455195363e-14
7.47,1.0000001443637063,1.0000000795473398,4.02371302870355e-15,1.0000001443637039,1.0000000795473396,1.8524935786479196e-14
7.4750000000000005,1.0000001429272631,1.0000000787558303,3.955653722599166e-15,1.000000142927261,1.00000007875583,1.8692304707157403e-14
7.48,1.0000001415051127,1.0000000779721967,4.1460023575611106e-15,1.0000001415051105,1.0000000779721965,1.874431074860693e-14
7.485,1.000000140097113,1.0000000771963604,4.069144715055418e-15,1.0000001400971108,1.0000000771963602,1.8968696892530328e-14
7.49,1.0000001387031232,1.0000000764282437,4.2800337032352846e-15,1.000000138703121,1.0000000764282435,1.8833813874834572e-14
7.495,1.0000001373230039,1.0000000756677698,4.334079581828049e-15,1.0000001373230016,1.0000000756677696,1.9026606122869388e-14
7.5,1.0000001359566169,1.0000000749148628,4.3404265248085624e-15,1.0000001359566146,1.0000000749148625,1.9186607875095608e-14
7.505,1.0000001346038256,1.0000000741694473,4.425427300874851e-15,1.0000001346038234,1.0000000741694473,1.908278689450557e-14
7.51,1.000000133264495,1.000000073431449,4.490288586833554e-15,1.0000001332644928,1.0000000734314487,1.926476373498225e-14
7.515000000000001,1.0000001319384908,1.0000000727007938,4.400723318128209e-15,1.0000001319384886,1.0000000727007934,1.9449155168119795e-14
7.5200000000000005,1.0000001306256807,1.000000071977409,4.5152343101410655e-15,1.0000001306256785,1.0000000719774083,1.9452773984703606e-14
7.525,1.0000001293259333,1.0000000712612216,4.453956613916037e-15,1.000000129325931,1.000000071261221,1.9666063632253223e-14
7.53,1.0000001280391184,1.0000000705521603,4.3290899557094545e-15,1.0000001280391162,1.0000000705521603,1.981584552291762e-14
7.535,1.0000001267651077,1.0000000698501548,4.431021518342887e-15,1.0000001267651055,1.0000000698501543,1.9841010668687108e-14
7.54,1.0000001255037736,1.000000069155134,4.3035290265137035e-15,1.0000001255037714,1.0000000691551336,1.9940716056459332e-14
7.545,1.0000001242549899,1.000000068467029,4.575440776601656e-15,1.0000001242549879,1.0000000684670283,2.0090958037805415e-14
7.55,1.0000001230186317,1.0000000677857706,4.644266234231454e-15,1.0000001230186297,1.0000000677857699,2.0169661081468646e-14
7.555,1.0000001217945758,1.0000000671112907,4.489922264541302e-15,1.0000001217945738,1.0000000671112905,2.0224695416430788e-14
7.5600000000000005,1.0000001205826992,1.0000000664435222,4.43686189456892e-15,1.0000001205826972,1.0000000664435216,2.037706540093143e-14
7.565,1.0000001193828811,1.000000065782398,4.470745690889463e-15,1.0000001193828791,1.0000000657823975,2.0438007769645192e-14
7.57,1.0000001181950013,1.0000000651278522,4.647145152057548e-15,1.0000001181949996,1.0000000651278516,2.058445241471262e-14
7.575,1.0000001170189412,1.000000064479819,4.492461764854904e-15,1.0000001170189394,1.0000000644798186,2.0810658322939337e-14
7.58,1.000000115854583,1.000000063838234,4.4767141216146935e-15,1.0000001158545813,1.0000000638382336,2.0830889405723103e-14
7.585,1.0000001147018105,1.000000063203033,4.597936588350767e-15,1.0000001147018087,1.0000000632030328,2.076236926539628e-14
7.59,1.000000113560508,1.0000000625741523,4.553011460889981e-15,1.0000001135605063,1.000000062574152,2.072680495373152e-14
7.595,1.000000112430562,1.0000000619515288,4.446638029521108e-15,1.0000001124305604,1.0000000619515288,2.096188669178094e-14
7.6000000000000005,1.000000111311859,1.000000061335101,4.6513205639597645e-15,1.0000001113118573,1.0000000613351006,2.1174874438036042e-14
7.605,1.0000001102042875,1.0000000607248065,4.821466174319554e-15,1.0000001102042857,1.000000060724806,2.1175560973137155e-14
7.61,1.0000001091077364,1.0000000601205845,4.8244379649274125e-15,1.0000001091077344,1.0000000601205838,2.1343421327993445e-14
7.615,1.0000001080220962,1.0000000595223746,4.8427365085911734e-15,1.0000001080220944,1.0000000595223741,2.1643483440663022e-14
7.62,1.0000001069472582,1.000000058930117,4.6689791813111244e-15,1.0000001069472564,1.0000000589301163,2.1745718227565697e-14
7.625,1.000000105883115,1.0000000583437525,4.701494400010094e-15,1.0000001058831132,1.0000000583437523,2.151906720061267e-14
7.63,1.0000001048295601,1.0000000577632224,4.634850168168141e-15,1.0000001048295584,1.000000057763222,2.168502104709989e-14
7.635,1.0000001037864885,1.0000000571884686,4.688836101319849e-15,1.0000001037864867,1.0000000571884686,2.1850086146386754e-14
7.640000000000001,1.0000001027537955,1.0000000566194338,4.7256291603787814e-15,1.000000102753794,1.0000000566194334,2.215495738761086e-14
7.6450000000000005,1.000000101731378,1.000000056056061,4.6773172384369405e-15,1.0000001017313762,1.0000000560560607,2.2179965656372625e-14
7.65,1.0000001007191337,1.0000000554982937,4.8348611344271154e-15,1.0000001007191321,1.0000000554982933,2.229256352966676e-14
7.655,1.0000000997169614,1.0000000549460764,4.6628479669569525e-15,1.0000000997169598,1.000000054946076,2.2369750513129297e-14
7.66,1.0000000987247608,1.000000054399354,4.7673760026466004e-15,1.0000000987247593,1.0000000543993535,2.2431571174413385e-14
7.665,1.0000000977424328,1.0000000538580713,4.932653276377687e-15,1.0000000977424315,1.000000053858071,2.266066053627742e-14
7.67,1.0000000967698792,1.0000000533221745,4.960096419802139e-15,1.0000000967698779,1.0000000533221745,2.2591093544400478e-14
7.675,1.0000000958070028,1.00000005279161,5.0815175012948775e-15,1.0000000958070012,1.00000005279161,2.2644988056995358e-14
7.68,1.0000000948537071,1.0000000522663246,4.877670512727451e-15,1.0000000948537056,1.0000000522663244,2.301966719111293e-14
7.6850000000000005,1.0000000939098967,1.000000051746266,5.024213304470083e-15,1.0000000939098952,1.0000000517462657,2.287312439059518e-14
7.69,1.0000000929754775,1.0000000512313822,5.041490887184227e-15,1.0000000929754762,1.0000000512313818,2.30266789534881e-14
7.695,1.000000092050356,1.0000000507216213,5.104503394454437e-15,1.0000000920503544,1.0000000507216207,2.3153318787545148e-14
7.7,1.0000000911344396,1.0000000502169326,5.020946211770423e-15,1.000000091134438,1.0000000502169324,2.334676408033411e-14
7.705,1.0000000902276367,1.0000000497172659,5.1898890163438275e-15,1.0000000902276351,1.0000000497172656,2.3496181931477854e-14
7.71,1.0000000893298566,1.0000000492225707,5.2367301417650764e-15,1.000000089329855,1.0000000492225702,2.3719482574844028e-14
7.715,1.0000000884410096,1.0000000487327978,5.259387197948396e-15,1.000000088441008,1.0000000487327976,2.3669038417842252e-14
7.72,1.0000000875610067,1.0000000482478983,5.2216996294274484e-15,1.0000000875610051,1.000000048247898,2.388204158015168e-14
7.7250000000000005,1.00000008668976,1.0000000477678237,5.376468853662517e-15,1.0000000866897585,1.0000000477678235,2.386046410964788e-14
7.73,1.0000000858271825,1.000000047292526,5.299797774148026e-15,1.000000085827181,1.0000000472925255,2.4107967334704497e-14
7.735,1.0000000849731876,1.0000000468219572,5.270663301890079e-15,1.000000084973186,1.000000046821957,2.4303450504465324e-14
7.74,1.0000000841276901,1.000000046356071,5.494908217793453e-15,1.0000000841276886,1.000000046356071,2.4131907915121723e-14
7.745,1.0000000832906055,1.0000000458948202,5.203747920513865e-15,1.000000083290604,1.00000004589482,2.4423068204127662e-14
7.75,1.00000008246185,1.0000000454381595,5.40287202688208e-15,1.0000000824618487,1.000000045438159,2.4637130928201442e-14
7.755,1.0000000816413408,1.0000000449860422,5.535565525571416e-15,1.0000000816413392,1.000000044986042,2.4732455357843076e-14
7.76,1.0000000808289957,1.0000000445384234,5.513149233827931e-15,1.0000000808289944,1.000000044538423,2.478265873332509e-14
7.765000000000001,1.0000000800247337,1.000000044095259,5.602058620342649e-15,1.0000000800247324,1.0000000440952586,2.4936104023335733e-14
7.7700000000000005,1.0000000792284742,1.0000000436565037,5.5124972533248744e-15,1.000000079228473,1.0000000436565033,2.5101671360985392e-14
7.775,1.0000000784401377,1.0000000432221143,5.665059213988667e-15,1.0000000784401362,1.0000000432221137,2.511545809817353e-14
7.78,1.0000000776596452,1.000000042792047,5.530465234965474e-15,1.0000000776596436,1.0000000427920464,2.5501373649289655e-14
7.785,1.0000000768869186,1.0000000423662592,5.650311065479933e-15,1.0000000768869173,1.0000000423662585,2.5533539768056437e-14
7.79,1.0000000761218808,1.0000000419447075,5.554649876137766e-15,1.0000000761218797,1.000000041944707,2.5534374774436856e-14
7.795,1.0000000753644553,1.0000000415273507,5.522290936558631e-15,1.0000000753644542,1.0000000415273502,2.5638256237041513e-14
7.8,1.0000000746145663,1.0000000411141468,5.7123020984457284e-15,1.0000000746145652,1.0000000411141459,2.588921899698783e-14
7.805000000000001,1.0000000738721389,1.0000000407050542,5.7463395100882155e-15,1.000000073872138,1.0000000407050536,2.6126934952320954e-14
7.8100000000000005,1.0000000731370986,1.000000040300032,5.733640537610203e-15,1.0000000731370977,1.0000000403000315,2.611633027292033e-14
7.815,1.0000000724093723,1.00000003989904,5.754043856681144e-15,1.0000000724093714,1.0000000398990394,2.6290062743601058e-14
7.82,1.0000000716888868,1.0000000395020379,5.820349059541764e-15,1.000000071688886,1.0000000395020376,2.634798239833034e-14
7.825,1.0000000709755703,1.0000000391089858,5.863254713712111e-15,1.0000000709755696,1.0000000391089856,2.6362262518308105e-14
7.83,1.0000000702693514,1.0000000387198453,5.9781964939944436e-15,1.0000000702693508,1.0000000387198447,2.6707114856125903e-14
7.835,1.0000000695701596,1.0000000383345762,5.890272270186905e-15,1.000000069570159,1.0000000383345757,2.6681392700683518e-14
7.84,1.000000068877925,1.0000000379531409,5.8114359374465286e-15,1.0000000688779243,1.0000000379531402,2.699810026268924e-14
7.845,1.000000068192578,1.0000000375755005,5.825658269989688e-15,1.0000000681925774,1.0000000375755005,2.7036580256868403e-14
7.8500000000000005,1.0000000675140506,1.000000037201618,5.787280508323404e-15,1.00000006751405,1.0000000372016176,2.7174267633393666e-14
7.855,1.0000000668422744,1.0000000368314559,6.033741662572382e-15,1.0000000668422737,1.0000000368314552,2.7269470778146083e-14
7.86,1.0000000661771826,1.0000000364649766,6.0384666746216815e-15,1.000000066177182,1.0000000364649761,2.749276369328187e-14
7.865,1.0000000655187087,1.0000000361021442,6.156103152618048e-15,1.000000065518708,1.0000000361021435,2.7640785536023396e-14
7.87,1.0000000648667866,1.000000035742922,6.261072783834261e-15,1.0000000648667857,1.0000000357429213,2.7830872915579012e-14
7.875,1.0000000642213511,1.0000000353872738,6.141937975033003e-15,1.0000000642213505,1.0000000353872736,2.7684349388980454e-14
7.88,1.0000000635823378,1.0000000350351648,6.297651645873033e-15,1.0000000635823372,1.0000000350351639,2.7969609639181955e-14
7.885,1.000000062949683,1.0000000346865587,6.1396181610176744e-15,1.0000000629496826,1.000000034686558,2.8199165647728077e-14
7.890000000000001,1.0000000623233232,1.0000000343414217,6.132021894676158e-15,1.0000000623233225,1.0000000343414213,2.8316650021947313e-14
7.8950000000000005,1.0000000617031957,1.0000000339997188,6.249129215670363e-15,1.000000061703195,1.0000000339997184,2.831318906575087e-14
7.9,1.0000000610892386,1.0000000336614159,6.21820714344389e-15,1.000000061089238,1.0000000336614157,2.8396813464822544e-14
7.905,1.0000000604813903,1.0000000333264794,6.4761880202178846e-15,1.0000000604813897,1.0000000333264787,2.8803340995724953e-14
7.91,1.0000000598795904,1.0000000329948753,6.473376854672577e-15,1.00000005987959,1.0000000329948748,2.887767468511218e-14
7.915,1.0000000592837786,1.0000000326665708,6.5554768522713865e-15,1.0000000592837779,1.0000000326665701,2.904689625826148e-14
7.92,1.000000058693895,1.000000032341533,6.554969569959255e-15,1.0000000586938944,1.0000000323415326,2.9024099889497954e-14
7.925,1.000000058109881,1.0000000320197293,6.560141589516823e-15,1.0000000581098805,1.0000000320197289,2.9408811055528093e-14
7.930000000000001,1.0000000575316779,1.0000000317011277,6.6576678938806296e-15,1.0000000575316774,1.0000000317011273,2.931128474423863e-14
7.9350000000000005,1.000000056959228,1.0000000313856963,6.801031707466613e-15,1.0000000569592276,1.0000000313856956,2.943357925156604e-14
7.94,1.0000000563924742,1.0000000310734034,6.695991714555025e-15,1.0000000563924738,1.000000031073403,2.976663717100254e-14
7.945,1.0000000558313598,1.0000000307642178,6.806915999200166e-15,1.0000000558313593,1.0000000307642174,2.990255101003722e-14
7.95,1.0000000552758284,1.0000000304581087,6.6054502667430616e-15,1.000000055275828,1.000000030458108,3.017553926662482e-14
7.955,1.0000000547258245,1.0000000301550456,6.706362958003369e-15,1.000000054725824,1.0000000301550451,2.997980039365471e-14
7.96,1.0000000541812935,1.0000000298549978,6.736183581849721e-15,1.000000054181293,1.0000000298549974,3.0249520227132746e-14
7.965,1.0000000536421805,1.0000000295579359,6.909218894374032e-15,1.00000005364218,1.0000000295579352,3.0323323038259216e-14
7.97,1.0000000531084319,1.0000000292638294,6.746593737350629e-15,1.0000000531084317,1.0000000292638285,3.0604078007686693e-14
7.9750000000000005,1.0000000525799941,1.0000000289726492,6.788330822908378e-15,1.0000000525799937,1.0000000289726485,3.078587540171888e-14
7.98,1.0000000520568144,1.0000000286843669,7.066439851840357e-15,1.000000052056814,1.000000028684366,3.092543664899526e-14
7.985,1.0000000515388403,1.0000000283989525,7.089855575126829e-15,1.00000005153884,1.0000000283989519,3.104954942765744e-14
7.99,1.0000000510260203,1.0000000281163781,7.0598082475064755e-15,1.0000000510260199,1.0000000281163772,3.125042890130815e-14
7.995,1.0000000505183029,1.0000000278366155,6.9772972816144745e-15,1.0000000505183024,1.000000027836615,3.1214810041692844e-14
8.0,1.0000000500156374,1.0000000275596364,6.866625734145482e-15,1.000000050015637,1.000000027559636,3.155349951529799e-14
